date,prcp,tmean,tmax,site
1981-01-31,5.16,-5.35,12.4,US_Iowa
1981-02-28,26.57,-3.01,18.1,US_Iowa
1981-03-31,15.04,4.44,22.74,US_Iowa
1981-04-30,67.85,13.1,31.4,US_Iowa
1981-05-31,51.7,15.61,29.72,US_Iowa
1981-06-30,128.22,22.4,34.57,US_Iowa
1981-07-31,123.77,24.32,38.97,US_Iowa
1981-08-31,123.56,22.1,32.17,US_Iowa
1981-09-30,58.34,18.0,31.83,US_Iowa
1981-10-31,58.1,9.46,26.97,US_Iowa
1981-11-30,56.0,4.02,18.83,US_Iowa
1981-12-31,17.77,-5.4,7.32,US_Iowa
1982-01-31,57.81,-15.37,1.03,US_Iowa
1982-02-28,11.01,-7.0,18.76,US_Iowa
1982-03-31,68.64,0.92,16.57,US_Iowa
1982-04-30,77.96,6.79,24.37,US_Iowa
1982-05-31,188.7,16.98,26.61,US_Iowa
1982-06-30,75.79,17.93,28.36,US_Iowa
1982-07-31,169.5,23.19,30.21,US_Iowa
1982-08-31,110.77,21.32,32.14,US_Iowa
1982-09-30,62.81,17.12,29.77,US_Iowa
1982-10-31,87.22,10.45,25.38,US_Iowa
1982-11-30,73.06,1.02,16.73,US_Iowa
1982-12-31,96.68,-3.15,13.04,US_Iowa
1983-01-31,24.27,-6.91,3.98,US_Iowa
1983-02-28,33.41,-2.53,13.79,US_Iowa
1983-03-31,94.23,2.32,18.85,US_Iowa
1983-04-30,74.98,5.48,22.46,US_Iowa
1983-05-31,137.57,12.85,26.48,US_Iowa
1983-06-30,161.37,20.5,29.71,US_Iowa
1983-07-31,86.08,24.18,33.37,US_Iowa
1983-08-31,87.2,25.42,38.85,US_Iowa
1983-09-30,104.72,17.78,34.18,US_Iowa
1983-10-31,127.19,10.1,29.71,US_Iowa
1983-11-30,124.72,2.22,20.8,US_Iowa
1983-12-31,23.52,-15.4,0.16,US_Iowa
1984-01-31,15.3,-9.55,1.35,US_Iowa
1984-02-29,24.77,-0.6,16.06,US_Iowa
1984-03-31,40.19,-1.01,11.83,US_Iowa
1984-04-30,164.68,7.81,24.42,US_Iowa
1984-05-31,127.8,13.39,26.14,US_Iowa
1984-06-30,174.65,21.1,28.94,US_Iowa
1984-07-31,134.37,21.57,31.49,US_Iowa
1984-08-31,12.56,22.58,35.45,US_Iowa
1984-09-30,67.83,16.21,34.31,US_Iowa
1984-10-31,118.29,10.69,23.57,US_Iowa
1984-11-30,47.29,2.05,17.16,US_Iowa
1984-12-31,51.62,-4.55,14.73,US_Iowa
1985-01-31,11.07,-10.12,6.48,US_Iowa
1985-02-28,28.72,-6.34,11.58,US_Iowa
1985-03-31,61.03,3.74,18.18,US_Iowa
1985-04-30,36.76,11.34,28.74,US_Iowa
1985-05-31,49.01,17.36,29.9,US_Iowa
1985-06-30,82.73,19.78,37.26,US_Iowa
1985-07-31,56.33,24.92,38.31,US_Iowa
1985-08-31,103.87,21.67,35.19,US_Iowa
1985-09-30,129.42,17.55,35.49,US_Iowa
1985-10-31,76.21,9.69,22.29,US_Iowa
1985-11-30,38.38,-1.69,15.55,US_Iowa
1985-12-31,20.53,-12.76,1.41,US_Iowa
1986-01-31,3.3,-5.75,8.47,US_Iowa
1986-02-28,33.02,-5.77,11.47,US_Iowa
1986-03-31,62.61,4.01,25.35,US_Iowa
1986-04-30,126.19,10.55,26.51,US_Iowa
1986-05-31,131.75,15.83,27.46,US_Iowa
1986-06-30,172.15,21.1,30.58,US_Iowa
1986-07-31,125.17,23.5,31.55,US_Iowa
1986-08-31,110.53,19.02,28.27,US_Iowa
1986-09-30,165.2,17.66,28.27,US_Iowa
1986-10-31,105.92,9.88,22.47,US_Iowa
1986-11-30,28.02,-0.83,14.56,US_Iowa
1986-12-31,19.42,-4.12,4.22,US_Iowa
1987-01-31,6.53,-4.7,9.56,US_Iowa
1987-02-28,23.07,0.36,12.26,US_Iowa
1987-03-31,57.1,4.03,20.31,US_Iowa
1987-04-30,55.83,11.17,28.36,US_Iowa
1987-05-31,97.16,18.2,28.99,US_Iowa
1987-06-30,66.84,22.56,35.7,US_Iowa
1987-07-31,152.8,24.69,36.03,US_Iowa
1987-08-31,235.58,20.92,36.53,US_Iowa
1987-09-30,53.23,16.56,28.17,US_Iowa
1987-10-31,25.17,7.19,24.27,US_Iowa
1987-11-30,67.82,3.95,21.45,US_Iowa
1987-12-31,44.64,-3.43,7.74,US_Iowa
1988-01-31,13.8,-10.07,5.99,US_Iowa
1988-02-29,10.5,-7.15,13.72,US_Iowa
1988-03-31,14.82,2.58,21.96,US_Iowa
1988-04-30,38.09,8.7,25.46,US_Iowa
1988-05-31,42.26,18.87,32.25,US_Iowa
1988-06-30,45.77,25.16,40.84,US_Iowa
1988-07-31,72.38,26.73,40.26,US_Iowa
1988-08-31,102.51,26.11,41.96,US_Iowa
1988-09-30,95.08,19.13,32.43,US_Iowa
1988-10-31,10.35,7.81,25.8,US_Iowa
1988-11-30,72.67,2.39,20.22,US_Iowa
1988-12-31,16.56,-4.06,8.72,US_Iowa
1989-01-31,27.98,-2.73,12.64,US_Iowa
1989-02-28,14.07,-8.54,10.33,US_Iowa
1989-03-31,16.34,1.24,24.03,US_Iowa
1989-04-30,51.61,9.94,30.96,US_Iowa
1989-05-31,80.24,16.04,32.57,US_Iowa
1989-06-30,90.66,20.47,33.41,US_Iowa
1989-07-31,91.14,25.16,38.31,US_Iowa
1989-08-31,84.38,23.34,37.76,US_Iowa
1989-09-30,100.15,15.64,29.0,US_Iowa
1989-10-31,71.35,10.48,25.88,US_Iowa
1989-11-30,3.86,0.46,14.97,US_Iowa
1989-12-31,7.25,-9.27,8.4,US_Iowa
1990-01-31,15.86,-1.94,9.01,US_Iowa
1990-02-28,13.32,-2.51,16.29,US_Iowa
1990-03-31,132.03,3.51,21.72,US_Iowa
1990-04-30,57.82,8.64,27.01,US_Iowa
1990-05-31,165.33,13.56,26.11,US_Iowa
1990-06-30,241.76,21.43,31.35,US_Iowa
1990-07-31,200.76,21.68,33.18,US_Iowa
1990-08-31,89.66,21.74,33.1,US_Iowa
1990-09-30,37.05,18.34,33.2,US_Iowa
1990-10-31,41.5,9.75,28.73,US_Iowa
1990-11-30,42.01,4.43,21.96,US_Iowa
1990-12-31,41.87,-6.72,10.16,US_Iowa
1991-01-31,21.21,-10.52,2.61,US_Iowa
1991-02-28,4.33,-0.85,15.97,US_Iowa
1991-03-31,119.01,3.7,23.68,US_Iowa
1991-04-30,194.41,10.43,27.18,US_Iowa
1991-05-31,168.44,18.12,29.63,US_Iowa
1991-06-30,117.09,22.25,32.32,US_Iowa
1991-07-31,40.21,22.33,32.11,US_Iowa
1991-08-31,100.82,22.17,33.54,US_Iowa
1991-09-30,68.69,17.13,32.46,US_Iowa
1991-10-31,108.42,9.36,25.52,US_Iowa
1991-11-30,74.15,-3.75,12.49,US_Iowa
1991-12-31,44.1,-3.69,7.96,US_Iowa
1992-01-31,29.8,-3.4,7.31,US_Iowa
1992-02-29,36.5,-0.44,12.36,US_Iowa
1992-03-31,59.91,3.49,17.9,US_Iowa
1992-04-30,89.27,8.04,28.13,US_Iowa
1992-05-31,38.8,15.38,27.95,US_Iowa
1992-06-30,35.01,20.13,31.99,US_Iowa
1992-07-31,251.66,20.53,32.18,US_Iowa
1992-08-31,56.03,18.73,29.84,US_Iowa
1992-09-30,123.64,16.19,27.97,US_Iowa
1992-10-31,33.01,9.79,26.16,US_Iowa
1992-11-30,109.15,-0.12,11.99,US_Iowa
1992-12-31,48.32,-5.61,3.16,US_Iowa
1993-01-31,28.56,-9.83,1.03,US_Iowa
1993-02-28,29.91,-5.85,5.03,US_Iowa
1993-03-31,88.93,0.68,19.01,US_Iowa
1993-04-30,73.28,7.36,21.18,US_Iowa
1993-05-31,166.02,15.52,27.15,US_Iowa
1993-06-30,212.1,19.5,28.35,US_Iowa
1993-07-31,302.99,22.3,30.63,US_Iowa
1993-08-31,270.82,21.79,30.25,US_Iowa
1993-09-30,97.51,13.55,27.89,US_Iowa
1993-10-31,42.12,8.17,25.64,US_Iowa
1993-11-30,25.95,0.35,13.78,US_Iowa
1993-12-31,17.4,-3.84,6.21,US_Iowa
1994-01-31,29.13,-11.79,3.99,US_Iowa
1994-02-28,27.21,-7.85,13.9,US_Iowa
1994-03-31,3.03,2.44,22.1,US_Iowa
1994-04-30,62.08,8.51,28.31,US_Iowa
1994-05-31,52.14,15.56,28.5,US_Iowa
1994-06-30,166.55,21.54,31.07,US_Iowa
1994-07-31,89.21,21.76,31.35,US_Iowa
1994-08-31,95.43,20.94,34.36,US_Iowa
1994-09-30,105.21,18.31,31.86,US_Iowa
1994-10-31,56.17,11.29,25.56,US_Iowa
1994-11-30,43.03,3.57,18.74,US_Iowa
1994-12-31,34.95,-3.77,9.9,US_Iowa
1995-01-31,20.7,-6.37,6.51,US_Iowa
1995-02-28,9.23,-3.38,14.21,US_Iowa
1995-03-31,75.64,3.65,21.51,US_Iowa
1995-04-30,129.11,7.07,22.49,US_Iowa
1995-05-31,134.43,14.09,24.83,US_Iowa
1995-06-30,100.22,20.61,31.31,US_Iowa
1995-07-31,119.99,23.4,34.63,US_Iowa
1995-08-31,81.57,24.93,35.47,US_Iowa
1995-09-30,78.95,16.59,31.08,US_Iowa
1995-10-31,48.62,10.32,28.22,US_Iowa
1995-11-30,31.72,-0.7,13.24,US_Iowa
1995-12-31,11.49,-4.51,9.66,US_Iowa
1996-01-31,48.82,-9.05,9.68,US_Iowa
1996-02-29,9.19,-4.89,17.7,US_Iowa
1996-03-31,38.62,-0.68,20.19,US_Iowa
1996-04-30,40.12,7.86,26.77,US_Iowa
1996-05-31,206.62,14.04,30.67,US_Iowa
1996-06-30,133.89,20.88,31.78,US_Iowa
1996-07-31,96.77,21.53,31.85,US_Iowa
1996-08-31,102.03,22.02,32.02,US_Iowa
1996-09-30,85.48,16.98,31.79,US_Iowa
1996-10-31,69.65,10.63,27.64,US_Iowa
1996-11-30,83.15,-1.08,12.69,US_Iowa
1996-12-31,26.74,-6.8,3.95,US_Iowa
1997-01-31,22.23,-9.49,6.82,US_Iowa
1997-02-28,34.64,-3.56,11.97,US_Iowa
1997-03-31,40.57,2.69,22.78,US_Iowa
1997-04-30,91.52,6.64,23.26,US_Iowa
1997-05-31,69.06,12.79,29.13,US_Iowa
1997-06-30,115.23,22.0,33.41,US_Iowa
1997-07-31,77.45,24.44,36.89,US_Iowa
1997-08-31,42.32,23.26,35.61,US_Iowa
1997-09-30,72.67,19.33,34.8,US_Iowa
1997-10-31,92.41,11.89,34.3,US_Iowa
1997-11-30,29.23,0.39,12.72,US_Iowa
1997-12-31,25.2,-2.42,7.54,US_Iowa
1998-01-31,31.21,-5.02,11.12,US_Iowa
1998-02-28,40.19,1.04,13.67,US_Iowa
1998-03-31,84.47,0.64,24.81,US_Iowa
1998-04-30,70.77,9.97,24.18,US_Iowa
1998-05-31,117.38,18.84,30.68,US_Iowa
1998-06-30,250.23,19.85,31.75,US_Iowa
1998-07-31,98.22,23.34,33.24,US_Iowa
1998-08-31,123.81,22.91,32.21,US_Iowa
1998-09-30,26.11,20.7,33.86,US_Iowa
1998-10-31,94.66,11.56,25.02,US_Iowa
1998-11-30,26.97,4.32,19.52,US_Iowa
1998-12-31,6.8,-1.5,19.59,US_Iowa
1999-01-31,27.19,-7.92,4.29,US_Iowa
1999-02-28,18.18,0.39,16.62,US_Iowa
1999-03-31,28.9,2.53,21.74,US_Iowa
1999-04-30,117.59,9.84,23.92,US_Iowa
1999-05-31,107.59,16.28,28.61,US_Iowa
1999-06-30,149.76,20.62,30.62,US_Iowa
1999-07-31,115.26,25.85,39.02,US_Iowa
1999-08-31,109.6,22.06,33.6,US_Iowa
1999-09-30,69.45,17.0,34.08,US_Iowa
1999-10-31,32.63,10.47,27.32,US_Iowa
1999-11-30,35.97,6.35,24.33,US_Iowa
1999-12-31,11.54,-2.04,14.14,US_Iowa
2000-01-31,18.03,-5.37,7.1,US_Iowa
2000-02-29,31.58,0.71,18.38,US_Iowa
2000-03-31,14.41,5.96,24.49,US_Iowa
2000-04-30,37.34,10.37,28.19,US_Iowa
2000-05-31,72.04,18.98,35.12,US_Iowa
2000-06-30,117.53,21.44,35.88,US_Iowa
2000-07-31,111.13,23.98,34.36,US_Iowa
2000-08-31,89.84,24.3,36.29,US_Iowa
2000-09-30,50.51,18.84,37.14,US_Iowa
2000-10-31,54.15,13.07,27.23,US_Iowa
2000-11-30,54.99,-0.24,23.27,US_Iowa
2000-12-31,37.52,-11.76,5.9,US_Iowa
2001-01-31,42.18,-6.56,1.88,US_Iowa
2001-02-28,41.37,-8.77,4.13,US_Iowa
2001-03-31,34.53,-0.33,15.79,US_Iowa
2001-04-30,72.11,11.66,27.66,US_Iowa
2001-05-31,142.62,16.0,30.94,US_Iowa
2001-06-30,89.68,20.56,31.52,US_Iowa
2001-07-31,97.17,25.18,37.21,US_Iowa
2001-08-31,87.73,23.77,37.03,US_Iowa
2001-09-30,122.97,16.47,32.23,US_Iowa
2001-10-31,60.14,10.05,27.52,US_Iowa
2001-11-30,52.47,8.3,23.34,US_Iowa
2001-12-31,28.2,-1.13,19.29,US_Iowa
2002-01-31,20.2,-2.47,10.61,US_Iowa
2002-02-28,20.79,-0.98,14.8,US_Iowa
2002-03-31,13.2,-0.36,15.79,US_Iowa
2002-04-30,74.84,9.84,30.26,US_Iowa
2002-05-31,76.98,14.87,31.87,US_Iowa
2002-06-30,83.08,24.2,36.24,US_Iowa
2002-07-31,129.09,26.17,38.77,US_Iowa
2002-08-31,145.0,22.19,33.44,US_Iowa
2002-09-30,70.59,19.27,34.82,US_Iowa
2002-10-31,105.2,7.13,26.12,US_Iowa
2002-11-30,11.91,0.68,17.72,US_Iowa
2002-12-31,23.68,-2.68,7.53,US_Iowa
2003-01-31,7.8,-6.86,10.61,US_Iowa
2003-02-28,15.41,-6.17,10.82,US_Iowa
2003-03-31,22.96,1.82,23.43,US_Iowa
2003-04-30,104.84,10.48,30.44,US_Iowa
2003-05-31,114.59,15.05,28.86,US_Iowa
2003-06-30,115.1,20.19,32.85,US_Iowa
2003-07-31,112.73,23.97,37.18,US_Iowa
2003-08-31,21.51,25.39,40.1,US_Iowa
2003-09-30,60.78,17.6,33.76,US_Iowa
2003-10-31,25.74,11.91,29.44,US_Iowa
2003-11-30,99.65,2.03,18.58,US_Iowa
2003-12-31,26.05,-2.36,11.12,US_Iowa
2004-01-31,17.76,-7.54,8.14,US_Iowa
2004-02-29,29.13,-4.59,14.68,US_Iowa
2004-03-31,77.86,4.44,23.88,US_Iowa
2004-04-30,51.55,10.81,29.24,US_Iowa
2004-05-31,192.11,16.72,28.15,US_Iowa
2004-06-30,86.15,19.6,30.55,US_Iowa
2004-07-31,103.35,22.22,31.88,US_Iowa
2004-08-31,107.04,20.2,30.81,US_Iowa
2004-09-30,38.27,19.91,33.03,US_Iowa
2004-10-31,34.22,11.47,27.65,US_Iowa
2004-11-30,57.23,4.41,22.61,US_Iowa
2004-12-31,10.33,-3.0,14.13,US_Iowa
2005-01-31,20.37,-6.78,8.93,US_Iowa
2005-02-28,37.44,-0.38,14.53,US_Iowa
2005-03-31,26.1,2.47,21.94,US_Iowa
2005-04-30,85.97,12.23,27.07,US_Iowa
2005-05-31,98.27,15.41,27.81,US_Iowa
2005-06-30,123.23,23.52,35.1,US_Iowa
2005-07-31,93.5,25.67,38.78,US_Iowa
2005-08-31,65.93,23.6,37.12,US_Iowa
2005-09-30,73.64,21.48,35.07,US_Iowa
2005-10-31,11.47,11.9,30.03,US_Iowa
2005-11-30,34.23,4.44,24.71,US_Iowa
2005-12-31,25.19,-5.43,6.28,US_Iowa
2006-01-31,13.33,-0.07,12.01,US_Iowa
2006-02-28,5.11,-3.4,14.01,US_Iowa
2006-03-31,62.48,2.68,18.53,US_Iowa
2006-04-30,92.77,12.74,30.68,US_Iowa
2006-05-31,46.07,16.76,30.81,US_Iowa
2006-06-30,33.6,23.25,35.36,US_Iowa
2006-07-31,104.79,26.69,39.68,US_Iowa
2006-08-31,136.91,23.57,34.14,US_Iowa
2006-09-30,118.77,16.08,30.26,US_Iowa
2006-10-31,38.32,8.6,30.13,US_Iowa
2006-11-30,40.39,3.91,23.67,US_Iowa
2006-12-31,60.2,-0.64,12.25,US_Iowa
2007-01-31,19.77,-5.51,8.02,US_Iowa
2007-02-28,39.36,-7.94,11.54,US_Iowa
2007-03-31,71.24,5.45,25.49,US_Iowa
2007-04-30,130.56,7.87,29.37,US_Iowa
2007-05-31,142.55,17.9,29.55,US_Iowa
2007-06-30,79.13,21.36,30.65,US_Iowa
2007-07-31,68.27,24.4,35.93,US_Iowa
2007-08-31,231.18,24.37,34.16,US_Iowa
2007-09-30,74.61,18.01,30.39,US_Iowa
2007-10-31,124.36,12.66,29.09,US_Iowa
2007-11-30,3.71,2.31,20.08,US_Iowa
2007-12-31,47.1,-6.52,5.24,US_Iowa
2008-01-31,13.39,-7.48,8.82,US_Iowa
2008-02-29,35.05,-7.15,7.08,US_Iowa
2008-03-31,48.8,0.7,18.22,US_Iowa
2008-04-30,122.05,7.62,23.2,US_Iowa
2008-05-31,152.33,14.7,27.68,US_Iowa
2008-06-30,236.97,20.84,30.14,US_Iowa
2008-07-31,180.59,22.76,29.85,US_Iowa
2008-08-31,46.53,20.87,31.77,US_Iowa
2008-09-30,87.13,17.15,29.05,US_Iowa
2008-10-31,87.11,9.99,24.11,US_Iowa
2008-11-30,57.69,2.15,22.37,US_Iowa
2008-12-31,37.77,-7.84,8.82,US_Iowa
2009-01-31,21.26,-9.46,6.26,US_Iowa
2009-02-28,19.12,-3.4,14.44,US_Iowa
2009-03-31,87.22,2.58,19.84,US_Iowa
2009-04-30,108.14,8.05,27.64,US_Iowa
2009-05-31,95.42,15.41,28.35,US_Iowa
2009-06-30,123.93,20.74,32.58,US_Iowa
2009-07-31,82.28,20.63,30.03,US_Iowa
2009-08-31,122.44,21.03,32.67,US_Iowa
2009-09-30,47.12,18.08,27.85,US_Iowa
2009-10-31,161.81,7.05,20.23,US_Iowa
2009-11-30,23.73,5.69,21.01,US_Iowa
2009-12-31,59.18,-7.16,12.46,US_Iowa
2010-01-31,33.83,-11.41,0.81,US_Iowa
2010-02-28,23.46,-8.99,0.1,US_Iowa
2010-03-31,41.24,3.56,23.76,US_Iowa
2010-04-30,97.71,13.28,26.92,US_Iowa
2010-05-31,93.74,15.62,30.12,US_Iowa
2010-06-30,278.77,22.05,30.85,US_Iowa
2010-07-31,198.37,23.69,32.76,US_Iowa
2010-08-31,232.03,23.58,31.86,US_Iowa
2010-09-30,102.12,16.63,28.56,US_Iowa
2010-10-31,12.56,11.07,26.52,US_Iowa
2010-11-30,51.83,2.23,19.21,US_Iowa
2010-12-31,22.02,-6.36,11.38,US_Iowa
2011-01-31,19.41,-8.84,3.6,US_Iowa
2011-02-28,21.68,-4.25,18.32,US_Iowa
2011-03-31,26.63,2.23,19.78,US_Iowa
2011-04-30,89.55,8.47,28.07,US_Iowa
2011-05-31,120.77,15.31,32.38,US_Iowa
2011-06-30,157.5,21.33,32.58,US_Iowa
2011-07-31,72.86,25.48,34.79,US_Iowa
2011-08-31,62.49,23.41,34.97,US_Iowa
2011-09-30,38.59,16.5,35.56,US_Iowa
2011-10-31,17.54,12.46,29.22,US_Iowa
2011-11-30,51.51,3.81,22.38,US_Iowa
2011-12-31,47.59,-1.64,9.26,US_Iowa
2012-01-31,8.14,-2.85,12.92,US_Iowa
2012-02-29,36.83,-1.19,11.35,US_Iowa
2012-03-31,46.02,10.92,26.33,US_Iowa
2012-04-30,102.8,12.07,29.37,US_Iowa
2012-05-31,68.87,18.89,32.11,US_Iowa
2012-06-30,66.27,23.76,39.53,US_Iowa
2012-07-31,34.53,29.38,42.12,US_Iowa
2012-08-31,54.67,24.14,38.78,US_Iowa
2012-09-30,42.51,18.27,35.89,US_Iowa
2012-10-31,68.57,9.77,26.72,US_Iowa
2012-11-30,21.45,4.02,24.8,US_Iowa
2012-12-31,34.55,-2.36,18.81,US_Iowa
2013-01-31,15.98,-5.83,9.42,US_Iowa
2013-02-28,29.78,-3.45,8.92,US_Iowa
2013-03-31,43.56,-0.44,16.09,US_Iowa
2013-04-30,142.51,6.87,26.69,US_Iowa
2013-05-31,222.23,15.15,32.0,US_Iowa
2013-06-30,94.37,20.55,30.5,US_Iowa
2013-07-31,30.6,22.64,32.98,US_Iowa
2013-08-31,20.26,24.31,39.87,US_Iowa
2013-09-30,45.03,20.92,38.38,US_Iowa
2013-10-31,60.92,10.45,28.71,US_Iowa
2013-11-30,36.6,1.12,18.74,US_Iowa
2013-12-31,15.14,-7.29,8.33,US_Iowa
2014-01-31,5.48,-9.47,8.7,US_Iowa
2014-02-28,41.53,-8.9,10.92,US_Iowa
2014-03-31,18.93,-0.26,23.27,US_Iowa
2014-04-30,127.87,9.05,26.02,US_Iowa
2014-05-31,84.11,16.13,29.44,US_Iowa
2014-06-30,246.01,21.68,30.26,US_Iowa
2014-07-31,53.76,20.95,31.23,US_Iowa
2014-08-31,180.28,22.3,31.17,US_Iowa
2014-09-30,92.53,16.86,30.46,US_Iowa
2014-10-31,86.45,10.4,23.81,US_Iowa
2014-11-30,15.87,-1.03,14.92,US_Iowa
2014-12-31,26.87,-2.53,12.62,US_Iowa
2015-01-31,23.89,-5.48,9.49,US_Iowa
2015-02-28,14.32,-8.95,6.11,US_Iowa
2015-03-31,9.88,3.45,26.25,US_Iowa
2015-04-30,79.21,10.89,25.0,US_Iowa
2015-05-31,112.31,16.22,27.3,US_Iowa
2015-06-30,169.58,21.42,32.39,US_Iowa
2015-07-31,151.2,22.93,33.0,US_Iowa
2015-08-31,171.53,20.96,31.38,US_Iowa
2015-09-30,102.79,19.75,30.95,US_Iowa
2015-10-31,36.81,11.32,26.65,US_Iowa
2015-11-30,80.22,5.23,21.74,US_Iowa
2015-12-31,131.79,-0.65,13.09,US_Iowa
2016-01-31,19.58,-7.76,7.13,US_Iowa
2016-02-29,24.92,-2.03,16.95,US_Iowa
2016-03-31,50.71,5.6,20.52,US_Iowa
2016-04-30,74.66,10.06,25.96,US_Iowa
2016-05-31,88.56,15.62,27.57,US_Iowa
2016-06-30,67.27,22.72,32.28,US_Iowa
2016-07-31,135.3,23.59,32.44,US_Iowa
2016-08-31,154.39,22.8,32.38,US_Iowa
2016-09-30,148.86,19.67,32.61,US_Iowa
2016-10-31,25.93,12.96,26.76,US_Iowa
2016-11-30,34.77,6.48,22.23,US_Iowa
2016-12-31,33.85,-4.86,7.9,US_Iowa
2017-01-31,42.91,-4.45,8.33,US_Iowa
2017-02-28,30.88,1.0,19.77,US_Iowa
2017-03-31,65.1,3.15,22.5,US_Iowa
2017-04-30,96.18,11.11,23.8,US_Iowa
2017-05-31,98.89,15.43,29.23,US_Iowa
2017-06-30,70.36,22.51,33.38,US_Iowa
2017-07-31,43.88,25.85,36.11,US_Iowa
2017-08-31,82.68,22.01,32.93,US_Iowa
2017-09-30,56.1,21.0,34.8,US_Iowa
2017-10-31,131.45,11.38,28.23,US_Iowa
2017-11-30,7.44,2.59,17.56,US_Iowa
2017-12-31,8.56,-4.11,18.92,US_Iowa
2018-01-31,30.36,-6.99,11.79,US_Iowa
2018-02-28,36.46,-6.0,14.52,US_Iowa
2018-03-31,58.12,1.29,15.35,US_Iowa
2018-04-30,39.05,4.6,25.29,US_Iowa
2018-05-31,102.11,20.12,35.88,US_Iowa
2018-06-30,234.61,23.64,33.58,US_Iowa
2018-07-31,52.39,23.61,33.41,US_Iowa
2018-08-31,147.55,23.31,34.99,US_Iowa
2018-09-30,183.31,18.46,30.81,US_Iowa
2018-10-31,94.14,8.64,28.49,US_Iowa
2018-11-30,41.8,-1.19,14.54,US_Iowa
2018-12-31,56.48,-3.11,7.82,US_Iowa
2019-01-31,25.48,-7.61,8.7,US_Iowa
2019-02-28,54.62,-8.71,9.61,US_Iowa
2019-03-31,38.39,-0.72,19.66,US_Iowa
2019-04-30,57.16,9.53,26.59,US_Iowa
2019-05-31,185.09,14.23,28.29,US_Iowa
2019-06-30,101.6,20.86,31.12,US_Iowa
2019-07-31,76.48,23.91,31.94,US_Iowa
2019-08-31,83.31,21.4,29.43,US_Iowa
2019-09-30,123.36,21.1,30.51,US_Iowa
2019-10-31,139.09,7.77,24.17,US_Iowa
2019-11-30,36.5,-0.01,12.74,US_Iowa
2019-12-31,28.98,-1.69,12.49,US_Iowa
2020-01-31,39.13,-5.41,10.52,US_Iowa
2020-02-29,10.11,-3.17,14.14,US_Iowa
2020-03-31,68.36,4.44,20.68,US_Iowa
2020-04-30,43.74,8.24,24.86,US_Iowa
2020-05-31,114.67,14.7,27.22,US_Iowa
2020-06-30,97.7,22.78,31.65,US_Iowa
2020-07-31,45.16,25.38,35.04,US_Iowa
2020-08-31,41.35,24.11,37.37,US_Iowa
2020-09-30,87.29,17.35,34.28,US_Iowa
2020-10-31,42.33,8.27,28.96,US_Iowa
2020-11-30,45.03,4.98,23.5,US_Iowa
2020-12-31,29.04,-2.79,12.32,US_Iowa
2021-01-31,23.59,-3.95,6.88,US_Iowa
2021-02-28,15.27,-9.28,13.61,US_Iowa
2021-03-31,56.07,5.66,22.76,US_Iowa
2021-04-30,16.75,10.44,29.96,US_Iowa
2021-05-31,85.06,15.88,30.2,US_Iowa
2021-06-30,53.87,25.0,40.22,US_Iowa
2021-07-31,85.28,25.35,36.43,US_Iowa
2021-08-31,98.6,24.97,35.9,US_Iowa
2021-09-30,41.4,20.72,34.52,US_Iowa
2021-10-31,126.11,13.1,28.58,US_Iowa
2021-11-30,29.8,3.64,19.25,US_Iowa
2021-12-31,16.22,-0.07,20.71,US_Iowa
2022-01-31,19.31,-8.85,8.13,US_Iowa
2022-02-28,5.7,-5.42,14.2,US_Iowa
2022-03-31,67.85,2.58,21.65,US_Iowa
2022-04-30,79.79,7.2,24.43,US_Iowa
2022-05-31,86.12,16.73,31.9,US_Iowa
2022-06-30,112.88,22.55,33.63,US_Iowa
2022-07-31,74.5,25.4,38.46,US_Iowa
2022-08-31,85.66,24.86,39.29,US_Iowa
2022-09-30,41.96,19.59,36.17,US_Iowa
2022-10-31,17.14,11.03,27.59,US_Iowa
2022-11-30,44.6,2.54,24.46,US_Iowa
2022-12-31,41.35,-5.79,7.85,US_Iowa
2023-01-31,50.68,-5.12,10.45,US_Iowa
2023-02-28,54.74,-2.23,11.8,US_Iowa
2023-03-31,36.58,1.51,23.58,US_Iowa
2023-04-30,52.47,9.78,27.42,US_Iowa
2023-05-31,71.95,18.02,29.94,US_Iowa
2023-06-30,84.0,23.25,33.48,US_Iowa
2023-07-31,62.31,24.27,38.32,US_Iowa
2023-08-31,75.0,24.69,39.55,US_Iowa
2023-09-30,40.02,21.25,37.38,US_Iowa
2023-10-31,59.78,12.47,33.9,US_Iowa
2023-11-30,5.03,4.67,20.09,US_Iowa
2023-12-31,35.06,1.25,14.36,US_Iowa
2024-01-31,42.98,-6.92,11.17,US_Iowa
2024-02-29,5.04,2.44,23.25,US_Iowa
2024-03-31,68.7,5.35,23.51,US_Iowa
2024-04-30,86.8,11.51,28.73,US_Iowa
2024-05-31,188.62,17.56,28.96,US_Iowa
2024-06-30,113.71,22.86,32.63,US_Iowa
2024-07-31,151.39,23.61,33.82,US_Iowa
2024-08-31,57.96,23.4,39.24,US_Iowa
2024-09-30,26.39,20.68,33.01,US_Iowa
2024-10-31,42.38,14.69,34.2,US_Iowa
2024-11-30,76.83,4.88,17.82,US_Iowa
2024-12-31,34.01,-2.33,11.31,US_Iowa
2025-01-31,6.97,-7.45,10.36,US_Iowa
2025-02-28,10.05,-5.35,14.58,US_Iowa
2025-03-31,66.66,5.93,26.16,US_Iowa
2025-04-30,89.75,10.46,26.61,US_Iowa
2025-05-31,75.76,16.07,29.45,US_Iowa
2025-06-30,187.45,22.9,34.47,US_Iowa
2025-07-31,236.05,24.57,32.48,US_Iowa
2025-08-31,82.57,21.92,33.15,US_Iowa
2025-09-30,39.94,19.79,34.33,US_Iowa
2025-10-31,59.12,13.64,31.31,US_Iowa
2025-11-30,39.03,4.31,22.42,US_Iowa
2025-12-31,20.79,-4.5,8.1,US_Iowa
1981-01-31,10.59,-4.64,11.25,US_Illinois
1981-02-28,55.32,-1.54,19.57,US_Illinois
1981-03-31,32.29,4.3,27.38,US_Illinois
1981-04-30,130.88,13.87,27.92,US_Illinois
1981-05-31,168.32,14.4,26.82,US_Illinois
1981-06-30,150.66,21.92,30.59,US_Illinois
1981-07-31,217.64,23.32,32.02,US_Illinois
1981-08-31,202.72,21.45,29.9,US_Illinois
1981-09-30,53.0,17.26,28.53,US_Illinois
1981-10-31,54.79,10.21,26.84,US_Illinois
1981-11-30,48.86,5.55,20.97,US_Illinois
1981-12-31,49.54,-3.7,9.01,US_Illinois
1982-01-31,107.14,-10.99,1.72,US_Illinois
1982-02-28,35.44,-4.83,11.39,US_Illinois
1982-03-31,94.54,3.37,20.12,US_Illinois
1982-04-30,80.69,7.78,23.5,US_Illinois
1982-05-31,118.7,19.36,27.86,US_Illinois
1982-06-30,86.69,18.96,28.82,US_Illinois
1982-07-31,133.66,23.54,30.84,US_Illinois
1982-08-31,100.38,21.25,31.68,US_Illinois
1982-09-30,52.53,18.35,29.72,US_Illinois
1982-10-31,84.97,12.38,28.32,US_Illinois
1982-11-30,101.63,5.1,21.1,US_Illinois
1982-12-31,177.15,2.42,19.54,US_Illinois
1983-01-31,15.14,-2.52,6.29,US_Illinois
1983-02-28,21.33,0.25,18.45,US_Illinois
1983-03-31,92.65,4.9,19.89,US_Illinois
1983-04-30,142.94,8.3,22.68,US_Illinois
1983-05-31,125.83,14.25,24.36,US_Illinois
1983-06-30,108.06,21.45,30.28,US_Illinois
1983-07-31,35.95,24.67,33.31,US_Illinois
1983-08-31,59.25,26.53,39.22,US_Illinois
1983-09-30,38.93,20.05,36.06,US_Illinois
1983-10-31,118.03,12.87,31.13,US_Illinois
1983-11-30,123.2,6.1,21.42,US_Illinois
1983-12-31,94.4,-9.0,4.48,US_Illinois
1984-01-31,16.45,-6.62,6.44,US_Illinois
1984-02-29,61.08,1.19,16.53,US_Illinois
1984-03-31,106.75,0.21,15.85,US_Illinois
1984-04-30,127.16,9.29,25.91,US_Illinois
1984-05-31,149.18,14.22,26.47,US_Illinois
1984-06-30,44.36,22.31,29.69,US_Illinois
1984-07-31,84.53,21.74,31.1,US_Illinois
1984-08-31,24.78,24.06,38.27,US_Illinois
1984-09-30,103.25,18.24,36.88,US_Illinois
1984-10-31,106.47,14.41,26.86,US_Illinois
1984-11-30,97.79,3.74,19.69,US_Illinois
1984-12-31,101.59,1.15,18.25,US_Illinois
1985-01-31,15.64,-9.91,1.48,US_Illinois
1985-02-28,86.78,-4.97,17.5,US_Illinois
1985-03-31,118.94,5.49,24.63,US_Illinois
1985-04-30,68.47,12.56,25.39,US_Illinois
1985-05-31,61.12,17.38,28.79,US_Illinois
1985-06-30,128.18,19.65,30.16,US_Illinois
1985-07-31,83.85,22.77,30.8,US_Illinois
1985-08-31,139.29,20.98,30.25,US_Illinois
1985-09-30,25.78,19.36,32.82,US_Illinois
1985-10-31,97.25,13.55,28.09,US_Illinois
1985-11-30,200.01,5.31,20.24,US_Illinois
1985-12-31,60.1,-8.9,6.37,US_Illinois
1986-01-31,1.51,-3.65,13.6,US_Illinois
1986-02-28,55.13,-2.1,11.31,US_Illinois
1986-03-31,27.75,5.18,25.63,US_Illinois
1986-04-30,59.52,12.26,27.25,US_Illinois
1986-05-31,71.95,17.42,27.84,US_Illinois
1986-06-30,140.96,22.22,31.58,US_Illinois
1986-07-31,150.36,24.71,33.6,US_Illinois
1986-08-31,35.69,20.73,34.02,US_Illinois
1986-09-30,198.89,20.9,30.17,US_Illinois
1986-10-31,100.31,12.07,24.06,US_Illinois
1986-11-30,70.9,1.94,17.75,US_Illinois
1986-12-31,30.93,-1.19,9.69,US_Illinois
1987-01-31,45.93,-4.63,7.81,US_Illinois
1987-02-28,19.28,0.67,11.26,US_Illinois
1987-03-31,31.9,5.84,20.76,US_Illinois
1987-04-30,60.73,10.91,28.47,US_Illinois
1987-05-31,41.25,19.51,29.67,US_Illinois
1987-06-30,86.83,23.38,36.01,US_Illinois
1987-07-31,101.13,25.53,35.13,US_Illinois
1987-08-31,88.67,24.13,37.85,US_Illinois
1987-09-30,36.74,19.88,33.27,US_Illinois
1987-10-31,35.53,8.87,23.75,US_Illinois
1987-11-30,104.25,6.62,25.56,US_Illinois
1987-12-31,126.5,-0.77,14.12,US_Illinois
1988-01-31,57.48,-6.18,14.02,US_Illinois
1988-02-29,28.02,-4.28,12.29,US_Illinois
1988-03-31,72.58,3.61,21.25,US_Illinois
1988-04-30,34.57,10.05,26.17,US_Illinois
1988-05-31,39.5,17.47,30.62,US_Illinois
1988-06-30,18.38,23.13,39.41,US_Illinois
1988-07-31,46.17,27.34,40.49,US_Illinois
1988-08-31,44.62,26.8,40.49,US_Illinois
1988-09-30,48.17,21.0,33.18,US_Illinois
1988-10-31,38.08,9.01,25.64,US_Illinois
1988-11-30,126.83,4.9,19.67,US_Illinois
1988-12-31,71.79,-1.9,15.25,US_Illinois
1989-01-31,29.75,0.12,17.63,US_Illinois
1989-02-28,32.86,-5.08,9.84,US_Illinois
1989-03-31,45.38,4.18,23.51,US_Illinois
1989-04-30,128.75,10.2,28.17,US_Illinois
1989-05-31,107.72,15.02,29.08,US_Illinois
1989-06-30,46.22,21.14,30.43,US_Illinois
1989-07-31,84.01,24.51,35.14,US_Illinois
1989-08-31,105.07,24.09,35.44,US_Illinois
1989-09-30,113.76,16.95,29.7,US_Illinois
1989-10-31,26.53,12.36,27.91,US_Illinois
1989-11-30,28.78,4.24,22.79,US_Illinois
1989-12-31,16.55,-7.74,9.32,US_Illinois
1990-01-31,42.2,0.93,16.72,US_Illinois
1990-02-28,127.95,0.76,16.0,US_Illinois
1990-03-31,68.48,6.19,24.97,US_Illinois
1990-04-30,47.1,10.22,26.31,US_Illinois
1990-05-31,191.41,15.13,26.46,US_Illinois
1990-06-30,197.87,21.61,30.12,US_Illinois
1990-07-31,108.36,22.2,32.09,US_Illinois
1990-08-31,83.77,22.16,33.82,US_Illinois
1990-09-30,45.78,19.77,35.7,US_Illinois
1990-10-31,133.02,10.74,28.73,US_Illinois
1990-11-30,93.85,7.03,22.95,US_Illinois
1990-12-31,152.31,-3.01,13.58,US_Illinois
1991-01-31,36.95,-7.31,1.96,US_Illinois
1991-02-28,11.18,0.27,15.64,US_Illinois
1991-03-31,85.87,5.91,25.01,US_Illinois
1991-04-30,96.55,12.6,25.0,US_Illinois
1991-05-31,138.04,20.08,31.11,US_Illinois
1991-06-30,42.84,22.9,31.49,US_Illinois
1991-07-31,65.62,24.02,34.59,US_Illinois
1991-08-31,110.73,23.68,36.99,US_Illinois
1991-09-30,66.6,19.0,33.26,US_Illinois
1991-10-31,165.63,12.57,27.7,US_Illinois
1991-11-30,75.96,2.68,21.93,US_Illinois
1991-12-31,50.15,-0.44,17.61,US_Illinois
1992-01-31,46.66,-1.73,7.06,US_Illinois
1992-02-29,34.28,1.34,14.04,US_Illinois
1992-03-31,63.31,5.2,22.06,US_Illinois
1992-04-30,71.92,10.33,25.46,US_Illinois
1992-05-31,24.86,15.24,27.73,US_Illinois
1992-06-30,68.7,19.73,31.37,US_Illinois
1992-07-31,271.02,22.34,31.21,US_Illinois
1992-08-31,22.94,19.84,29.64,US_Illinois
1992-09-30,77.85,17.92,30.25,US_Illinois
1992-10-31,49.51,11.39,27.81,US_Illinois
1992-11-30,175.14,3.92,18.15,US_Illinois
1992-12-31,68.77,-1.76,9.27,US_Illinois
1993-01-31,102.83,-3.76,11.15,US_Illinois
1993-02-28,42.34,-3.39,11.69,US_Illinois
1993-03-31,82.7,2.38,20.88,US_Illinois
1993-04-30,128.65,9.4,21.73,US_Illinois
1993-05-31,52.91,16.68,26.99,US_Illinois
1993-06-30,187.28,20.84,29.92,US_Illinois
1993-07-31,178.58,24.31,31.42,US_Illinois
1993-08-31,121.49,23.28,31.52,US_Illinois
1993-09-30,209.48,15.69,25.94,US_Illinois
1993-10-31,72.86,9.6,24.87,US_Illinois
1993-11-30,89.37,2.92,16.51,US_Illinois
1993-12-31,34.83,-1.25,10.33,US_Illinois
1994-01-31,47.73,-6.62,8.92,US_Illinois
1994-02-28,27.68,-3.03,16.74,US_Illinois
1994-03-31,32.76,3.65,21.39,US_Illinois
1994-04-30,217.75,10.38,26.97,US_Illinois
1994-05-31,65.36,15.03,28.35,US_Illinois
1994-06-30,96.76,21.89,30.81,US_Illinois
1994-07-31,67.49,22.73,31.25,US_Illinois
1994-08-31,90.76,21.51,32.81,US_Illinois
1994-09-30,56.41,18.44,32.82,US_Illinois
1994-10-31,66.03,12.61,29.43,US_Illinois
1994-11-30,119.77,7.26,21.45,US_Illinois
1994-12-31,49.42,1.2,14.08,US_Illinois
1995-01-31,86.49,-4.0,7.45,US_Illinois
1995-02-28,19.89,-2.41,15.32,US_Illinois
1995-03-31,77.38,5.76,22.27,US_Illinois
1995-04-30,99.29,10.24,24.79,US_Illinois
1995-05-31,247.58,15.61,25.72,US_Illinois
1995-06-30,86.47,21.38,29.59,US_Illinois
1995-07-31,68.41,23.78,32.04,US_Illinois
1995-08-31,96.5,25.42,32.84,US_Illinois
1995-09-30,21.96,17.54,30.69,US_Illinois
1995-10-31,77.67,12.86,28.34,US_Illinois
1995-11-30,47.33,1.63,19.09,US_Illinois
1995-12-31,39.57,-3.29,15.68,US_Illinois
1996-01-31,50.78,-4.96,14.96,US_Illinois
1996-02-29,22.61,-1.0,21.41,US_Illinois
1996-03-31,69.94,1.47,21.06,US_Illinois
1996-04-30,102.17,9.16,23.76,US_Illinois
1996-05-31,186.72,16.74,30.27,US_Illinois
1996-06-30,91.45,21.69,31.3,US_Illinois
1996-07-31,81.07,21.85,32.36,US_Illinois
1996-08-31,54.92,23.76,35.37,US_Illinois
1996-09-30,57.09,18.57,31.96,US_Illinois
1996-10-31,46.89,12.72,28.43,US_Illinois
1996-11-30,88.9,1.21,21.02,US_Illinois
1996-12-31,22.35,-0.89,14.49,US_Illinois
1997-01-31,60.85,-6.08,20.42,US_Illinois
1997-02-28,89.0,0.58,16.37,US_Illinois
1997-03-31,63.95,5.37,25.5,US_Illinois
1997-04-30,40.98,8.43,23.72,US_Illinois
1997-05-31,82.31,14.27,29.01,US_Illinois
1997-06-30,90.74,21.4,32.04,US_Illinois
1997-07-31,41.45,24.73,38.2,US_Illinois
1997-08-31,110.61,22.99,36.01,US_Illinois
1997-09-30,71.98,19.16,32.57,US_Illinois
1997-10-31,44.42,12.6,30.82,US_Illinois
1997-11-30,98.2,3.39,19.82,US_Illinois
1997-12-31,47.31,-1.21,9.02,US_Illinois
1998-01-31,65.06,-1.27,14.73,US_Illinois
1998-02-28,66.87,3.74,16.15,US_Illinois
1998-03-31,127.22,4.28,25.29,US_Illinois
1998-04-30,120.52,11.07,23.14,US_Illinois
1998-05-31,139.87,19.31,29.99,US_Illinois
1998-06-30,211.35,21.69,31.98,US_Illinois
1998-07-31,78.66,23.37,32.03,US_Illinois
1998-08-31,120.4,22.75,31.57,US_Illinois
1998-09-30,36.13,20.7,32.3,US_Illinois
1998-10-31,82.99,13.14,26.42,US_Illinois
1998-11-30,62.43,6.32,19.67,US_Illinois
1998-12-31,29.95,1.01,21.54,US_Illinois
1999-01-31,86.64,-4.57,15.67,US_Illinois
1999-02-28,57.15,1.94,21.1,US_Illinois
1999-03-31,38.12,2.94,19.89,US_Illinois
1999-04-30,138.31,12.21,24.42,US_Illinois
1999-05-31,96.1,17.54,27.1,US_Illinois
1999-06-30,130.32,21.69,31.24,US_Illinois
1999-07-31,71.89,25.42,37.13,US_Illinois
1999-08-31,111.42,22.4,34.13,US_Illinois
1999-09-30,48.32,19.0,34.44,US_Illinois
1999-10-31,49.45,12.16,26.82,US_Illinois
1999-11-30,12.16,8.09,25.23,US_Illinois
1999-12-31,57.99,0.14,18.95,US_Illinois
2000-01-31,23.98,-2.95,15.14,US_Illinois
2000-02-29,43.44,2.73,22.45,US_Illinois
2000-03-31,49.65,7.83,25.58,US_Illinois
2000-04-30,67.03,10.93,24.87,US_Illinois
2000-05-31,86.09,18.75,30.15,US_Illinois
2000-06-30,153.4,21.52,32.58,US_Illinois
2000-07-31,96.24,23.06,31.42,US_Illinois
2000-08-31,97.19,23.85,35.88,US_Illinois
2000-09-30,82.18,19.22,35.18,US_Illinois
2000-10-31,75.62,13.64,28.83,US_Illinois
2000-11-30,84.12,2.64,24.91,US_Illinois
2000-12-31,43.23,-8.22,6.96,US_Illinois
2001-01-31,58.61,-3.94,5.04,US_Illinois
2001-02-28,82.59,-0.5,16.64,US_Illinois
2001-03-31,33.39,2.14,14.86,US_Illinois
2001-04-30,68.92,14.04,28.18,US_Illinois
2001-05-31,100.83,17.74,30.25,US_Illinois
2001-06-30,89.22,20.93,31.06,US_Illinois
2001-07-31,70.64,24.96,35.07,US_Illinois
2001-08-31,109.36,24.65,36.4,US_Illinois
2001-09-30,66.33,18.22,31.74,US_Illinois
2001-10-31,153.99,11.57,28.4,US_Illinois
2001-11-30,59.49,8.76,21.71,US_Illinois
2001-12-31,53.34,1.2,19.52,US_Illinois
2002-01-31,72.86,-0.38,14.09,US_Illinois
2002-02-28,50.3,0.12,15.25,US_Illinois
2002-03-31,69.25,2.69,18.35,US_Illinois
2002-04-30,157.07,11.8,28.51,US_Illinois
2002-05-31,204.24,14.83,30.32,US_Illinois
2002-06-30,111.38,22.76,31.33,US_Illinois
2002-07-31,95.4,24.8,32.86,US_Illinois
2002-08-31,131.98,23.1,31.73,US_Illinois
2002-09-30,49.72,20.36,32.7,US_Illinois
2002-10-31,73.56,10.85,30.47,US_Illinois
2002-11-30,19.74,3.5,18.06,US_Illinois
2002-12-31,45.77,-0.1,14.04,US_Illinois
2003-01-31,18.49,-5.34,10.3,US_Illinois
2003-02-28,35.28,-3.33,13.65,US_Illinois
2003-03-31,54.0,5.39,23.7,US_Illinois
2003-04-30,82.8,12.25,27.83,US_Illinois
2003-05-31,104.79,16.67,30.01,US_Illinois
2003-06-30,101.53,20.02,31.4,US_Illinois
2003-07-31,153.36,23.92,35.29,US_Illinois
2003-08-31,117.83,24.48,38.2,US_Illinois
2003-09-30,74.15,17.52,29.38,US_Illinois
2003-10-31,49.69,12.39,28.01,US_Illinois
2003-11-30,108.9,7.0,25.71,US_Illinois
2003-12-31,49.69,-0.07,12.14,US_Illinois
2004-01-31,44.86,-5.49,18.34,US_Illinois
2004-02-29,13.09,-1.41,16.3,US_Illinois
2004-03-31,107.51,6.48,23.77,US_Illinois
2004-04-30,51.3,12.11,28.13,US_Illinois
2004-05-31,153.18,19.13,29.78,US_Illinois
2004-06-30,82.25,21.02,30.91,US_Illinois
2004-07-31,107.95,22.8,31.73,US_Illinois
2004-08-31,116.67,21.3,32.14,US_Illinois
2004-09-30,14.17,20.01,30.42,US_Illinois
2004-10-31,142.54,12.98,27.59,US_Illinois
2004-11-30,130.77,6.57,21.96,US_Illinois
2004-12-31,34.86,-0.54,17.35,US_Illinois
2005-01-31,156.52,-3.18,16.68,US_Illinois
2005-02-28,45.78,1.08,17.88,US_Illinois
2005-03-31,32.04,3.35,21.84,US_Illinois
2005-04-30,51.26,12.41,26.59,US_Illinois
2005-05-31,46.33,16.0,28.35,US_Illinois
2005-06-30,44.47,23.79,35.74,US_Illinois
2005-07-31,82.1,25.86,38.99,US_Illinois
2005-08-31,77.35,25.55,36.35,US_Illinois
2005-09-30,91.13,22.11,35.03,US_Illinois
2005-10-31,62.71,13.34,30.46,US_Illinois
2005-11-30,80.91,6.34,23.19,US_Illinois
2005-12-31,37.05,-3.51,10.91,US_Illinois
2006-01-31,55.87,2.44,15.57,US_Illinois
2006-02-28,12.12,-0.73,18.24,US_Illinois
2006-03-31,87.35,5.13,23.07,US_Illinois
2006-04-30,124.84,13.74,27.84,US_Illinois
2006-05-31,62.33,16.54,31.07,US_Illinois
2006-06-30,56.28,21.53,32.34,US_Illinois
2006-07-31,114.92,25.77,36.55,US_Illinois
2006-08-31,105.85,24.11,36.76,US_Illinois
2006-09-30,61.58,18.07,31.07,US_Illinois
2006-10-31,82.11,10.72,32.39,US_Illinois
2006-11-30,94.44,5.97,22.93,US_Illinois
2006-12-31,81.2,0.5,14.36,US_Illinois
2007-01-31,70.77,-1.6,11.79,US_Illinois
2007-02-28,57.78,-6.37,9.77,US_Illinois
2007-03-31,86.02,8.72,25.36,US_Illinois
2007-04-30,79.12,9.7,28.65,US_Illinois
2007-05-31,69.46,19.18,29.45,US_Illinois
2007-06-30,107.39,22.41,32.23,US_Illinois
2007-07-31,70.88,22.74,32.26,US_Illinois
2007-08-31,59.94,26.35,37.24,US_Illinois
2007-09-30,42.35,21.72,35.64,US_Illinois
2007-10-31,93.57,15.63,32.51,US_Illinois
2007-11-30,57.41,5.1,20.48,US_Illinois
2007-12-31,94.73,-1.3,15.93,US_Illinois
2008-01-31,92.35,-2.75,19.05,US_Illinois
2008-02-29,117.59,-3.27,13.34,US_Illinois
2008-03-31,86.29,3.42,19.97,US_Illinois
2008-04-30,71.67,10.34,25.22,US_Illinois
2008-05-31,134.81,14.97,28.16,US_Illinois
2008-06-30,175.81,22.3,30.37,US_Illinois
2008-07-31,189.99,23.17,30.78,US_Illinois
2008-08-31,45.55,21.47,29.71,US_Illinois
2008-09-30,249.06,18.83,30.43,US_Illinois
2008-10-31,62.56,11.41,26.29,US_Illinois
2008-11-30,29.36,3.92,21.22,US_Illinois
2008-12-31,113.55,-3.42,18.9,US_Illinois
2009-01-31,16.46,-6.13,7.75,US_Illinois
2009-02-28,55.16,-0.13,17.89,US_Illinois
2009-03-31,98.39,5.77,21.6,US_Illinois
2009-04-30,162.79,10.27,26.36,US_Illinois
2009-05-31,140.43,16.66,27.67,US_Illinois
2009-06-30,145.48,22.23,31.77,US_Illinois
2009-07-31,112.89,21.03,28.38,US_Illinois
2009-08-31,110.56,21.36,30.77,US_Illinois
2009-09-30,61.2,18.13,26.17,US_Illinois
2009-10-31,252.61,9.32,21.6,US_Illinois
2009-11-30,95.58,6.98,21.7,US_Illinois
2009-12-31,103.26,-2.13,11.98,US_Illinois
2010-01-31,37.3,-5.79,7.63,US_Illinois
2010-02-28,49.07,-3.86,5.51,US_Illinois
2010-03-31,67.55,5.67,23.4,US_Illinois
2010-04-30,79.65,14.42,26.88,US_Illinois
2010-05-31,140.33,17.43,29.98,US_Illinois
2010-06-30,230.0,24.11,31.11,US_Illinois
2010-07-31,128.27,24.85,31.69,US_Illinois
2010-08-31,81.81,24.19,33.02,US_Illinois
2010-09-30,131.83,18.71,30.01,US_Illinois
2010-10-31,33.96,12.83,27.57,US_Illinois
2010-11-30,73.44,5.29,21.68,US_Illinois
2010-12-31,49.77,-4.07,14.85,US_Illinois
2011-01-31,26.19,-5.2,4.68,US_Illinois
2011-02-28,74.36,-1.91,17.98,US_Illinois
2011-03-31,44.4,5.04,23.76,US_Illinois
2011-04-30,153.51,11.82,28.35,US_Illinois
2011-05-31,118.25,16.77,30.26,US_Illinois
2011-06-30,151.1,22.54,32.32,US_Illinois
2011-07-31,54.52,26.19,34.21,US_Illinois
2011-08-31,17.87,24.45,36.56,US_Illinois
2011-09-30,60.06,18.08,39.13,US_Illinois
2011-10-31,38.85,12.81,29.65,US_Illinois
2011-11-30,102.53,7.36,22.64,US_Illinois
2011-12-31,73.29,1.41,14.76,US_Illinois
2012-01-31,38.15,-0.62,15.77,US_Illinois
2012-02-29,32.95,1.28,16.38,US_Illinois
2012-03-31,37.87,12.4,26.8,US_Illinois
2012-04-30,83.65,12.78,28.35,US_Illinois
2012-05-31,57.07,19.89,32.59,US_Illinois
2012-06-30,27.31,23.72,41.54,US_Illinois
2012-07-31,20.5,30.02,41.96,US_Illinois
2012-08-31,95.97,24.48,38.07,US_Illinois
2012-09-30,111.41,18.44,32.16,US_Illinois
2012-10-31,118.1,10.65,26.91,US_Illinois
2012-11-30,31.65,4.1,21.84,US_Illinois
2012-12-31,62.28,2.38,20.85,US_Illinois
2013-01-31,74.71,-2.3,16.24,US_Illinois
2013-02-28,61.14,-1.66,11.19,US_Illinois
2013-03-31,58.45,1.0,16.07,US_Illinois
2013-04-30,156.41,10.35,27.02,US_Illinois
2013-05-31,213.68,17.87,28.78,US_Illinois
2013-06-30,99.99,21.45,31.12,US_Illinois
2013-07-31,70.71,22.32,31.62,US_Illinois
2013-08-31,29.23,22.79,35.38,US_Illinois
2013-09-30,33.96,20.85,36.09,US_Illinois
2013-10-31,100.12,12.42,30.04,US_Illinois
2013-11-30,46.48,3.29,22.41,US_Illinois
2013-12-31,43.94,-3.11,17.7,US_Illinois
2014-01-31,48.68,-7.13,9.64,US_Illinois
2014-02-28,61.58,-7.29,16.63,US_Illinois
2014-03-31,41.53,1.59,19.49,US_Illinois
2014-04-30,95.96,10.96,25.74,US_Illinois
2014-05-31,62.51,17.56,29.18,US_Illinois
2014-06-30,175.77,22.73,29.97,US_Illinois
2014-07-31,70.08,21.18,30.34,US_Illinois
2014-08-31,127.22,23.42,33.93,US_Illinois
2014-09-30,137.87,18.06,31.46,US_Illinois
2014-10-31,114.67,11.84,26.7,US_Illinois
2014-11-30,49.74,1.12,18.44,US_Illinois
2014-12-31,40.31,-0.02,11.48,US_Illinois
2015-01-31,40.77,-4.15,7.65,US_Illinois
2015-02-28,29.72,-6.38,9.93,US_Illinois
2015-03-31,49.73,3.37,23.33,US_Illinois
2015-04-30,76.87,12.11,25.06,US_Illinois
2015-05-31,128.78,18.44,28.37,US_Illinois
2015-06-30,219.28,22.16,30.97,US_Illinois
2015-07-31,82.58,23.24,31.61,US_Illinois
2015-08-31,55.97,22.09,31.39,US_Illinois
2015-09-30,99.22,20.64,33.25,US_Illinois
2015-10-31,39.04,13.17,27.0,US_Illinois
2015-11-30,107.69,7.77,22.66,US_Illinois
2015-12-31,189.8,4.05,19.88,US_Illinois
2016-01-31,22.15,-3.29,16.52,US_Illinois
2016-02-29,31.02,-0.18,18.82,US_Illinois
2016-03-31,89.34,8.29,22.11,US_Illinois
2016-04-30,103.73,11.52,26.29,US_Illinois
2016-05-31,78.84,16.51,28.67,US_Illinois
2016-06-30,102.5,23.28,32.11,US_Illinois
2016-07-31,152.37,24.09,30.38,US_Illinois
2016-08-31,136.01,24.12,33.24,US_Illinois
2016-09-30,95.83,20.87,31.64,US_Illinois
2016-10-31,58.0,15.12,28.4,US_Illinois
2016-11-30,77.38,7.88,25.83,US_Illinois
2016-12-31,30.55,-2.4,15.39,US_Illinois
2017-01-31,64.19,-0.6,16.86,US_Illinois
2017-02-28,17.0,4.87,20.5,US_Illinois
2017-03-31,64.92,5.77,24.5,US_Illinois
2017-04-30,158.91,14.03,26.49,US_Illinois
2017-05-31,139.46,16.43,28.94,US_Illinois
2017-06-30,66.33,22.31,31.41,US_Illinois
2017-07-31,85.75,24.75,34.19,US_Illinois
2017-08-31,54.14,22.75,35.2,US_Illinois
2017-09-30,20.84,21.22,34.69,US_Illinois
2017-10-31,136.11,14.21,29.53,US_Illinois
2017-11-30,66.37,5.09,22.62,US_Illinois
2017-12-31,12.84,-1.65,17.73,US_Illinois
2018-01-31,22.89,-4.23,15.98,US_Illinois
2018-02-28,182.75,0.11,19.55,US_Illinois
2018-03-31,87.81,2.66,14.6,US_Illinois
2018-04-30,70.13,6.99,24.66,US_Illinois
2018-05-31,83.44,21.54,32.99,US_Illinois
2018-06-30,177.58,23.76,31.95,US_Illinois
2018-07-31,111.11,23.29,31.63,US_Illinois
2018-08-31,88.51,23.6,32.15,US_Illinois
2018-09-30,104.91,21.09,33.03,US_Illinois
2018-10-31,78.14,12.46,30.46,US_Illinois
2018-11-30,70.93,1.77,13.73,US_Illinois
2018-12-31,92.92,0.77,15.41,US_Illinois
2019-01-31,69.36,-4.42,15.11,US_Illinois
2019-02-28,49.71,-1.56,15.86,US_Illinois
2019-03-31,117.0,2.68,19.64,US_Illinois
2019-04-30,122.01,11.6,25.07,US_Illinois
2019-05-31,132.59,17.77,29.33,US_Illinois
2019-06-30,128.83,21.45,32.75,US_Illinois
2019-07-31,63.14,24.46,31.98,US_Illinois
2019-08-31,79.21,23.09,31.83,US_Illinois
2019-09-30,77.77,22.58,32.48,US_Illinois
2019-10-31,112.94,11.98,31.9,US_Illinois
2019-11-30,55.23,1.92,16.02,US_Illinois
2019-12-31,40.16,1.39,17.57,US_Illinois
2020-01-31,117.26,-0.45,14.95,US_Illinois
2020-02-29,54.93,-0.84,17.2,US_Illinois
2020-03-31,89.72,6.37,21.47,US_Illinois
2020-04-30,115.72,9.71,26.02,US_Illinois
2020-05-31,122.3,15.77,29.2,US_Illinois
2020-06-30,108.91,22.33,30.27,US_Illinois
2020-07-31,146.14,24.69,31.71,US_Illinois
2020-08-31,37.2,22.61,33.72,US_Illinois
2020-09-30,55.76,19.01,31.2,US_Illinois
2020-10-31,72.8,11.46,28.42,US_Illinois
2020-11-30,71.6,7.52,24.49,US_Illinois
2020-12-31,41.91,-0.04,15.11,US_Illinois
2021-01-31,59.98,-2.0,8.47,US_Illinois
2021-02-28,42.77,-6.82,13.96,US_Illinois
2021-03-31,100.82,6.81,21.61,US_Illinois
2021-04-30,57.25,11.12,27.14,US_Illinois
2021-05-31,110.19,15.96,28.98,US_Illinois
2021-06-30,206.92,23.22,32.81,US_Illinois
2021-07-31,101.65,23.27,31.05,US_Illinois
2021-08-31,91.52,23.91,32.69,US_Illinois
2021-09-30,89.56,20.35,31.21,US_Illinois
2021-10-31,169.51,15.03,28.99,US_Illinois
2021-11-30,28.69,4.21,20.04,US_Illinois
2021-12-31,70.7,3.77,18.18,US_Illinois
2022-01-31,15.53,-5.43,7.32,US_Illinois
2022-02-28,82.72,-2.7,17.39,US_Illinois
2022-03-31,122.95,5.33,21.52,US_Illinois
2022-04-30,74.83,9.96,25.9,US_Illinois
2022-05-31,90.15,18.34,31.17,US_Illinois
2022-06-30,37.67,22.63,32.62,US_Illinois
2022-07-31,95.92,24.85,35.41,US_Illinois
2022-08-31,134.55,23.93,33.43,US_Illinois
2022-09-30,53.41,19.51,33.73,US_Illinois
2022-10-31,60.68,11.86,26.46,US_Illinois
2022-11-30,46.78,5.41,25.21,US_Illinois
2022-12-31,58.5,-0.95,15.66,US_Illinois
2023-01-31,56.69,0.5,19.11,US_Illinois
2023-02-28,67.03,2.28,17.91,US_Illinois
2023-03-31,115.1,4.43,21.47,US_Illinois
2023-04-30,46.65,11.46,26.26,US_Illinois
2023-05-31,56.3,18.16,31.02,US_Illinois
2023-06-30,60.69,22.36,33.95,US_Illinois
2023-07-31,97.43,25.02,38.52,US_Illinois
2023-08-31,96.69,23.99,36.14,US_Illinois
2023-09-30,53.32,20.85,34.47,US_Illinois
2023-10-31,100.91,13.43,31.53,US_Illinois
2023-11-30,20.96,5.92,24.72,US_Illinois
2023-12-31,69.87,3.23,17.05,US_Illinois
2024-01-31,125.25,-4.31,6.75,US_Illinois
2024-02-29,14.14,3.57,23.4,US_Illinois
2024-03-31,52.27,7.92,23.24,US_Illinois
2024-04-30,164.38,12.52,27.2,US_Illinois
2024-05-31,101.23,19.47,29.7,US_Illinois
2024-06-30,55.3,23.19,32.59,US_Illinois
2024-07-31,189.73,23.75,32.11,US_Illinois
2024-08-31,78.06,23.52,36.62,US_Illinois
2024-09-30,98.3,20.9,33.6,US_Illinois
2024-10-31,13.88,14.43,29.02,US_Illinois
2024-11-30,105.7,7.74,21.29,US_Illinois
2024-12-31,71.54,0.34,13.73,US_Illinois
2025-01-31,23.0,-5.16,8.22,US_Illinois
2025-02-28,12.29,-1.54,19.08,US_Illinois
2025-03-31,75.57,8.12,26.05,US_Illinois
2025-04-30,115.04,12.55,27.12,US_Illinois
2025-05-31,75.86,16.73,29.95,US_Illinois
2025-06-30,111.43,23.32,32.99,US_Illinois
2025-07-31,117.22,26.18,33.14,US_Illinois
2025-08-31,34.62,23.8,35.64,US_Illinois
2025-09-30,27.99,21.77,36.12,US_Illinois
2025-10-31,46.02,15.56,32.31,US_Illinois
2025-11-30,47.88,6.13,24.09,US_Illinois
2025-12-31,44.23,-1.69,21.29,US_Illinois
1981-01-31,6.34,0.56,17.98,US_Kansas
1981-02-28,0.61,2.75,26.8,US_Kansas
1981-03-31,61.07,8.18,25.59,US_Kansas
1981-04-30,46.76,17.03,35.29,US_Kansas
1981-05-31,185.9,16.49,30.2,US_Kansas
1981-06-30,129.75,24.91,39.61,US_Kansas
1981-07-31,130.83,26.9,39.81,US_Kansas
1981-08-31,60.17,24.92,38.29,US_Kansas
1981-09-30,63.66,21.27,34.61,US_Kansas
1981-10-31,71.26,12.71,29.11,US_Kansas
1981-11-30,72.93,6.58,20.96,US_Kansas
1981-12-31,3.53,0.04,17.57,US_Kansas
1982-01-31,13.05,-4.07,11.76,US_Kansas
1982-02-28,25.85,-1.47,23.62,US_Kansas
1982-03-31,48.36,6.15,24.84,US_Kansas
1982-04-30,18.34,11.18,30.24,US_Kansas
1982-05-31,145.08,18.36,31.42,US_Kansas
1982-06-30,123.28,20.45,33.43,US_Kansas
1982-07-31,92.65,26.21,37.15,US_Kansas
1982-08-31,63.03,26.83,39.28,US_Kansas
1982-09-30,44.05,21.25,36.82,US_Kansas
1982-10-31,30.57,13.33,28.56,US_Kansas
1982-11-30,15.93,4.12,21.72,US_Kansas
1982-12-31,30.97,0.29,12.81,US_Kansas
1983-01-31,25.58,-0.66,17.1,US_Kansas
1983-02-28,30.06,1.56,18.2,US_Kansas
1983-03-31,57.33,5.62,22.33,US_Kansas
1983-04-30,61.36,8.53,26.65,US_Kansas
1983-05-31,96.62,15.76,31.58,US_Kansas
1983-06-30,84.17,22.05,37.08,US_Kansas
1983-07-31,18.57,29.15,41.93,US_Kansas
1983-08-31,30.65,30.56,42.13,US_Kansas
1983-09-30,38.0,22.7,38.62,US_Kansas
1983-10-31,85.74,14.5,33.88,US_Kansas
1983-11-30,41.2,5.9,23.87,US_Kansas
1983-12-31,21.64,-8.3,7.2,US_Kansas
1984-01-31,10.42,-2.22,15.89,US_Kansas
1984-02-29,12.13,3.33,19.1,US_Kansas
1984-03-31,116.47,2.99,24.43,US_Kansas
1984-04-30,131.58,9.33,27.02,US_Kansas
1984-05-31,32.33,17.18,34.81,US_Kansas
1984-06-30,105.42,24.05,35.28,US_Kansas
1984-07-31,13.8,27.64,40.39,US_Kansas
1984-08-31,48.55,27.9,40.99,US_Kansas
1984-09-30,26.57,20.59,39.23,US_Kansas
1984-10-31,97.61,12.39,28.18,US_Kansas
1984-11-30,5.72,5.45,22.04,US_Kansas
1984-12-31,85.69,-0.12,18.42,US_Kansas
1985-01-31,22.69,-4.56,10.54,US_Kansas
1985-02-28,31.46,-0.99,15.06,US_Kansas
1985-03-31,31.72,7.61,24.07,US_Kansas
1985-04-30,128.52,14.32,30.11,US_Kansas
1985-05-31,52.88,19.03,33.05,US_Kansas
1985-06-30,112.36,22.08,36.14,US_Kansas
1985-07-31,79.2,27.43,41.75,US_Kansas
1985-08-31,115.19,24.21,38.88,US_Kansas
1985-09-30,82.7,19.78,38.31,US_Kansas
1985-10-31,95.31,12.42,28.44,US_Kansas
1985-11-30,25.78,1.42,21.03,US_Kansas
1985-12-31,8.69,-2.9,11.48,US_Kansas
1986-01-31,0.02,1.69,18.14,US_Kansas
1986-02-28,13.99,1.94,24.49,US_Kansas
1986-03-31,46.13,9.41,29.71,US_Kansas
1986-04-30,72.01,14.14,29.77,US_Kansas
1986-05-31,63.57,18.41,31.84,US_Kansas
1986-06-30,113.33,24.42,37.08,US_Kansas
1986-07-31,99.07,27.92,42.67,US_Kansas
1986-08-31,113.55,24.08,35.59,US_Kansas
1986-09-30,112.04,21.69,32.91,US_Kansas
1986-10-31,64.29,12.93,25.64,US_Kansas
1986-11-30,17.48,3.47,18.94,US_Kansas
1986-12-31,19.84,0.6,11.9,US_Kansas
1987-01-31,21.62,-0.4,16.53,US_Kansas
1987-02-28,43.1,3.87,18.94,US_Kansas
1987-03-31,165.09,6.86,22.84,US_Kansas
1987-04-30,57.63,12.54,30.38,US_Kansas
1987-05-31,118.48,19.72,29.9,US_Kansas
1987-06-30,108.15,23.67,34.89,US_Kansas
1987-07-31,80.4,25.97,38.74,US_Kansas
1987-08-31,136.75,24.66,40.15,US_Kansas
1987-09-30,32.61,20.42,33.64,US_Kansas
1987-10-31,34.59,11.88,31.08,US_Kansas
1987-11-30,17.4,6.66,25.52,US_Kansas
1987-12-31,17.58,0.41,16.1,US_Kansas
1988-01-31,20.84,-3.12,15.66,US_Kansas
1988-02-29,5.29,-0.03,20.3,US_Kansas
1988-03-31,39.8,6.08,26.89,US_Kansas
1988-04-30,51.47,11.76,27.39,US_Kansas
1988-05-31,66.75,20.03,34.38,US_Kansas
1988-06-30,42.57,26.7,42.25,US_Kansas
1988-07-31,74.67,27.39,40.95,US_Kansas
1988-08-31,36.13,28.48,41.17,US_Kansas
1988-09-30,35.5,21.34,36.85,US_Kansas
1988-10-31,13.28,12.47,28.8,US_Kansas
1988-11-30,11.53,6.57,25.96,US_Kansas
1988-12-31,5.39,2.14,17.01,US_Kansas
1989-01-31,11.76,2.2,21.9,US_Kansas
1989-02-28,8.63,-3.34,22.31,US_Kansas
1989-03-31,27.86,7.2,28.78,US_Kansas
1989-04-30,8.58,15.17,38.59,US_Kansas
1989-05-31,113.1,19.46,37.66,US_Kansas
1989-06-30,193.42,21.19,35.62,US_Kansas
1989-07-31,59.42,26.01,39.38,US_Kansas
1989-08-31,91.96,24.88,41.33,US_Kansas
1989-09-30,77.44,18.13,34.34,US_Kansas
1989-10-31,13.98,13.97,34.22,US_Kansas
1989-11-30,0.03,5.85,22.52,US_Kansas
1989-12-31,4.58,-3.03,20.01,US_Kansas
1990-01-31,17.89,1.48,18.11,US_Kansas
1990-02-28,35.53,1.62,21.75,US_Kansas
1990-03-31,72.83,7.59,23.56,US_Kansas
1990-04-30,66.02,12.05,29.75,US_Kansas
1990-05-31,141.77,16.73,33.9,US_Kansas
1990-06-30,54.02,26.77,42.13,US_Kansas
1990-07-31,96.18,26.93,43.27,US_Kansas
1990-08-31,95.52,26.0,40.9,US_Kansas
1990-09-30,57.45,23.08,39.84,US_Kansas
1990-10-31,19.27,13.18,31.28,US_Kansas
1990-11-30,41.18,8.03,27.8,US_Kansas
1990-12-31,11.52,-2.18,15.95,US_Kansas
1991-01-31,9.43,-2.98,10.89,US_Kansas
1991-02-28,1.17,4.4,20.48,US_Kansas
1991-03-31,44.82,8.05,28.22,US_Kansas
1991-04-30,60.5,13.93,28.66,US_Kansas
1991-05-31,123.15,20.72,33.95,US_Kansas
1991-06-30,51.16,25.85,39.04,US_Kansas
1991-07-31,40.79,28.87,42.07,US_Kansas
1991-08-31,79.75,25.97,40.78,US_Kansas
1991-09-30,20.63,21.17,36.4,US_Kansas
1991-10-31,35.31,13.99,33.21,US_Kansas
1991-11-30,34.58,1.83,18.39,US_Kansas
1991-12-31,47.13,1.33,15.13,US_Kansas
1992-01-31,22.28,1.48,18.32,US_Kansas
1992-02-29,16.24,4.74,21.92,US_Kansas
1992-03-31,53.41,8.43,25.22,US_Kansas
1992-04-30,22.45,13.89,34.29,US_Kansas
1992-05-31,113.74,18.17,36.45,US_Kansas
1992-06-30,189.21,20.77,32.85,US_Kansas
1992-07-31,163.5,24.43,36.84,US_Kansas
1992-08-31,120.12,21.88,33.87,US_Kansas
1992-09-30,34.4,20.7,34.08,US_Kansas
1992-10-31,69.45,12.74,28.8,US_Kansas
1992-11-30,67.5,2.12,18.69,US_Kansas
1992-12-31,32.34,-1.64,10.1,US_Kansas
1993-01-31,33.34,-3.6,12.97,US_Kansas
1993-02-28,59.76,-1.3,13.38,US_Kansas
1993-03-31,67.26,4.28,20.36,US_Kansas
1993-04-30,37.23,10.0,24.62,US_Kansas
1993-05-31,163.47,16.91,32.03,US_Kansas
1993-06-30,142.25,22.11,33.53,US_Kansas
1993-07-31,293.03,25.01,35.42,US_Kansas
1993-08-31,111.06,24.46,35.42,US_Kansas
1993-09-30,72.11,17.43,32.83,US_Kansas
1993-10-31,22.16,11.16,30.29,US_Kansas
1993-11-30,22.73,2.67,19.43,US_Kansas
1993-12-31,23.73,0.86,15.42,US_Kansas
1994-01-31,18.77,-2.71,11.31,US_Kansas
1994-02-28,15.31,-2.04,18.41,US_Kansas
1994-03-31,3.48,7.72,25.89,US_Kansas
1994-04-30,78.88,11.51,31.17,US_Kansas
1994-05-31,27.0,19.54,36.56,US_Kansas
1994-06-30,48.8,26.67,39.22,US_Kansas
1994-07-31,148.09,25.19,39.09,US_Kansas
1994-08-31,33.34,26.51,40.61,US_Kansas
1994-09-30,31.61,21.08,35.46,US_Kansas
1994-10-31,55.55,14.47,28.48,US_Kansas
1994-11-30,32.28,6.2,22.23,US_Kansas
1994-12-31,31.4,0.44,15.75,US_Kansas
1995-01-31,24.43,-0.4,15.06,US_Kansas
1995-02-28,6.18,3.76,24.1,US_Kansas
1995-03-31,54.15,6.73,28.42,US_Kansas
1995-04-30,72.11,10.77,29.56,US_Kansas
1995-05-31,264.33,14.88,27.32,US_Kansas
1995-06-30,93.83,21.11,31.95,US_Kansas
1995-07-31,75.13,26.11,40.18,US_Kansas
1995-08-31,64.63,27.33,38.71,US_Kansas
1995-09-30,64.03,19.97,38.09,US_Kansas
1995-10-31,10.61,13.25,30.54,US_Kansas
1995-11-30,2.86,5.57,21.7,US_Kansas
1995-12-31,13.55,0.14,19.03,US_Kansas
1996-01-31,8.79,-3.06,17.23,US_Kansas
1996-02-29,0.74,2.17,24.12,US_Kansas
1996-03-31,42.76,2.8,26.57,US_Kansas
1996-04-30,28.95,12.45,33.82,US_Kansas
1996-05-31,192.8,20.19,38.23,US_Kansas
1996-06-30,67.52,24.72,39.2,US_Kansas
1996-07-31,104.45,26.65,42.26,US_Kansas
1996-08-31,136.23,24.04,36.59,US_Kansas
1996-09-30,104.05,18.59,34.49,US_Kansas
1996-10-31,27.44,12.69,27.59,US_Kansas
1996-11-30,81.62,3.0,19.82,US_Kansas
1996-12-31,0.81,-0.68,16.04,US_Kansas
1997-01-31,0.74,-1.9,16.97,US_Kansas
1997-02-28,46.73,1.46,20.4,US_Kansas
1997-03-31,2.21,8.25,26.83,US_Kansas
1997-04-30,61.34,9.53,29.28,US_Kansas
1997-05-31,82.18,17.38,35.82,US_Kansas
1997-06-30,113.92,23.49,38.6,US_Kansas
1997-07-31,82.04,26.51,38.5,US_Kansas
1997-08-31,152.44,24.15,36.51,US_Kansas
1997-09-30,84.91,21.4,36.82,US_Kansas
1997-10-31,76.11,14.04,33.77,US_Kansas
1997-11-30,12.36,3.84,20.87,US_Kansas
1997-12-31,54.64,-0.87,12.06,US_Kansas
1998-01-31,40.4,-0.32,16.22,US_Kansas
1998-02-28,20.31,3.48,18.48,US_Kansas
1998-03-31,90.36,3.04,25.59,US_Kansas
1998-04-30,56.06,10.68,25.76,US_Kansas
1998-05-31,48.19,20.39,38.5,US_Kansas
1998-06-30,72.55,24.47,42.65,US_Kansas
1998-07-31,171.6,26.82,40.46,US_Kansas
1998-08-31,51.34,26.54,40.29,US_Kansas
1998-09-30,62.92,24.67,40.37,US_Kansas
1998-10-31,101.24,14.54,29.58,US_Kansas
1998-11-30,83.02,7.16,19.21,US_Kansas
1998-12-31,5.14,0.83,19.29,US_Kansas
1999-01-31,54.49,-1.15,12.23,US_Kansas
1999-02-28,2.84,4.45,22.69,US_Kansas
1999-03-31,44.14,5.66,25.14,US_Kansas
1999-04-30,111.93,11.79,26.01,US_Kansas
1999-05-31,111.48,17.87,29.82,US_Kansas
1999-06-30,138.25,22.12,31.89,US_Kansas
1999-07-31,105.78,26.82,40.12,US_Kansas
1999-08-31,84.99,25.87,39.68,US_Kansas
1999-09-30,71.55,19.1,36.04,US_Kansas
1999-10-31,3.39,13.44,29.85,US_Kansas
1999-11-30,10.81,9.62,25.53,US_Kansas
1999-12-31,23.65,1.83,19.19,US_Kansas
2000-01-31,22.08,0.05,16.43,US_Kansas
2000-02-29,48.33,4.51,22.15,US_Kansas
2000-03-31,153.65,7.09,24.27,US_Kansas
2000-04-30,43.78,12.0,29.93,US_Kansas
2000-05-31,79.39,19.7,35.55,US_Kansas
2000-06-30,104.36,22.86,34.78,US_Kansas
2000-07-31,130.35,26.52,39.7,US_Kansas
2000-08-31,6.45,29.88,41.61,US_Kansas
2000-09-30,19.19,23.02,41.1,US_Kansas
2000-10-31,120.15,15.27,36.2,US_Kansas
2000-11-30,19.08,1.96,19.38,US_Kansas
2000-12-31,13.99,-3.89,15.35,US_Kansas
2001-01-31,35.71,-0.62,13.78,US_Kansas
2001-02-28,66.82,-1.81,14.93,US_Kansas
2001-03-31,38.11,4.65,20.19,US_Kansas
2001-04-30,52.82,15.11,29.72,US_Kansas
2001-05-31,141.4,18.78,34.48,US_Kansas
2001-06-30,101.17,23.6,35.78,US_Kansas
2001-07-31,82.24,30.23,42.52,US_Kansas
2001-08-31,61.77,27.5,39.98,US_Kansas
2001-09-30,107.76,20.54,34.47,US_Kansas
2001-10-31,23.87,13.53,29.76,US_Kansas
2001-11-30,5.83,9.38,25.64,US_Kansas
2001-12-31,5.62,2.24,18.76,US_Kansas
2002-01-31,25.65,0.55,18.56,US_Kansas
2002-02-28,12.63,1.71,23.29,US_Kansas
2002-03-31,16.86,3.41,23.89,US_Kansas
2002-04-30,61.58,13.92,33.1,US_Kansas
2002-05-31,83.05,17.87,36.58,US_Kansas
2002-06-30,90.43,25.9,38.6,US_Kansas
2002-07-31,46.61,28.94,43.45,US_Kansas
2002-08-31,106.68,26.67,40.11,US_Kansas
2002-09-30,37.1,21.87,38.11,US_Kansas
2002-10-31,139.19,9.39,29.95,US_Kansas
2002-11-30,6.29,5.3,22.38,US_Kansas
2002-12-31,11.06,1.34,17.7,US_Kansas
2003-01-31,2.11,-0.46,18.17,US_Kansas
2003-02-28,27.42,-0.11,20.6,US_Kansas
2003-03-31,84.76,6.17,26.18,US_Kansas
2003-04-30,86.04,13.09,30.64,US_Kansas
2003-05-31,94.22,17.48,33.32,US_Kansas
2003-06-30,74.2,22.23,36.56,US_Kansas
2003-07-31,15.63,29.87,44.06,US_Kansas
2003-08-31,104.67,28.27,40.8,US_Kansas
2003-09-30,77.63,18.44,32.84,US_Kansas
2003-10-31,32.87,14.44,30.19,US_Kansas
2003-11-30,11.39,5.25,20.72,US_Kansas
2003-12-31,25.15,0.53,13.87,US_Kansas
2004-01-31,12.32,-1.24,15.23,US_Kansas
2004-02-29,32.63,-0.23,19.21,US_Kansas
2004-03-31,80.06,8.77,25.96,US_Kansas
2004-04-30,57.53,13.01,31.47,US_Kansas
2004-05-31,59.18,20.54,36.0,US_Kansas
2004-06-30,140.16,22.61,36.27,US_Kansas
2004-07-31,158.96,25.12,39.34,US_Kansas
2004-08-31,70.04,23.17,38.1,US_Kansas
2004-09-30,65.79,22.61,36.43,US_Kansas
2004-10-31,54.13,14.1,28.52,US_Kansas
2004-11-30,39.06,6.16,24.78,US_Kansas
2004-12-31,3.99,1.69,18.69,US_Kansas
2005-01-31,33.58,-2.64,16.39,US_Kansas
2005-02-28,50.81,3.42,19.15,US_Kansas
2005-03-31,39.58,7.0,23.14,US_Kansas
2005-04-30,59.87,12.93,27.97,US_Kansas
2005-05-31,78.2,18.85,37.45,US_Kansas
2005-06-30,129.31,24.61,39.15,US_Kansas
2005-07-31,79.14,27.0,40.81,US_Kansas
2005-08-31,127.27,25.72,40.97,US_Kansas
2005-09-30,33.08,22.77,37.37,US_Kansas
2005-10-31,47.86,14.17,33.2,US_Kansas
2005-11-30,24.9,7.5,24.57,US_Kansas
2005-12-31,10.54,-0.67,15.27,US_Kansas
2006-01-31,2.73,4.88,21.0,US_Kansas
2006-02-28,0.03,1.3,27.26,US_Kansas
2006-03-31,41.29,7.39,24.13,US_Kansas
2006-04-30,63.57,16.58,36.42,US_Kansas
2006-05-31,83.97,20.01,36.77,US_Kansas
2006-06-30,88.05,25.69,39.45,US_Kansas
2006-07-31,54.85,28.91,43.48,US_Kansas
2006-08-31,170.34,25.99,40.43,US_Kansas
2006-09-30,54.45,18.71,33.27,US_Kansas
2006-10-31,45.52,12.73,35.36,US_Kansas
2006-11-30,4.92,6.38,29.05,US_Kansas
2006-12-31,76.62,1.75,18.1,US_Kansas
2007-01-31,25.95,-2.47,13.12,US_Kansas
2007-02-28,30.66,-0.43,21.52,US_Kansas
2007-03-31,117.49,10.74,27.6,US_Kansas
2007-04-30,69.94,10.22,28.91,US_Kansas
2007-05-31,257.23,18.84,28.91,US_Kansas
2007-06-30,99.93,22.2,30.97,US_Kansas
2007-07-31,114.89,25.3,34.04,US_Kansas
2007-08-31,75.23,27.19,37.71,US_Kansas
2007-09-30,68.16,21.34,34.66,US_Kansas
2007-10-31,57.23,15.04,32.84,US_Kansas
2007-11-30,3.74,6.22,22.94,US_Kansas
2007-12-31,79.11,-2.44,20.26,US_Kansas
2008-01-31,9.35,-1.02,21.69,US_Kansas
2008-02-29,29.19,0.23,14.7,US_Kansas
2008-03-31,21.96,5.86,24.88,US_Kansas
2008-04-30,77.48,10.33,29.29,US_Kansas
2008-05-31,133.4,18.01,31.3,US_Kansas
2008-06-30,109.02,24.12,36.35,US_Kansas
2008-07-31,98.91,26.7,39.38,US_Kansas
2008-08-31,116.56,24.34,41.16,US_Kansas
2008-09-30,88.5,18.95,32.67,US_Kansas
2008-10-31,136.54,12.42,27.61,US_Kansas
2008-11-30,23.16,5.68,23.1,US_Kansas
2008-12-31,8.43,-1.52,16.92,US_Kansas
2009-01-31,1.57,-0.92,16.33,US_Kansas
2009-02-28,5.89,3.0,21.6,US_Kansas
2009-03-31,35.81,6.51,26.07,US_Kansas
2009-04-30,111.97,11.27,30.05,US_Kansas
2009-05-31,62.05,17.78,33.85,US_Kansas
2009-06-30,125.6,24.25,36.28,US_Kansas
2009-07-31,95.09,25.53,38.92,US_Kansas
2009-08-31,106.67,24.33,39.28,US_Kansas
2009-09-30,78.68,18.67,29.79,US_Kansas
2009-10-31,75.3,9.32,26.02,US_Kansas
2009-11-30,19.62,7.36,22.71,US_Kansas
2009-12-31,18.95,-3.49,14.38,US_Kansas
2010-01-31,10.31,-3.05,12.76,US_Kansas
2010-02-28,15.8,-1.2,11.46,US_Kansas
2010-03-31,45.61,6.09,26.22,US_Kansas
2010-04-30,65.02,14.36,28.73,US_Kansas
2010-05-31,90.72,17.54,31.34,US_Kansas
2010-06-30,110.15,26.1,38.58,US_Kansas
2010-07-31,125.22,27.44,39.35,US_Kansas
2010-08-31,91.04,27.61,41.84,US_Kansas
2010-09-30,63.97,22.36,35.33,US_Kansas
2010-10-31,7.76,15.29,31.57,US_Kansas
2010-11-30,61.66,5.0,23.45,US_Kansas
2010-12-31,2.34,-0.45,15.61,US_Kansas
2011-01-31,9.86,-2.42,16.53,US_Kansas
2011-02-28,15.79,-0.57,21.96,US_Kansas
2011-03-31,27.43,6.59,27.39,US_Kansas
2011-04-30,26.69,13.2,32.43,US_Kansas
2011-05-31,106.61,18.38,37.22,US_Kansas
2011-06-30,51.74,26.97,42.86,US_Kansas
2011-07-31,45.12,32.42,44.49,US_Kansas
2011-08-31,90.42,28.77,43.25,US_Kansas
2011-09-30,26.45,20.17,43.06,US_Kansas
2011-10-31,34.09,14.71,33.98,US_Kansas
2011-11-30,52.57,5.38,20.68,US_Kansas
2011-12-31,56.41,-0.05,16.31,US_Kansas
2012-01-31,2.7,1.46,19.32,US_Kansas
2012-02-29,39.41,2.32,20.61,US_Kansas
2012-03-31,48.92,12.9,28.93,US_Kansas
2012-04-30,69.79,15.92,34.27,US_Kansas
2012-05-31,29.18,22.39,38.54,US_Kansas
2012-06-30,60.22,26.91,45.09,US_Kansas
2012-07-31,28.89,31.67,42.82,US_Kansas
2012-08-31,81.23,25.58,40.73,US_Kansas
2012-09-30,45.31,20.65,39.06,US_Kansas
2012-10-31,27.43,12.19,29.22,US_Kansas
2012-11-30,16.59,7.75,25.44,US_Kansas
2012-12-31,8.77,1.11,19.91,US_Kansas
2013-01-31,17.5,0.1,21.72,US_Kansas
2013-02-28,40.52,1.32,20.98,US_Kansas
2013-03-31,20.87,5.42,28.89,US_Kansas
2013-04-30,54.42,10.02,32.98,US_Kansas
2013-05-31,116.94,18.72,38.15,US_Kansas
2013-06-30,77.59,25.33,40.88,US_Kansas
2013-07-31,163.17,26.63,42.56,US_Kansas
2013-08-31,139.94,24.65,38.03,US_Kansas
2013-09-30,53.2,22.6,39.0,US_Kansas
2013-10-31,47.63,12.86,30.79,US_Kansas
2013-11-30,18.83,4.65,20.51,US_Kansas
2013-12-31,8.72,-1.78,18.38,US_Kansas
2014-01-31,4.05,-1.31,16.11,US_Kansas
2014-02-28,13.58,-1.84,20.6,US_Kansas
2014-03-31,6.68,4.44,26.74,US_Kansas
2014-04-30,25.15,12.48,31.79,US_Kansas
2014-05-31,56.53,19.78,36.86,US_Kansas
2014-06-30,222.66,24.03,35.51,US_Kansas
2014-07-31,57.22,25.78,41.63,US_Kansas
2014-08-31,110.57,27.46,39.23,US_Kansas
2014-09-30,68.25,20.96,35.92,US_Kansas
2014-10-31,52.21,14.66,29.69,US_Kansas
2014-11-30,2.22,3.6,21.92,US_Kansas
2014-12-31,29.64,1.02,16.23,US_Kansas
2015-01-31,19.01,-0.02,21.17,US_Kansas
2015-02-28,5.6,-0.7,21.38,US_Kansas
2015-03-31,4.11,8.71,29.97,US_Kansas
2015-04-30,65.88,14.22,30.5,US_Kansas
2015-05-31,190.87,17.26,32.46,US_Kansas
2015-06-30,63.31,25.63,37.71,US_Kansas
2015-07-31,101.01,27.4,41.1,US_Kansas
2015-08-31,62.34,25.31,37.8,US_Kansas
2015-09-30,25.89,24.39,39.91,US_Kansas
2015-10-31,36.69,15.53,33.54,US_Kansas
2015-11-30,62.73,7.51,25.44,US_Kansas
2015-12-31,63.62,1.51,19.53,US_Kansas
2016-01-31,15.29,-0.81,15.67,US_Kansas
2016-02-29,11.89,4.61,27.12,US_Kansas
2016-03-31,16.6,9.92,26.1,US_Kansas
2016-04-30,137.12,13.68,29.48,US_Kansas
2016-05-31,130.33,17.54,30.06,US_Kansas
2016-06-30,66.08,26.21,39.15,US_Kansas
2016-07-31,139.38,27.26,41.66,US_Kansas
2016-08-31,134.88,24.91,38.24,US_Kansas
2016-09-30,56.0,21.82,35.32,US_Kansas
2016-10-31,19.09,16.46,32.08,US_Kansas
2016-11-30,15.79,9.49,26.12,US_Kansas
2016-12-31,17.37,-1.23,16.83,US_Kansas
2017-01-31,30.81,-0.33,18.26,US_Kansas
2017-02-28,1.4,5.29,23.15,US_Kansas
2017-03-31,67.04,8.87,30.95,US_Kansas
2017-04-30,129.5,12.76,30.66,US_Kansas
2017-05-31,133.58,17.36,30.62,US_Kansas
2017-06-30,49.69,24.98,38.73,US_Kansas
2017-07-31,38.57,28.52,42.21,US_Kansas
2017-08-31,52.25,24.32,37.44,US_Kansas
2017-09-30,59.0,22.82,38.14,US_Kansas
2017-10-31,69.64,13.98,29.57,US_Kansas
2017-11-30,2.38,7.25,26.49,US_Kansas
2017-12-31,0.71,0.52,18.41,US_Kansas
2018-01-31,4.57,-1.46,16.96,US_Kansas
2018-02-28,6.05,-0.16,21.41,US_Kansas
2018-03-31,30.69,7.66,26.52,US_Kansas
2018-04-30,28.82,9.62,32.81,US_Kansas
2018-05-31,113.88,22.85,36.47,US_Kansas
2018-06-30,94.82,26.93,39.08,US_Kansas
2018-07-31,119.72,27.1,37.56,US_Kansas
2018-08-31,114.99,25.22,38.69,US_Kansas
2018-09-30,103.16,21.1,34.31,US_Kansas
2018-10-31,189.2,11.49,34.39,US_Kansas
2018-11-30,34.07,2.86,17.21,US_Kansas
2018-12-31,44.79,0.38,12.0,US_Kansas
2019-01-31,22.66,-0.93,13.69,US_Kansas
2019-02-28,23.48,-2.58,16.92,US_Kansas
2019-03-31,38.21,4.26,21.59,US_Kansas
2019-04-30,47.58,13.02,29.78,US_Kansas
2019-05-31,281.42,16.52,31.0,US_Kansas
2019-06-30,98.4,22.32,33.84,US_Kansas
2019-07-31,35.42,25.95,37.26,US_Kansas
2019-08-31,185.37,25.34,35.29,US_Kansas
2019-09-30,30.88,24.2,34.93,US_Kansas
2019-10-31,38.63,10.1,26.29,US_Kansas
2019-11-30,9.15,4.45,23.37,US_Kansas
2019-12-31,41.24,1.73,16.93,US_Kansas
2020-01-31,31.92,0.06,13.08,US_Kansas
2020-02-29,41.17,1.38,21.63,US_Kansas
2020-03-31,28.88,8.33,26.14,US_Kansas
2020-04-30,22.47,11.8,27.75,US_Kansas
2020-05-31,100.61,16.74,31.21,US_Kansas
2020-06-30,101.97,26.41,38.41,US_Kansas
2020-07-31,178.15,26.76,37.83,US_Kansas
2020-08-31,44.54,25.86,39.14,US_Kansas
2020-09-30,35.06,19.53,38.19,US_Kansas
2020-10-31,26.55,11.51,33.37,US_Kansas
2020-11-30,46.94,7.88,24.06,US_Kansas
2020-12-31,16.4,1.66,16.66,US_Kansas
2021-01-31,26.45,0.66,16.3,US_Kansas
2021-02-28,1.94,-3.75,20.38,US_Kansas
2021-03-31,110.61,8.22,27.05,US_Kansas
2021-04-30,37.97,11.45,29.91,US_Kansas
2021-05-31,135.13,17.06,31.35,US_Kansas
2021-06-30,61.13,25.59,41.26,US_Kansas
2021-07-31,49.85,27.04,39.05,US_Kansas
2021-08-31,89.07,27.89,41.28,US_Kansas
2021-09-30,92.73,23.45,37.94,US_Kansas
2021-10-31,58.31,15.06,30.57,US_Kansas
2021-11-30,5.34,7.81,24.97,US_Kansas
2021-12-31,0.97,3.95,22.55,US_Kansas
2022-01-31,7.84,-1.11,16.22,US_Kansas
2022-02-28,2.82,0.34,19.92,US_Kansas
2022-03-31,49.25,6.63,28.27,US_Kansas
2022-04-30,11.25,13.47,33.36,US_Kansas
2022-05-31,147.0,19.15,36.01,US_Kansas
2022-06-30,94.0,25.39,40.63,US_Kansas
2022-07-31,87.29,28.77,44.31,US_Kansas
2022-08-31,21.13,28.29,40.74,US_Kansas
2022-09-30,43.62,23.66,39.04,US_Kansas
2022-10-31,9.45,15.04,31.9,US_Kansas
2022-11-30,26.13,5.04,25.82,US_Kansas
2022-12-31,16.3,-0.16,22.92,US_Kansas
2023-01-31,21.52,0.17,14.84,US_Kansas
2023-02-28,15.79,2.13,20.48,US_Kansas
2023-03-31,5.13,5.46,23.82,US_Kansas
2023-04-30,26.85,13.1,31.55,US_Kansas
2023-05-31,74.53,19.92,35.23,US_Kansas
2023-06-30,144.9,24.07,39.25,US_Kansas
2023-07-31,83.24,27.56,42.41,US_Kansas
2023-08-31,96.29,27.47,43.07,US_Kansas
2023-09-30,26.25,23.79,39.16,US_Kansas
2023-10-31,32.7,14.95,32.96,US_Kansas
2023-11-30,33.97,7.54,24.04,US_Kansas
2023-12-31,48.19,2.84,17.84,US_Kansas
2024-01-31,28.63,-3.2,20.25,US_Kansas
2024-02-29,25.58,5.69,25.37,US_Kansas
2024-03-31,14.6,8.35,25.55,US_Kansas
2024-04-30,8.48,15.3,33.5,US_Kansas
2024-05-31,82.97,19.86,32.27,US_Kansas
2024-06-30,134.03,26.19,39.93,US_Kansas
2024-07-31,58.99,27.73,42.43,US_Kansas
2024-08-31,106.69,26.93,40.88,US_Kansas
2024-09-30,42.55,22.87,35.48,US_Kansas
2024-10-31,22.55,17.47,35.1,US_Kansas
2024-11-30,118.58,7.56,23.09,US_Kansas
2024-12-31,5.78,2.88,16.33,US_Kansas
2025-01-31,20.69,-2.68,12.5,US_Kansas
2025-02-28,6.24,-1.48,20.92,US_Kansas
2025-03-31,4.48,10.55,32.08,US_Kansas
2025-04-30,77.99,14.48,35.17,US_Kansas
2025-05-31,118.12,18.26,34.11,US_Kansas
2025-06-30,143.81,24.25,35.25,US_Kansas
2025-07-31,107.43,27.49,40.21,US_Kansas
2025-08-31,120.62,25.42,42.89,US_Kansas
2025-09-30,118.89,21.41,34.13,US_Kansas
2025-10-31,67.5,16.06,30.39,US_Kansas
2025-11-30,49.43,7.75,23.13,US_Kansas
2025-12-31,1.46,2.88,20.5,US_Kansas
1981-01-31,71.26,2.78,9.52,EU_FR_Beauce
1981-02-28,50.01,1.64,12.83,EU_FR_Beauce
1981-03-31,68.81,8.48,21.04,EU_FR_Beauce
1981-04-30,39.9,9.33,22.06,EU_FR_Beauce
1981-05-31,125.64,12.08,22.78,EU_FR_Beauce
1981-06-30,59.3,14.85,27.66,EU_FR_Beauce
1981-07-31,52.06,16.93,27.35,EU_FR_Beauce
1981-08-31,39.75,17.8,28.79,EU_FR_Beauce
1981-09-30,47.17,15.31,24.4,EU_FR_Beauce
1981-10-31,136.81,9.86,20.85,EU_FR_Beauce
1981-11-30,33.77,5.87,16.7,EU_FR_Beauce
1981-12-31,120.14,2.23,9.49,EU_FR_Beauce
1982-01-31,101.03,2.46,12.33,EU_FR_Beauce
1982-02-28,29.2,4.08,12.96,EU_FR_Beauce
1982-03-31,67.67,5.5,17.1,EU_FR_Beauce
1982-04-30,18.0,8.1,17.61,EU_FR_Beauce
1982-05-31,80.16,12.67,24.61,EU_FR_Beauce
1982-06-30,86.49,17.05,25.52,EU_FR_Beauce
1982-07-31,65.02,18.63,28.15,EU_FR_Beauce
1982-08-31,41.97,17.14,26.88,EU_FR_Beauce
1982-09-30,58.9,16.72,27.77,EU_FR_Beauce
1982-10-31,128.53,10.24,19.7,EU_FR_Beauce
1982-11-30,82.66,7.34,18.95,EU_FR_Beauce
1982-12-31,97.58,3.57,12.49,EU_FR_Beauce
1983-01-31,51.18,4.59,13.28,EU_FR_Beauce
1983-02-28,75.04,0.87,12.1,EU_FR_Beauce
1983-03-31,46.95,6.27,16.29,EU_FR_Beauce
1983-04-30,131.35,7.95,18.5,EU_FR_Beauce
1983-05-31,88.28,10.77,20.9,EU_FR_Beauce
1983-06-30,51.5,16.87,26.95,EU_FR_Beauce
1983-07-31,65.94,20.94,29.8,EU_FR_Beauce
1983-08-31,45.97,18.19,27.08,EU_FR_Beauce
1983-09-30,58.83,14.85,26.77,EU_FR_Beauce
1983-10-31,25.47,10.51,25.2,EU_FR_Beauce
1983-11-30,30.25,5.42,16.92,EU_FR_Beauce
1983-12-31,48.9,2.89,13.06,EU_FR_Beauce
1984-01-31,110.4,3.28,12.16,EU_FR_Beauce
1984-02-29,37.81,2.3,10.1,EU_FR_Beauce
1984-03-31,51.91,4.28,12.87,EU_FR_Beauce
1984-04-30,13.99,8.2,23.13,EU_FR_Beauce
1984-05-31,110.93,9.94,18.42,EU_FR_Beauce
1984-06-30,52.16,15.52,25.57,EU_FR_Beauce
1984-07-31,37.93,17.66,30.5,EU_FR_Beauce
1984-08-31,58.28,17.75,27.53,EU_FR_Beauce
1984-09-30,123.83,13.79,27.15,EU_FR_Beauce
1984-10-31,93.85,10.94,19.26,EU_FR_Beauce
1984-11-30,89.11,8.61,18.43,EU_FR_Beauce
1984-12-31,46.87,3.33,10.99,EU_FR_Beauce
1985-01-31,41.35,-2.29,11.85,EU_FR_Beauce
1985-02-28,23.27,0.95,12.09,EU_FR_Beauce
1985-03-31,69.19,4.01,13.1,EU_FR_Beauce
1985-04-30,67.21,8.93,21.2,EU_FR_Beauce
1985-05-31,87.98,12.35,25.35,EU_FR_Beauce
1985-06-30,53.64,14.56,24.32,EU_FR_Beauce
1985-07-31,52.76,18.14,29.82,EU_FR_Beauce
1985-08-31,35.61,16.18,26.18,EU_FR_Beauce
1985-09-30,23.06,15.94,27.19,EU_FR_Beauce
1985-10-31,10.39,10.16,26.48,EU_FR_Beauce
1985-11-30,56.27,2.73,16.33,EU_FR_Beauce
1985-12-31,39.0,3.93,13.83,EU_FR_Beauce
1986-01-31,73.72,2.64,11.66,EU_FR_Beauce
1986-02-28,33.46,-3.08,4.88,EU_FR_Beauce
1986-03-31,70.65,4.41,15.17,EU_FR_Beauce
1986-04-30,94.56,6.07,16.04,EU_FR_Beauce
1986-05-31,43.42,12.78,23.36,EU_FR_Beauce
1986-06-30,34.72,17.32,30.47,EU_FR_Beauce
1986-07-31,22.49,17.96,27.87,EU_FR_Beauce
1986-08-31,58.17,16.59,31.09,EU_FR_Beauce
1986-09-30,54.14,12.69,23.01,EU_FR_Beauce
1986-10-31,54.3,12.84,24.75,EU_FR_Beauce
1986-11-30,39.37,7.03,16.63,EU_FR_Beauce
1986-12-31,70.51,4.38,13.07,EU_FR_Beauce
1987-01-31,32.34,-3.44,12.12,EU_FR_Beauce
1987-02-28,44.64,1.84,14.93,EU_FR_Beauce
1987-03-31,45.63,3.42,13.48,EU_FR_Beauce
1987-04-30,44.19,10.76,23.37,EU_FR_Beauce
1987-05-31,39.92,11.03,22.65,EU_FR_Beauce
1987-06-30,108.63,15.01,29.13,EU_FR_Beauce
1987-07-31,103.59,17.85,28.99,EU_FR_Beauce
1987-08-31,46.97,17.8,31.79,EU_FR_Beauce
1987-09-30,25.35,17.15,29.4,EU_FR_Beauce
1987-10-31,124.7,11.57,21.72,EU_FR_Beauce
1987-11-30,55.47,5.81,15.63,EU_FR_Beauce
1987-12-31,50.95,3.02,14.15,EU_FR_Beauce
1988-01-31,97.42,5.85,12.85,EU_FR_Beauce
1988-02-29,71.09,4.03,11.98,EU_FR_Beauce
1988-03-31,71.42,6.12,15.82,EU_FR_Beauce
1988-04-30,26.63,9.84,20.86,EU_FR_Beauce
1988-05-31,98.54,13.88,25.1,EU_FR_Beauce
1988-06-30,24.2,16.09,24.2,EU_FR_Beauce
1988-07-31,100.41,16.91,27.91,EU_FR_Beauce
1988-08-31,23.03,18.17,28.46,EU_FR_Beauce
1988-09-30,47.16,14.8,25.31,EU_FR_Beauce
1988-10-31,65.11,11.64,23.0,EU_FR_Beauce
1988-11-30,36.23,4.79,17.1,EU_FR_Beauce
1988-12-31,45.44,5.51,12.84,EU_FR_Beauce
1989-01-31,26.56,2.67,9.76,EU_FR_Beauce
1989-02-28,50.08,4.7,15.26,EU_FR_Beauce
1989-03-31,72.53,8.98,21.53,EU_FR_Beauce
1989-04-30,84.09,7.76,17.76,EU_FR_Beauce
1989-05-31,16.27,15.48,26.68,EU_FR_Beauce
1989-06-30,47.71,16.44,27.66,EU_FR_Beauce
1989-07-31,37.33,19.62,31.05,EU_FR_Beauce
1989-08-31,32.2,18.97,29.36,EU_FR_Beauce
1989-09-30,28.55,15.98,28.31,EU_FR_Beauce
1989-10-31,29.65,12.88,23.61,EU_FR_Beauce
1989-11-30,42.43,5.21,15.94,EU_FR_Beauce
1989-12-31,70.77,3.82,14.62,EU_FR_Beauce
1990-01-31,34.6,4.17,12.94,EU_FR_Beauce
1990-02-28,61.48,7.97,18.49,EU_FR_Beauce
1990-03-31,9.13,8.02,21.62,EU_FR_Beauce
1990-04-30,39.88,8.72,21.94,EU_FR_Beauce
1990-05-31,11.38,15.83,26.05,EU_FR_Beauce
1990-06-30,40.59,16.32,29.16,EU_FR_Beauce
1990-07-31,21.66,20.31,34.93,EU_FR_Beauce
1990-08-31,8.97,21.9,37.73,EU_FR_Beauce
1990-09-30,16.1,15.5,28.06,EU_FR_Beauce
1990-10-31,49.08,12.97,25.84,EU_FR_Beauce
1990-11-30,28.98,6.38,16.22,EU_FR_Beauce
1990-12-31,37.9,2.19,13.9,EU_FR_Beauce
1991-01-31,42.45,3.13,13.63,EU_FR_Beauce
1991-02-28,15.65,0.04,16.89,EU_FR_Beauce
1991-03-31,46.19,8.76,19.92,EU_FR_Beauce
1991-04-30,22.0,8.97,23.87,EU_FR_Beauce
1991-05-31,14.54,12.1,26.11,EU_FR_Beauce
1991-06-30,41.03,15.4,28.27,EU_FR_Beauce
1991-07-31,50.28,20.66,36.44,EU_FR_Beauce
1991-08-31,16.14,21.26,34.33,EU_FR_Beauce
1991-09-30,53.71,17.8,30.74,EU_FR_Beauce
1991-10-31,37.4,10.48,24.06,EU_FR_Beauce
1991-11-30,61.06,5.64,17.52,EU_FR_Beauce
1991-12-31,23.92,1.62,13.23,EU_FR_Beauce
1992-01-31,8.77,0.87,10.8,EU_FR_Beauce
1992-02-29,24.66,3.57,15.86,EU_FR_Beauce
1992-03-31,42.95,7.58,17.55,EU_FR_Beauce
1992-04-30,27.8,9.25,21.46,EU_FR_Beauce
1992-05-31,40.74,15.64,29.64,EU_FR_Beauce
1992-06-30,59.39,17.02,29.85,EU_FR_Beauce
1992-07-31,29.82,20.41,35.24,EU_FR_Beauce
1992-08-31,78.76,20.32,36.63,EU_FR_Beauce
1992-09-30,55.36,15.17,27.74,EU_FR_Beauce
1992-10-31,56.12,8.53,18.2,EU_FR_Beauce
1992-11-30,81.41,8.41,17.63,EU_FR_Beauce
1992-12-31,63.41,3.28,14.23,EU_FR_Beauce
1993-01-31,61.78,5.12,13.98,EU_FR_Beauce
1993-02-28,17.42,2.15,10.51,EU_FR_Beauce
1993-03-31,3.57,6.46,20.19,EU_FR_Beauce
1993-04-30,83.13,10.85,23.55,EU_FR_Beauce
1993-05-31,77.78,14.26,25.37,EU_FR_Beauce
1993-06-30,52.91,17.36,29.09,EU_FR_Beauce
1993-07-31,36.61,17.64,28.46,EU_FR_Beauce
1993-08-31,13.31,17.65,30.08,EU_FR_Beauce
1993-09-30,106.65,13.69,25.92,EU_FR_Beauce
1993-10-31,88.74,8.78,20.83,EU_FR_Beauce
1993-11-30,19.85,2.44,18.0,EU_FR_Beauce
1993-12-31,84.37,5.1,14.23,EU_FR_Beauce
1994-01-31,71.3,4.85,12.74,EU_FR_Beauce
1994-02-28,73.24,3.89,17.0,EU_FR_Beauce
1994-03-31,35.46,8.3,20.34,EU_FR_Beauce
1994-04-30,54.21,8.56,23.67,EU_FR_Beauce
1994-05-31,72.13,13.22,23.21,EU_FR_Beauce
1994-06-30,43.49,16.38,29.92,EU_FR_Beauce
1994-07-31,56.94,21.14,30.88,EU_FR_Beauce
1994-08-31,56.0,18.77,32.85,EU_FR_Beauce
1994-09-30,84.2,14.14,23.47,EU_FR_Beauce
1994-10-31,50.77,10.77,22.68,EU_FR_Beauce
1994-11-30,58.27,9.47,19.53,EU_FR_Beauce
1994-12-31,66.53,5.58,14.44,EU_FR_Beauce
1995-01-31,100.53,4.08,14.09,EU_FR_Beauce
1995-02-28,70.77,7.02,15.67,EU_FR_Beauce
1995-03-31,71.6,5.65,16.49,EU_FR_Beauce
1995-04-30,50.94,9.07,19.94,EU_FR_Beauce
1995-05-31,60.16,12.97,25.77,EU_FR_Beauce
1995-06-30,22.11,15.3,29.26,EU_FR_Beauce
1995-07-31,47.99,20.72,32.97,EU_FR_Beauce
1995-08-31,35.1,19.91,32.1,EU_FR_Beauce
1995-09-30,89.57,13.9,22.29,EU_FR_Beauce
1995-10-31,26.08,13.73,24.13,EU_FR_Beauce
1995-11-30,29.03,6.14,18.69,EU_FR_Beauce
1995-12-31,50.5,1.73,12.09,EU_FR_Beauce
1996-01-31,52.18,3.01,12.81,EU_FR_Beauce
1996-02-29,49.17,1.48,11.27,EU_FR_Beauce
1996-03-31,20.67,5.16,20.46,EU_FR_Beauce
1996-04-30,13.59,9.25,22.6,EU_FR_Beauce
1996-05-31,50.67,11.38,26.61,EU_FR_Beauce
1996-06-30,11.2,17.4,30.42,EU_FR_Beauce
1996-07-31,34.05,18.38,30.84,EU_FR_Beauce
1996-08-31,52.87,18.05,30.23,EU_FR_Beauce
1996-09-30,30.7,13.24,25.34,EU_FR_Beauce
1996-10-31,44.49,11.04,21.18,EU_FR_Beauce
1996-11-30,104.14,5.5,16.72,EU_FR_Beauce
1996-12-31,50.39,0.52,9.24,EU_FR_Beauce
1997-01-31,12.19,-1.34,12.53,EU_FR_Beauce
1997-02-28,80.01,5.64,16.27,EU_FR_Beauce
1997-03-31,12.16,8.5,19.16,EU_FR_Beauce
1997-04-30,14.88,8.86,20.68,EU_FR_Beauce
1997-05-31,84.94,13.24,24.77,EU_FR_Beauce
1997-06-30,144.49,16.13,27.03,EU_FR_Beauce
1997-07-31,31.22,18.29,28.22,EU_FR_Beauce
1997-08-31,57.78,21.99,32.5,EU_FR_Beauce
1997-09-30,12.08,15.77,28.32,EU_FR_Beauce
1997-10-31,43.07,10.58,25.56,EU_FR_Beauce
1997-11-30,72.26,7.45,15.13,EU_FR_Beauce
1997-12-31,80.36,4.33,14.09,EU_FR_Beauce
1998-01-31,65.83,3.53,14.79,EU_FR_Beauce
1998-02-28,8.11,4.28,16.62,EU_FR_Beauce
1998-03-31,22.31,7.4,21.31,EU_FR_Beauce
1998-04-30,124.02,8.59,22.44,EU_FR_Beauce
1998-05-31,25.18,14.81,27.58,EU_FR_Beauce
1998-06-30,44.98,16.69,29.71,EU_FR_Beauce
1998-07-31,38.0,17.59,31.81,EU_FR_Beauce
1998-08-31,20.16,19.19,36.21,EU_FR_Beauce
1998-09-30,100.84,15.35,28.33,EU_FR_Beauce
1998-10-31,103.12,10.82,19.75,EU_FR_Beauce
1998-11-30,33.73,3.78,14.59,EU_FR_Beauce
1998-12-31,67.3,3.66,14.5,EU_FR_Beauce
1999-01-31,55.37,4.81,13.24,EU_FR_Beauce
1999-02-28,51.97,3.61,13.06,EU_FR_Beauce
1999-03-31,45.31,7.55,18.54,EU_FR_Beauce
1999-04-30,85.71,9.95,20.72,EU_FR_Beauce
1999-05-31,73.85,14.94,25.4,EU_FR_Beauce
1999-06-30,55.68,15.82,25.25,EU_FR_Beauce
1999-07-31,41.66,19.92,29.2,EU_FR_Beauce
1999-08-31,54.05,18.69,30.33,EU_FR_Beauce
1999-09-30,113.65,17.26,30.12,EU_FR_Beauce
1999-10-31,52.44,10.78,21.28,EU_FR_Beauce
1999-11-30,50.25,4.94,19.03,EU_FR_Beauce
1999-12-31,142.45,4.49,12.12,EU_FR_Beauce
2000-01-31,20.64,2.42,10.86,EU_FR_Beauce
2000-02-29,55.31,5.65,16.25,EU_FR_Beauce
2000-03-31,35.69,6.69,16.98,EU_FR_Beauce
2000-04-30,85.97,9.09,20.17,EU_FR_Beauce
2000-05-31,67.65,14.51,25.42,EU_FR_Beauce
2000-06-30,41.24,16.87,28.57,EU_FR_Beauce
2000-07-31,93.08,16.47,25.78,EU_FR_Beauce
2000-08-31,29.7,18.68,29.68,EU_FR_Beauce
2000-09-30,36.63,15.74,27.24,EU_FR_Beauce
2000-10-31,113.7,10.82,19.25,EU_FR_Beauce
2000-11-30,86.82,6.93,13.26,EU_FR_Beauce
2000-12-31,69.29,5.87,14.33,EU_FR_Beauce
2001-01-31,68.86,3.52,12.75,EU_FR_Beauce
2001-02-28,36.49,4.2,13.08,EU_FR_Beauce
2001-03-31,100.87,7.51,17.26,EU_FR_Beauce
2001-04-30,60.92,8.1,20.7,EU_FR_Beauce
2001-05-31,23.83,14.33,25.93,EU_FR_Beauce
2001-06-30,24.88,15.87,29.35,EU_FR_Beauce
2001-07-31,91.99,18.55,29.7,EU_FR_Beauce
2001-08-31,57.96,18.93,30.93,EU_FR_Beauce
2001-09-30,70.23,13.18,21.56,EU_FR_Beauce
2001-10-31,71.39,13.57,23.95,EU_FR_Beauce
2001-11-30,39.76,5.04,14.02,EU_FR_Beauce
2001-12-31,42.05,1.45,12.72,EU_FR_Beauce
2002-01-31,28.45,3.73,13.76,EU_FR_Beauce
2002-02-28,68.0,6.34,14.9,EU_FR_Beauce
2002-03-31,49.29,7.59,18.21,EU_FR_Beauce
2002-04-30,8.77,9.65,22.01,EU_FR_Beauce
2002-05-31,50.27,12.74,25.2,EU_FR_Beauce
2002-06-30,65.26,16.99,30.38,EU_FR_Beauce
2002-07-31,54.52,17.7,32.07,EU_FR_Beauce
2002-08-31,77.59,17.87,30.29,EU_FR_Beauce
2002-09-30,23.44,14.12,23.51,EU_FR_Beauce
2002-10-31,53.96,11.24,22.06,EU_FR_Beauce
2002-11-30,96.66,8.27,17.77,EU_FR_Beauce
2002-12-31,71.43,5.65,14.36,EU_FR_Beauce
2003-01-31,55.01,1.48,14.25,EU_FR_Beauce
2003-02-28,22.67,1.86,13.89,EU_FR_Beauce
2003-03-31,8.76,8.03,20.18,EU_FR_Beauce
2003-04-30,31.43,9.81,22.58,EU_FR_Beauce
2003-05-31,55.94,13.45,26.74,EU_FR_Beauce
2003-06-30,51.85,19.66,29.77,EU_FR_Beauce
2003-07-31,33.98,20.0,33.95,EU_FR_Beauce
2003-08-31,17.33,22.87,38.55,EU_FR_Beauce
2003-09-30,13.22,15.73,29.18,EU_FR_Beauce
2003-10-31,54.47,8.57,23.65,EU_FR_Beauce
2003-11-30,58.63,7.45,17.56,EU_FR_Beauce
2003-12-31,39.77,3.53,12.01,EU_FR_Beauce
2004-01-31,81.92,3.66,13.18,EU_FR_Beauce
2004-02-29,9.81,3.77,15.56,EU_FR_Beauce
2004-03-31,29.86,5.59,21.03,EU_FR_Beauce
2004-04-30,55.14,9.83,20.97,EU_FR_Beauce
2004-05-31,33.73,12.86,24.95,EU_FR_Beauce
2004-06-30,19.54,17.69,29.6,EU_FR_Beauce
2004-07-31,37.64,18.81,31.6,EU_FR_Beauce
2004-08-31,81.15,19.47,32.87,EU_FR_Beauce
2004-09-30,15.0,16.75,29.87,EU_FR_Beauce
2004-10-31,84.95,11.64,24.67,EU_FR_Beauce
2004-11-30,38.06,6.41,14.67,EU_FR_Beauce
2004-12-31,56.75,2.09,10.77,EU_FR_Beauce
2005-01-31,54.2,3.75,12.32,EU_FR_Beauce
2005-02-28,30.05,2.04,12.15,EU_FR_Beauce
2005-03-31,45.21,6.34,20.61,EU_FR_Beauce
2005-04-30,55.82,10.22,25.65,EU_FR_Beauce
2005-05-31,67.96,13.6,29.31,EU_FR_Beauce
2005-06-30,55.89,18.47,30.98,EU_FR_Beauce
2005-07-31,60.03,19.38,32.08,EU_FR_Beauce
2005-08-31,27.19,18.02,31.91,EU_FR_Beauce
2005-09-30,36.28,16.76,31.91,EU_FR_Beauce
2005-10-31,49.38,14.37,24.07,EU_FR_Beauce
2005-11-30,38.57,5.18,19.02,EU_FR_Beauce
2005-12-31,39.55,1.99,10.29,EU_FR_Beauce
2006-01-31,45.17,1.38,10.28,EU_FR_Beauce
2006-02-28,56.67,1.85,10.43,EU_FR_Beauce
2006-03-31,85.52,4.95,20.16,EU_FR_Beauce
2006-04-30,24.85,9.49,21.23,EU_FR_Beauce
2006-05-31,61.21,13.84,23.59,EU_FR_Beauce
2006-06-30,34.82,18.01,30.48,EU_FR_Beauce
2006-07-31,41.44,23.08,36.21,EU_FR_Beauce
2006-08-31,57.07,16.93,26.22,EU_FR_Beauce
2006-09-30,50.3,18.28,30.8,EU_FR_Beauce
2006-10-31,69.74,13.69,22.68,EU_FR_Beauce
2006-11-30,61.43,8.05,16.08,EU_FR_Beauce
2006-12-31,70.61,3.78,14.17,EU_FR_Beauce
2007-01-31,34.76,6.28,13.51,EU_FR_Beauce
2007-02-28,73.58,6.8,15.74,EU_FR_Beauce
2007-03-31,51.26,6.78,17.24,EU_FR_Beauce
2007-04-30,12.58,13.37,25.61,EU_FR_Beauce
2007-05-31,76.92,14.41,25.76,EU_FR_Beauce
2007-06-30,90.25,17.08,26.98,EU_FR_Beauce
2007-07-31,82.92,17.18,29.36,EU_FR_Beauce
2007-08-31,90.75,17.15,30.44,EU_FR_Beauce
2007-09-30,25.4,14.2,25.2,EU_FR_Beauce
2007-10-31,52.47,10.31,21.54,EU_FR_Beauce
2007-11-30,44.44,5.47,15.11,EU_FR_Beauce
2007-12-31,58.04,2.97,12.74,EU_FR_Beauce
2008-01-31,49.16,4.75,14.08,EU_FR_Beauce
2008-02-29,49.79,4.68,16.3,EU_FR_Beauce
2008-03-31,79.6,5.98,16.78,EU_FR_Beauce
2008-04-30,59.48,8.46,22.03,EU_FR_Beauce
2008-05-31,66.88,15.36,24.45,EU_FR_Beauce
2008-06-30,27.1,16.52,26.4,EU_FR_Beauce
2008-07-31,54.81,18.08,30.66,EU_FR_Beauce
2008-08-31,59.15,17.94,30.09,EU_FR_Beauce
2008-09-30,31.12,13.28,25.73,EU_FR_Beauce
2008-10-31,57.17,10.13,23.01,EU_FR_Beauce
2008-11-30,64.48,6.52,15.79,EU_FR_Beauce
2008-12-31,37.62,1.49,9.81,EU_FR_Beauce
2009-01-31,49.96,-0.38,9.99,EU_FR_Beauce
2009-02-28,40.62,2.46,12.7,EU_FR_Beauce
2009-03-31,29.97,5.96,15.84,EU_FR_Beauce
2009-04-30,52.62,11.17,19.33,EU_FR_Beauce
2009-05-31,67.35,14.11,27.18,EU_FR_Beauce
2009-06-30,63.46,16.57,29.23,EU_FR_Beauce
2009-07-31,44.72,18.71,29.93,EU_FR_Beauce
2009-08-31,21.19,20.03,34.45,EU_FR_Beauce
2009-09-30,28.08,15.68,28.5,EU_FR_Beauce
2009-10-31,47.66,11.11,23.47,EU_FR_Beauce
2009-11-30,83.94,8.56,17.09,EU_FR_Beauce
2009-12-31,78.61,2.31,12.38,EU_FR_Beauce
2010-01-31,42.38,-0.96,6.93,EU_FR_Beauce
2010-02-28,54.56,2.15,13.04,EU_FR_Beauce
2010-03-31,46.99,5.48,18.55,EU_FR_Beauce
2010-04-30,18.17,9.76,23.34,EU_FR_Beauce
2010-05-31,31.92,11.97,26.65,EU_FR_Beauce
2010-06-30,57.59,17.32,28.99,EU_FR_Beauce
2010-07-31,66.06,20.29,32.66,EU_FR_Beauce
2010-08-31,65.47,17.75,29.11,EU_FR_Beauce
2010-09-30,54.82,14.56,25.98,EU_FR_Beauce
2010-10-31,48.8,10.27,23.8,EU_FR_Beauce
2010-11-30,76.15,5.71,17.96,EU_FR_Beauce
2010-12-31,79.85,-1.34,2.79,EU_FR_Beauce
2011-01-31,52.08,2.77,13.11,EU_FR_Beauce
2011-02-28,29.74,4.81,14.93,EU_FR_Beauce
2011-03-31,23.88,7.25,18.86,EU_FR_Beauce
2011-04-30,13.55,12.81,24.17,EU_FR_Beauce
2011-05-31,11.65,14.52,25.08,EU_FR_Beauce
2011-06-30,66.81,16.82,34.15,EU_FR_Beauce
2011-07-31,80.84,16.91,29.8,EU_FR_Beauce
2011-08-31,97.96,18.3,30.78,EU_FR_Beauce
2011-09-30,40.2,16.77,28.52,EU_FR_Beauce
2011-10-31,28.99,12.19,27.14,EU_FR_Beauce
2011-11-30,46.66,8.55,18.09,EU_FR_Beauce
2011-12-31,113.96,6.01,12.9,EU_FR_Beauce
2012-01-31,39.69,4.71,13.2,EU_FR_Beauce
2012-02-29,12.32,0.01,14.97,EU_FR_Beauce
2012-03-31,19.23,8.46,21.11,EU_FR_Beauce
2012-04-30,80.63,8.08,17.21,EU_FR_Beauce
2012-05-31,62.42,14.33,26.08,EU_FR_Beauce
2012-06-30,105.81,16.06,28.79,EU_FR_Beauce
2012-07-31,71.18,17.49,30.86,EU_FR_Beauce
2012-08-31,9.6,19.4,35.27,EU_FR_Beauce
2012-09-30,51.46,14.77,29.47,EU_FR_Beauce
2012-10-31,111.27,11.4,22.15,EU_FR_Beauce
2012-11-30,50.52,6.15,14.07,EU_FR_Beauce
2012-12-31,93.78,4.89,13.34,EU_FR_Beauce
2013-01-31,51.94,2.23,13.25,EU_FR_Beauce
2013-02-28,48.16,1.4,10.94,EU_FR_Beauce
2013-03-31,49.09,3.6,14.76,EU_FR_Beauce
2013-04-30,49.26,8.65,23.4,EU_FR_Beauce
2013-05-31,92.25,11.11,20.39,EU_FR_Beauce
2013-06-30,90.03,15.75,25.6,EU_FR_Beauce
2013-07-31,51.96,20.43,31.04,EU_FR_Beauce
2013-08-31,40.48,18.33,31.22,EU_FR_Beauce
2013-09-30,59.66,15.58,29.87,EU_FR_Beauce
2013-10-31,48.74,12.74,23.57,EU_FR_Beauce
2013-11-30,82.76,5.83,17.37,EU_FR_Beauce
2013-12-31,50.27,3.91,12.32,EU_FR_Beauce
2014-01-31,54.65,5.29,13.03,EU_FR_Beauce
2014-02-28,64.34,5.72,13.88,EU_FR_Beauce
2014-03-31,16.42,7.97,19.15,EU_FR_Beauce
2014-04-30,54.68,11.03,21.36,EU_FR_Beauce
2014-05-31,94.05,12.66,22.56,EU_FR_Beauce
2014-06-30,65.64,16.59,25.96,EU_FR_Beauce
2014-07-31,106.29,19.06,30.39,EU_FR_Beauce
2014-08-31,101.25,16.52,25.8,EU_FR_Beauce
2014-09-30,21.16,16.42,25.02,EU_FR_Beauce
2014-10-31,65.75,12.92,23.24,EU_FR_Beauce
2014-11-30,62.65,8.44,19.11,EU_FR_Beauce
2014-12-31,59.35,3.43,13.01,EU_FR_Beauce
2015-01-31,42.96,2.96,12.98,EU_FR_Beauce
2015-02-28,46.25,2.54,12.34,EU_FR_Beauce
2015-03-31,33.23,6.62,17.82,EU_FR_Beauce
2015-04-30,47.25,10.67,24.52,EU_FR_Beauce
2015-05-31,54.68,13.03,23.87,EU_FR_Beauce
2015-06-30,13.87,17.12,30.08,EU_FR_Beauce
2015-07-31,22.22,20.02,32.87,EU_FR_Beauce
2015-08-31,75.97,19.69,31.7,EU_FR_Beauce
2015-09-30,73.32,13.66,23.34,EU_FR_Beauce
2015-10-31,52.83,10.14,20.03,EU_FR_Beauce
2015-11-30,55.71,9.5,20.21,EU_FR_Beauce
2015-12-31,29.22,7.19,14.7,EU_FR_Beauce
2016-01-31,68.4,3.9,13.08,EU_FR_Beauce
2016-02-29,62.31,4.73,13.6,EU_FR_Beauce
2016-03-31,88.31,5.42,15.4,EU_FR_Beauce
2016-04-30,52.64,8.6,19.88,EU_FR_Beauce
2016-05-31,150.3,13.45,23.24,EU_FR_Beauce
2016-06-30,82.41,16.51,28.42,EU_FR_Beauce
2016-07-31,23.14,18.82,31.51,EU_FR_Beauce
2016-08-31,20.09,19.36,33.4,EU_FR_Beauce
2016-09-30,45.66,17.49,29.11,EU_FR_Beauce
2016-10-31,30.94,9.84,20.37,EU_FR_Beauce
2016-11-30,66.95,6.41,14.81,EU_FR_Beauce
2016-12-31,20.09,2.8,10.2,EU_FR_Beauce
2017-01-31,31.53,0.01,11.14,EU_FR_Beauce
2017-02-28,39.13,5.47,16.0,EU_FR_Beauce
2017-03-31,72.24,9.08,21.72,EU_FR_Beauce
2017-04-30,19.74,9.29,23.3,EU_FR_Beauce
2017-05-31,74.71,14.79,26.86,EU_FR_Beauce
2017-06-30,59.85,19.15,33.84,EU_FR_Beauce
2017-07-31,59.42,19.37,31.93,EU_FR_Beauce
2017-08-31,67.13,18.67,31.44,EU_FR_Beauce
2017-09-30,78.41,14.46,24.58,EU_FR_Beauce
2017-10-31,26.56,12.78,24.33,EU_FR_Beauce
2017-11-30,47.82,6.58,16.84,EU_FR_Beauce
2017-12-31,84.44,4.17,13.28,EU_FR_Beauce
2018-01-31,100.86,6.45,13.24,EU_FR_Beauce
2018-02-28,50.2,0.23,11.44,EU_FR_Beauce
2018-03-31,85.46,5.63,17.38,EU_FR_Beauce
2018-04-30,61.19,11.94,26.71,EU_FR_Beauce
2018-05-31,63.12,14.9,25.46,EU_FR_Beauce
2018-06-30,78.2,18.17,28.57,EU_FR_Beauce
2018-07-31,27.86,21.4,33.32,EU_FR_Beauce
2018-08-31,38.72,19.99,34.33,EU_FR_Beauce
2018-09-30,13.63,15.99,27.98,EU_FR_Beauce
2018-10-31,41.37,12.2,25.5,EU_FR_Beauce
2018-11-30,81.39,6.32,17.72,EU_FR_Beauce
2018-12-31,73.87,5.47,14.75,EU_FR_Beauce
2019-01-31,46.83,2.27,10.7,EU_FR_Beauce
2019-02-28,30.86,5.16,18.37,EU_FR_Beauce
2019-03-31,56.01,8.19,19.67,EU_FR_Beauce
2019-04-30,26.71,10.14,24.01,EU_FR_Beauce
2019-05-31,71.45,12.39,23.93,EU_FR_Beauce
2019-06-30,68.61,18.19,33.15,EU_FR_Beauce
2019-07-31,16.84,21.02,39.68,EU_FR_Beauce
2019-08-31,43.2,19.7,31.77,EU_FR_Beauce
2019-09-30,28.85,16.16,28.06,EU_FR_Beauce
2019-10-31,97.87,12.3,24.66,EU_FR_Beauce
2019-11-30,100.78,6.76,16.29,EU_FR_Beauce
2019-12-31,90.51,5.42,13.81,EU_FR_Beauce
2020-01-31,32.81,4.72,13.2,EU_FR_Beauce
2020-02-29,91.39,7.42,16.32,EU_FR_Beauce
2020-03-31,57.61,7.05,19.52,EU_FR_Beauce
2020-04-30,29.06,12.87,23.67,EU_FR_Beauce
2020-05-31,48.68,14.08,27.04,EU_FR_Beauce
2020-06-30,41.3,16.86,31.32,EU_FR_Beauce
2020-07-31,10.82,19.22,37.02,EU_FR_Beauce
2020-08-31,39.5,21.17,37.63,EU_FR_Beauce
2020-09-30,32.44,17.47,32.82,EU_FR_Beauce
2020-10-31,88.06,11.3,21.02,EU_FR_Beauce
2020-11-30,17.7,8.07,18.88,EU_FR_Beauce
2020-12-31,103.29,5.18,14.66,EU_FR_Beauce
2021-01-31,76.67,2.66,14.02,EU_FR_Beauce
2021-02-28,45.27,4.88,18.11,EU_FR_Beauce
2021-03-31,25.04,6.82,23.13,EU_FR_Beauce
2021-04-30,25.03,7.97,23.47,EU_FR_Beauce
2021-05-31,84.5,11.74,24.46,EU_FR_Beauce
2021-06-30,122.36,18.48,30.55,EU_FR_Beauce
2021-07-31,69.31,18.76,28.46,EU_FR_Beauce
2021-08-31,20.17,18.09,29.77,EU_FR_Beauce
2021-09-30,60.1,17.41,29.53,EU_FR_Beauce
2021-10-31,65.14,11.33,22.81,EU_FR_Beauce
2021-11-30,30.32,5.45,13.27,EU_FR_Beauce
2021-12-31,76.79,5.1,14.43,EU_FR_Beauce
2022-01-31,47.96,3.15,12.89,EU_FR_Beauce
2022-02-28,28.67,5.89,13.9,EU_FR_Beauce
2022-03-31,30.09,8.23,20.68,EU_FR_Beauce
2022-04-30,47.18,10.21,20.83,EU_FR_Beauce
2022-05-31,22.07,15.69,27.16,EU_FR_Beauce
2022-06-30,88.74,18.8,34.58,EU_FR_Beauce
2022-07-31,11.31,21.54,38.39,EU_FR_Beauce
2022-08-31,27.82,21.99,34.94,EU_FR_Beauce
2022-09-30,58.18,16.16,29.15,EU_FR_Beauce
2022-10-31,55.37,15.2,25.76,EU_FR_Beauce
2022-11-30,55.24,8.55,17.47,EU_FR_Beauce
2022-12-31,52.81,3.52,15.23,EU_FR_Beauce
2023-01-31,59.51,4.6,13.64,EU_FR_Beauce
2023-02-28,3.78,4.88,16.07,EU_FR_Beauce
2023-03-31,62.5,8.06,16.98,EU_FR_Beauce
2023-04-30,57.55,9.63,21.16,EU_FR_Beauce
2023-05-31,47.05,14.39,25.35,EU_FR_Beauce
2023-06-30,43.12,20.55,31.59,EU_FR_Beauce
2023-07-31,76.6,19.99,31.17,EU_FR_Beauce
2023-08-31,61.41,19.65,32.25,EU_FR_Beauce
2023-09-30,55.61,19.87,34.47,EU_FR_Beauce
2023-10-31,96.13,14.1,28.77,EU_FR_Beauce
2023-11-30,95.47,8.22,17.36,EU_FR_Beauce
2023-12-31,56.71,6.33,14.52,EU_FR_Beauce
2024-01-31,57.14,3.01,14.08,EU_FR_Beauce
2024-02-29,78.23,7.94,15.05,EU_FR_Beauce
2024-03-31,77.4,8.44,19.41,EU_FR_Beauce
2024-04-30,60.17,10.7,24.14,EU_FR_Beauce
2024-05-31,98.9,14.06,24.63,EU_FR_Beauce
2024-06-30,94.29,16.47,28.96,EU_FR_Beauce
2024-07-31,87.38,19.12,31.16,EU_FR_Beauce
2024-08-31,48.71,19.87,33.09,EU_FR_Beauce
2024-09-30,102.5,15.29,26.36,EU_FR_Beauce
2024-10-31,133.97,12.99,23.99,EU_FR_Beauce
2024-11-30,49.51,7.26,16.11,EU_FR_Beauce
2024-12-31,44.27,4.71,12.9,EU_FR_Beauce
2025-01-31,84.65,2.86,11.21,EU_FR_Beauce
2025-02-28,22.26,3.79,14.96,EU_FR_Beauce
2025-03-31,19.65,7.65,18.28,EU_FR_Beauce
2025-04-30,17.87,11.87,25.26,EU_FR_Beauce
2025-05-31,21.43,14.71,27.56,EU_FR_Beauce
2025-06-30,22.15,20.1,32.58,EU_FR_Beauce
2025-07-31,37.37,20.21,34.95,EU_FR_Beauce
2025-08-31,29.39,20.28,34.63,EU_FR_Beauce
2025-09-30,23.33,15.67,30.55,EU_FR_Beauce
2025-10-31,27.88,12.12,19.94,EU_FR_Beauce
2025-11-30,34.57,7.75,19.09,EU_FR_Beauce
2025-12-31,25.94,5.54,15.89,EU_FR_Beauce
1981-01-31,82.62,0.57,8.6,EU_FR_Champagne
1981-02-28,49.22,0.67,10.05,EU_FR_Champagne
1981-03-31,93.78,7.95,20.36,EU_FR_Champagne
1981-04-30,34.95,8.95,20.85,EU_FR_Champagne
1981-05-31,95.64,12.46,24.58,EU_FR_Champagne
1981-06-30,134.37,15.04,26.61,EU_FR_Champagne
1981-07-31,66.29,17.02,27.62,EU_FR_Champagne
1981-08-31,70.17,17.58,28.75,EU_FR_Champagne
1981-09-30,66.32,14.92,25.48,EU_FR_Champagne
1981-10-31,143.86,9.16,21.05,EU_FR_Champagne
1981-11-30,45.81,4.86,15.7,EU_FR_Champagne
1981-12-31,131.89,0.85,9.71,EU_FR_Champagne
1982-01-31,92.51,0.31,10.83,EU_FR_Champagne
1982-02-28,17.09,2.42,10.89,EU_FR_Champagne
1982-03-31,125.28,4.79,16.18,EU_FR_Champagne
1982-04-30,16.78,7.41,16.34,EU_FR_Champagne
1982-05-31,77.63,12.82,24.57,EU_FR_Champagne
1982-06-30,76.24,16.95,25.82,EU_FR_Champagne
1982-07-31,51.39,19.28,29.86,EU_FR_Champagne
1982-08-31,40.22,17.83,30.02,EU_FR_Champagne
1982-09-30,64.28,17.56,29.62,EU_FR_Champagne
1982-10-31,102.92,10.04,19.99,EU_FR_Champagne
1982-11-30,74.75,6.79,17.18,EU_FR_Champagne
1982-12-31,117.41,2.56,11.39,EU_FR_Champagne
1983-01-31,77.46,3.58,12.33,EU_FR_Champagne
1983-02-28,54.3,-0.22,12.02,EU_FR_Champagne
1983-03-31,66.87,4.97,14.21,EU_FR_Champagne
1983-04-30,135.37,7.85,17.46,EU_FR_Champagne
1983-05-31,132.07,10.52,21.09,EU_FR_Champagne
1983-06-30,75.92,16.77,26.43,EU_FR_Champagne
1983-07-31,27.09,20.92,31.25,EU_FR_Champagne
1983-08-31,36.46,19.24,30.73,EU_FR_Champagne
1983-09-30,52.97,14.89,28.25,EU_FR_Champagne
1983-10-31,31.41,10.38,26.14,EU_FR_Champagne
1983-11-30,46.01,4.68,17.44,EU_FR_Champagne
1983-12-31,67.07,1.79,11.69,EU_FR_Champagne
1984-01-31,127.53,1.86,11.29,EU_FR_Champagne
1984-02-29,63.26,1.02,8.32,EU_FR_Champagne
1984-03-31,46.49,3.51,12.41,EU_FR_Champagne
1984-04-30,35.0,7.41,22.73,EU_FR_Champagne
1984-05-31,101.76,10.06,19.2,EU_FR_Champagne
1984-06-30,42.02,14.93,25.08,EU_FR_Champagne
1984-07-31,40.09,17.75,32.16,EU_FR_Champagne
1984-08-31,41.04,18.82,29.68,EU_FR_Champagne
1984-09-30,111.06,13.62,30.37,EU_FR_Champagne
1984-10-31,106.02,10.56,19.03,EU_FR_Champagne
1984-11-30,75.44,7.88,16.98,EU_FR_Champagne
1984-12-31,54.68,2.3,9.68,EU_FR_Champagne
1985-01-31,57.13,-4.49,11.53,EU_FR_Champagne
1985-02-28,21.43,-0.64,10.0,EU_FR_Champagne
1985-03-31,60.47,3.1,12.61,EU_FR_Champagne
1985-04-30,57.12,8.35,20.01,EU_FR_Champagne
1985-05-31,105.4,12.88,25.34,EU_FR_Champagne
1985-06-30,82.61,14.2,24.84,EU_FR_Champagne
1985-07-31,40.55,18.38,29.56,EU_FR_Champagne
1985-08-31,43.08,16.82,29.99,EU_FR_Champagne
1985-09-30,29.13,15.91,27.85,EU_FR_Champagne
1985-10-31,9.54,10.05,27.47,EU_FR_Champagne
1985-11-30,58.67,1.82,16.13,EU_FR_Champagne
1985-12-31,47.73,2.92,14.09,EU_FR_Champagne
1986-01-31,86.22,1.53,9.92,EU_FR_Champagne
1986-02-28,16.85,-4.13,4.27,EU_FR_Champagne
1986-03-31,96.18,3.81,14.89,EU_FR_Champagne
1986-04-30,94.73,5.81,16.3,EU_FR_Champagne
1986-05-31,62.99,13.35,23.7,EU_FR_Champagne
1986-06-30,43.02,17.24,29.44,EU_FR_Champagne
1986-07-31,22.69,18.59,30.37,EU_FR_Champagne
1986-08-31,70.83,17.53,34.91,EU_FR_Champagne
1986-09-30,75.55,12.74,23.05,EU_FR_Champagne
1986-10-31,74.62,11.98,24.24,EU_FR_Champagne
1986-11-30,41.69,6.0,15.7,EU_FR_Champagne
1986-12-31,78.93,2.8,11.86,EU_FR_Champagne
1987-01-31,39.45,-3.72,11.65,EU_FR_Champagne
1987-02-28,60.36,0.84,12.52,EU_FR_Champagne
1987-03-31,65.04,2.3,13.78,EU_FR_Champagne
1987-04-30,25.0,9.9,22.7,EU_FR_Champagne
1987-05-31,52.98,10.52,21.97,EU_FR_Champagne
1987-06-30,117.78,14.82,29.67,EU_FR_Champagne
1987-07-31,102.92,17.74,28.24,EU_FR_Champagne
1987-08-31,55.47,17.38,30.8,EU_FR_Champagne
1987-09-30,44.38,16.89,30.3,EU_FR_Champagne
1987-10-31,114.52,11.42,20.62,EU_FR_Champagne
1987-11-30,61.53,5.15,15.3,EU_FR_Champagne
1987-12-31,44.57,2.07,12.79,EU_FR_Champagne
1988-01-31,100.57,5.08,12.11,EU_FR_Champagne
1988-02-29,76.89,2.69,9.42,EU_FR_Champagne
1988-03-31,96.75,5.0,13.22,EU_FR_Champagne
1988-04-30,14.18,9.33,21.68,EU_FR_Champagne
1988-05-31,114.91,14.2,24.26,EU_FR_Champagne
1988-06-30,24.1,16.04,24.68,EU_FR_Champagne
1988-07-31,103.15,17.0,29.19,EU_FR_Champagne
1988-08-31,29.61,18.83,30.06,EU_FR_Champagne
1988-09-30,60.72,14.72,25.14,EU_FR_Champagne
1988-10-31,88.91,11.45,22.6,EU_FR_Champagne
1988-11-30,45.19,3.79,16.26,EU_FR_Champagne
1988-12-31,74.69,4.81,11.83,EU_FR_Champagne
1989-01-31,29.49,2.24,7.41,EU_FR_Champagne
1989-02-28,68.28,3.32,14.02,EU_FR_Champagne
1989-03-31,56.06,8.27,21.06,EU_FR_Champagne
1989-04-30,114.17,7.37,16.26,EU_FR_Champagne
1989-05-31,29.04,14.91,25.65,EU_FR_Champagne
1989-06-30,71.19,15.93,27.66,EU_FR_Champagne
1989-07-31,40.2,19.78,31.23,EU_FR_Champagne
1989-08-31,37.97,19.4,31.55,EU_FR_Champagne
1989-09-30,54.6,16.03,29.28,EU_FR_Champagne
1989-10-31,37.88,12.01,23.12,EU_FR_Champagne
1989-11-30,34.01,4.26,16.29,EU_FR_Champagne
1989-12-31,72.33,2.83,15.61,EU_FR_Champagne
1990-01-31,51.19,2.54,12.13,EU_FR_Champagne
1990-02-28,76.64,6.79,17.32,EU_FR_Champagne
1990-03-31,16.77,7.22,19.06,EU_FR_Champagne
1990-04-30,43.39,7.79,20.58,EU_FR_Champagne
1990-05-31,16.88,15.22,25.16,EU_FR_Champagne
1990-06-30,67.21,16.46,31.48,EU_FR_Champagne
1990-07-31,21.6,19.82,33.42,EU_FR_Champagne
1990-08-31,33.17,21.79,37.77,EU_FR_Champagne
1990-09-30,27.24,14.31,26.24,EU_FR_Champagne
1990-10-31,51.05,12.35,25.25,EU_FR_Champagne
1990-11-30,48.78,5.46,14.95,EU_FR_Champagne
1990-12-31,57.59,1.0,12.21,EU_FR_Champagne
1991-01-31,58.08,1.87,12.26,EU_FR_Champagne
1991-02-28,16.54,-0.74,14.71,EU_FR_Champagne
1991-03-31,34.09,8.07,18.48,EU_FR_Champagne
1991-04-30,19.72,7.98,21.01,EU_FR_Champagne
1991-05-31,9.06,11.37,25.32,EU_FR_Champagne
1991-06-30,46.04,15.13,28.17,EU_FR_Champagne
1991-07-31,40.88,21.29,36.81,EU_FR_Champagne
1991-08-31,31.8,21.15,34.94,EU_FR_Champagne
1991-09-30,53.34,18.01,30.63,EU_FR_Champagne
1991-10-31,31.85,9.84,24.54,EU_FR_Champagne
1991-11-30,77.0,4.6,15.95,EU_FR_Champagne
1991-12-31,50.05,0.7,11.86,EU_FR_Champagne
1992-01-31,15.34,0.17,10.26,EU_FR_Champagne
1992-02-29,38.2,2.93,14.93,EU_FR_Champagne
1992-03-31,61.62,6.55,16.39,EU_FR_Champagne
1992-04-30,36.23,8.51,20.65,EU_FR_Champagne
1992-05-31,53.28,14.91,27.23,EU_FR_Champagne
1992-06-30,82.58,17.02,28.2,EU_FR_Champagne
1992-07-31,44.44,20.23,34.9,EU_FR_Champagne
1992-08-31,78.0,20.66,37.09,EU_FR_Champagne
1992-09-30,40.93,14.95,28.06,EU_FR_Champagne
1992-10-31,65.36,7.87,18.84,EU_FR_Champagne
1992-11-30,100.18,7.04,13.88,EU_FR_Champagne
1992-12-31,62.12,2.34,12.81,EU_FR_Champagne
1993-01-31,85.91,3.78,11.01,EU_FR_Champagne
1993-02-28,17.91,0.56,7.28,EU_FR_Champagne
1993-03-31,6.27,5.16,19.17,EU_FR_Champagne
1993-04-30,62.65,10.53,23.73,EU_FR_Champagne
1993-05-31,67.3,14.42,25.84,EU_FR_Champagne
1993-06-30,44.75,17.31,28.33,EU_FR_Champagne
1993-07-31,75.31,17.82,30.37,EU_FR_Champagne
1993-08-31,11.56,17.69,29.07,EU_FR_Champagne
1993-09-30,115.77,13.62,25.47,EU_FR_Champagne
1993-10-31,85.56,8.33,20.14,EU_FR_Champagne
1993-11-30,20.24,1.6,17.48,EU_FR_Champagne
1993-12-31,152.64,4.05,12.96,EU_FR_Champagne
1994-01-31,83.01,3.51,11.13,EU_FR_Champagne
1994-02-28,50.07,2.36,14.28,EU_FR_Champagne
1994-03-31,60.02,7.2,18.98,EU_FR_Champagne
1994-04-30,64.02,8.01,22.81,EU_FR_Champagne
1994-05-31,69.19,12.84,21.94,EU_FR_Champagne
1994-06-30,40.36,16.33,28.03,EU_FR_Champagne
1994-07-31,52.28,22.34,33.33,EU_FR_Champagne
1994-08-31,69.53,19.06,34.57,EU_FR_Champagne
1994-09-30,86.69,13.92,23.09,EU_FR_Champagne
1994-10-31,55.81,9.74,20.81,EU_FR_Champagne
1994-11-30,37.03,8.53,17.62,EU_FR_Champagne
1994-12-31,86.95,4.6,12.76,EU_FR_Champagne
1995-01-31,122.58,2.46,13.1,EU_FR_Champagne
1995-02-28,68.35,5.49,14.86,EU_FR_Champagne
1995-03-31,86.55,4.28,14.44,EU_FR_Champagne
1995-04-30,55.04,8.72,18.34,EU_FR_Champagne
1995-05-31,54.77,12.89,24.3,EU_FR_Champagne
1995-06-30,45.96,14.84,28.58,EU_FR_Champagne
1995-07-31,68.49,21.14,35.34,EU_FR_Champagne
1995-08-31,38.23,20.25,32.41,EU_FR_Champagne
1995-09-30,86.02,13.55,22.68,EU_FR_Champagne
1995-10-31,43.18,13.18,23.77,EU_FR_Champagne
1995-11-30,29.16,5.09,17.53,EU_FR_Champagne
1995-12-31,49.01,0.47,11.53,EU_FR_Champagne
1996-01-31,37.19,1.14,10.42,EU_FR_Champagne
1996-02-29,68.02,-0.07,10.03,EU_FR_Champagne
1996-03-31,19.59,3.29,18.17,EU_FR_Champagne
1996-04-30,12.68,8.71,21.84,EU_FR_Champagne
1996-05-31,68.3,11.49,25.19,EU_FR_Champagne
1996-06-30,26.56,17.36,30.86,EU_FR_Champagne
1996-07-31,32.5,18.56,30.03,EU_FR_Champagne
1996-08-31,78.84,18.28,30.51,EU_FR_Champagne
1996-09-30,23.01,12.71,25.95,EU_FR_Champagne
1996-10-31,60.42,10.01,19.75,EU_FR_Champagne
1996-11-30,120.8,4.76,15.93,EU_FR_Champagne
1996-12-31,55.96,-0.67,8.11,EU_FR_Champagne
1997-01-31,14.33,-2.62,10.2,EU_FR_Champagne
1997-02-28,86.18,4.32,14.66,EU_FR_Champagne
1997-03-31,19.35,7.22,16.65,EU_FR_Champagne
1997-04-30,21.53,7.6,18.37,EU_FR_Champagne
1997-05-31,79.51,12.83,24.91,EU_FR_Champagne
1997-06-30,103.36,16.02,26.64,EU_FR_Champagne
1997-07-31,55.76,18.07,28.12,EU_FR_Champagne
1997-08-31,71.84,21.79,34.31,EU_FR_Champagne
1997-09-30,16.01,15.42,26.74,EU_FR_Champagne
1997-10-31,51.37,9.53,24.32,EU_FR_Champagne
1997-11-30,80.65,5.9,14.01,EU_FR_Champagne
1997-12-31,79.1,3.3,13.28,EU_FR_Champagne
1998-01-31,58.8,2.6,12.05,EU_FR_Champagne
1998-02-28,10.07,3.15,15.15,EU_FR_Champagne
1998-03-31,32.83,6.23,20.0,EU_FR_Champagne
1998-04-30,137.08,8.15,20.72,EU_FR_Champagne
1998-05-31,27.12,14.31,27.54,EU_FR_Champagne
1998-06-30,50.94,16.86,28.41,EU_FR_Champagne
1998-07-31,46.63,17.81,33.97,EU_FR_Champagne
1998-08-31,21.41,19.47,38.08,EU_FR_Champagne
1998-09-30,83.06,15.04,25.25,EU_FR_Champagne
1998-10-31,138.02,9.96,19.37,EU_FR_Champagne
1998-11-30,45.96,2.16,13.19,EU_FR_Champagne
1998-12-31,54.7,2.08,10.59,EU_FR_Champagne
1999-01-31,66.84,3.8,12.97,EU_FR_Champagne
1999-02-28,59.52,1.83,10.85,EU_FR_Champagne
1999-03-31,51.83,6.52,17.01,EU_FR_Champagne
1999-04-30,70.62,9.19,20.57,EU_FR_Champagne
1999-05-31,46.19,14.7,25.96,EU_FR_Champagne
1999-06-30,51.02,15.67,25.07,EU_FR_Champagne
1999-07-31,38.46,20.46,31.31,EU_FR_Champagne
1999-08-31,59.16,19.36,31.49,EU_FR_Champagne
1999-09-30,96.65,17.72,30.79,EU_FR_Champagne
1999-10-31,57.4,9.84,20.17,EU_FR_Champagne
1999-11-30,45.16,3.55,18.16,EU_FR_Champagne
1999-12-31,182.94,2.92,10.92,EU_FR_Champagne
2000-01-31,36.81,1.41,9.57,EU_FR_Champagne
2000-02-29,73.2,4.38,13.77,EU_FR_Champagne
2000-03-31,61.03,5.83,15.43,EU_FR_Champagne
2000-04-30,72.06,9.11,19.88,EU_FR_Champagne
2000-05-31,65.04,14.62,26.1,EU_FR_Champagne
2000-06-30,26.96,16.91,28.34,EU_FR_Champagne
2000-07-31,132.25,16.08,25.67,EU_FR_Champagne
2000-08-31,52.38,18.94,28.79,EU_FR_Champagne
2000-09-30,62.69,15.82,27.59,EU_FR_Champagne
2000-10-31,97.49,10.47,19.76,EU_FR_Champagne
2000-11-30,106.63,6.83,14.54,EU_FR_Champagne
2000-12-31,73.43,5.08,13.78,EU_FR_Champagne
2001-01-31,94.41,2.73,10.66,EU_FR_Champagne
2001-02-28,54.89,3.41,11.66,EU_FR_Champagne
2001-03-31,136.66,6.93,16.55,EU_FR_Champagne
2001-04-30,112.48,7.61,18.61,EU_FR_Champagne
2001-05-31,38.83,14.25,25.13,EU_FR_Champagne
2001-06-30,44.89,15.35,29.19,EU_FR_Champagne
2001-07-31,110.14,18.86,29.09,EU_FR_Champagne
2001-08-31,55.41,19.49,33.24,EU_FR_Champagne
2001-09-30,101.06,12.47,22.16,EU_FR_Champagne
2001-10-31,71.17,13.03,24.39,EU_FR_Champagne
2001-11-30,71.04,4.0,12.85,EU_FR_Champagne
2001-12-31,57.38,0.45,11.43,EU_FR_Champagne
2002-01-31,36.23,1.73,12.57,EU_FR_Champagne
2002-02-28,122.93,5.51,13.87,EU_FR_Champagne
2002-03-31,60.15,6.4,18.4,EU_FR_Champagne
2002-04-30,21.93,8.63,20.54,EU_FR_Champagne
2002-05-31,58.46,12.9,25.4,EU_FR_Champagne
2002-06-30,45.37,17.57,32.72,EU_FR_Champagne
2002-07-31,61.16,18.69,33.26,EU_FR_Champagne
2002-08-31,67.91,18.97,32.16,EU_FR_Champagne
2002-09-30,27.24,14.29,24.97,EU_FR_Champagne
2002-10-31,75.06,10.76,21.1,EU_FR_Champagne
2002-11-30,104.8,7.74,15.86,EU_FR_Champagne
2002-12-31,85.31,4.27,12.13,EU_FR_Champagne
2003-01-31,77.77,0.37,13.64,EU_FR_Champagne
2003-02-28,21.89,-0.02,11.43,EU_FR_Champagne
2003-03-31,17.65,7.05,20.0,EU_FR_Champagne
2003-04-30,55.27,9.28,22.93,EU_FR_Champagne
2003-05-31,75.97,13.74,25.49,EU_FR_Champagne
2003-06-30,53.66,19.66,30.33,EU_FR_Champagne
2003-07-31,41.23,20.52,34.68,EU_FR_Champagne
2003-08-31,48.7,23.35,40.62,EU_FR_Champagne
2003-09-30,13.73,15.48,29.75,EU_FR_Champagne
2003-10-31,64.48,8.01,24.97,EU_FR_Champagne
2003-11-30,43.49,6.87,16.77,EU_FR_Champagne
2003-12-31,57.0,2.52,10.67,EU_FR_Champagne
2004-01-31,99.35,1.66,11.74,EU_FR_Champagne
2004-02-29,23.84,2.78,13.68,EU_FR_Champagne
2004-03-31,32.2,4.6,19.27,EU_FR_Champagne
2004-04-30,50.63,9.44,20.54,EU_FR_Champagne
2004-05-31,49.01,12.28,23.63,EU_FR_Champagne
2004-06-30,46.94,16.86,29.14,EU_FR_Champagne
2004-07-31,70.93,18.61,30.8,EU_FR_Champagne
2004-08-31,90.81,19.46,32.91,EU_FR_Champagne
2004-09-30,21.51,16.13,28.98,EU_FR_Champagne
2004-10-31,67.46,11.39,24.42,EU_FR_Champagne
2004-11-30,26.04,5.05,13.78,EU_FR_Champagne
2004-12-31,53.39,0.72,8.59,EU_FR_Champagne
2005-01-31,40.17,2.47,10.18,EU_FR_Champagne
2005-02-28,42.33,0.47,11.54,EU_FR_Champagne
2005-03-31,35.82,5.7,19.27,EU_FR_Champagne
2005-04-30,56.15,9.66,23.96,EU_FR_Champagne
2005-05-31,65.51,13.4,28.33,EU_FR_Champagne
2005-06-30,35.07,18.67,33.16,EU_FR_Champagne
2005-07-31,94.35,19.92,33.07,EU_FR_Champagne
2005-08-31,40.19,17.75,32.55,EU_FR_Champagne
2005-09-30,46.09,16.47,29.63,EU_FR_Champagne
2005-10-31,33.36,13.44,22.32,EU_FR_Champagne
2005-11-30,42.87,4.59,19.42,EU_FR_Champagne
2005-12-31,43.57,1.19,9.23,EU_FR_Champagne
2006-01-31,27.81,-0.53,8.12,EU_FR_Champagne
2006-02-28,63.46,0.98,8.99,EU_FR_Champagne
2006-03-31,72.59,3.99,18.84,EU_FR_Champagne
2006-04-30,21.87,8.95,20.99,EU_FR_Champagne
2006-05-31,114.55,13.63,23.37,EU_FR_Champagne
2006-06-30,32.6,17.34,28.81,EU_FR_Champagne
2006-07-31,75.75,23.42,35.58,EU_FR_Champagne
2006-08-31,139.95,16.38,27.27,EU_FR_Champagne
2006-09-30,26.71,17.75,28.66,EU_FR_Champagne
2006-10-31,72.02,13.32,21.65,EU_FR_Champagne
2006-11-30,64.23,7.63,17.56,EU_FR_Champagne
2006-12-31,59.32,3.32,15.17,EU_FR_Champagne
2007-01-31,51.68,5.37,13.25,EU_FR_Champagne
2007-02-28,79.72,5.7,13.48,EU_FR_Champagne
2007-03-31,80.42,5.98,15.44,EU_FR_Champagne
2007-04-30,1.37,12.72,25.28,EU_FR_Champagne
2007-05-31,71.39,14.81,26.31,EU_FR_Champagne
2007-06-30,79.51,17.77,28.5,EU_FR_Champagne
2007-07-31,90.36,17.53,31.73,EU_FR_Champagne
2007-08-31,92.32,17.16,30.45,EU_FR_Champagne
2007-09-30,40.16,13.77,24.56,EU_FR_Champagne
2007-10-31,37.32,9.73,21.25,EU_FR_Champagne
2007-11-30,38.8,4.56,14.11,EU_FR_Champagne
2007-12-31,70.59,1.91,11.93,EU_FR_Champagne
2008-01-31,56.68,3.71,13.3,EU_FR_Champagne
2008-02-29,53.25,3.88,13.42,EU_FR_Champagne
2008-03-31,103.77,5.13,16.11,EU_FR_Champagne
2008-04-30,77.22,7.92,21.04,EU_FR_Champagne
2008-05-31,73.92,15.02,24.16,EU_FR_Champagne
2008-06-30,73.36,16.47,26.09,EU_FR_Champagne
2008-07-31,55.38,18.4,29.86,EU_FR_Champagne
2008-08-31,61.12,18.43,29.15,EU_FR_Champagne
2008-09-30,52.98,13.06,27.75,EU_FR_Champagne
2008-10-31,59.13,9.7,22.52,EU_FR_Champagne
2008-11-30,56.82,5.61,16.82,EU_FR_Champagne
2008-12-31,42.59,0.96,8.68,EU_FR_Champagne
2009-01-31,41.34,-1.41,9.79,EU_FR_Champagne
2009-02-28,46.29,1.32,11.87,EU_FR_Champagne
2009-03-31,45.1,5.14,14.16,EU_FR_Champagne
2009-04-30,69.88,11.18,20.92,EU_FR_Champagne
2009-05-31,77.17,14.27,27.48,EU_FR_Champagne
2009-06-30,73.95,16.09,27.69,EU_FR_Champagne
2009-07-31,93.85,18.91,29.82,EU_FR_Champagne
2009-08-31,30.49,20.13,33.67,EU_FR_Champagne
2009-09-30,32.55,15.78,28.91,EU_FR_Champagne
2009-10-31,50.66,10.02,26.37,EU_FR_Champagne
2009-11-30,94.95,8.06,16.61,EU_FR_Champagne
2009-12-31,75.64,1.7,10.18,EU_FR_Champagne
2010-01-31,33.95,-1.76,6.47,EU_FR_Champagne
2010-02-28,61.7,1.03,11.42,EU_FR_Champagne
2010-03-31,52.59,4.85,16.85,EU_FR_Champagne
2010-04-30,23.46,9.04,23.12,EU_FR_Champagne
2010-05-31,52.12,11.61,26.61,EU_FR_Champagne
2010-06-30,42.76,17.43,29.33,EU_FR_Champagne
2010-07-31,42.51,21.41,34.65,EU_FR_Champagne
2010-08-31,126.34,17.94,28.94,EU_FR_Champagne
2010-09-30,77.89,13.88,25.16,EU_FR_Champagne
2010-10-31,34.99,9.4,23.42,EU_FR_Champagne
2010-11-30,77.87,5.27,17.94,EU_FR_Champagne
2010-12-31,102.09,-2.69,1.74,EU_FR_Champagne
2011-01-31,67.52,1.55,12.13,EU_FR_Champagne
2011-02-28,31.32,2.97,12.66,EU_FR_Champagne
2011-03-31,25.52,6.37,17.99,EU_FR_Champagne
2011-04-30,19.54,12.24,23.07,EU_FR_Champagne
2011-05-31,35.53,14.5,26.33,EU_FR_Champagne
2011-06-30,89.03,17.23,34.35,EU_FR_Champagne
2011-07-31,63.28,17.01,29.48,EU_FR_Champagne
2011-08-31,72.53,18.83,31.12,EU_FR_Champagne
2011-09-30,47.51,17.02,30.43,EU_FR_Champagne
2011-10-31,42.47,11.23,26.07,EU_FR_Champagne
2011-11-30,21.14,7.2,17.55,EU_FR_Champagne
2011-12-31,135.28,4.96,12.19,EU_FR_Champagne
2012-01-31,59.28,3.46,12.49,EU_FR_Champagne
2012-02-29,15.75,-1.51,12.45,EU_FR_Champagne
2012-03-31,30.28,7.57,20.07,EU_FR_Champagne
2012-04-30,78.3,8.02,19.42,EU_FR_Champagne
2012-05-31,72.77,14.38,25.96,EU_FR_Champagne
2012-06-30,123.25,15.96,28.53,EU_FR_Champagne
2012-07-31,83.7,17.41,30.27,EU_FR_Champagne
2012-08-31,15.13,19.92,35.91,EU_FR_Champagne
2012-09-30,54.21,14.95,30.8,EU_FR_Champagne
2012-10-31,90.05,10.41,21.35,EU_FR_Champagne
2012-11-30,54.59,5.59,12.45,EU_FR_Champagne
2012-12-31,101.39,3.64,12.01,EU_FR_Champagne
2013-01-31,54.46,0.67,11.23,EU_FR_Champagne
2013-02-28,54.52,0.09,9.73,EU_FR_Champagne
2013-03-31,44.54,2.44,13.89,EU_FR_Champagne
2013-04-30,55.73,8.51,22.31,EU_FR_Champagne
2013-05-31,116.54,10.69,19.01,EU_FR_Champagne
2013-06-30,97.36,15.77,29.0,EU_FR_Champagne
2013-07-31,47.75,20.32,30.37,EU_FR_Champagne
2013-08-31,55.0,18.6,31.72,EU_FR_Champagne
2013-09-30,66.53,15.26,31.42,EU_FR_Champagne
2013-10-31,109.25,12.24,22.79,EU_FR_Champagne
2013-11-30,84.28,4.86,16.16,EU_FR_Champagne
2013-12-31,55.9,3.01,11.34,EU_FR_Champagne
2014-01-31,62.02,4.16,12.22,EU_FR_Champagne
2014-02-28,65.28,4.52,12.41,EU_FR_Champagne
2014-03-31,12.05,7.0,19.56,EU_FR_Champagne
2014-04-30,17.52,10.92,20.49,EU_FR_Champagne
2014-05-31,64.99,12.88,22.48,EU_FR_Champagne
2014-06-30,47.28,17.24,30.15,EU_FR_Champagne
2014-07-31,99.19,19.64,33.81,EU_FR_Champagne
2014-08-31,114.26,16.63,27.72,EU_FR_Champagne
2014-09-30,23.55,16.24,25.73,EU_FR_Champagne
2014-10-31,93.2,12.64,23.1,EU_FR_Champagne
2014-11-30,60.94,7.5,18.16,EU_FR_Champagne
2014-12-31,78.58,2.77,12.15,EU_FR_Champagne
2015-01-31,83.87,1.8,11.88,EU_FR_Champagne
2015-02-28,51.89,1.39,9.07,EU_FR_Champagne
2015-03-31,47.93,5.67,16.17,EU_FR_Champagne
2015-04-30,54.68,9.8,23.2,EU_FR_Champagne
2015-05-31,53.12,12.86,23.35,EU_FR_Champagne
2015-06-30,34.19,17.06,29.67,EU_FR_Champagne
2015-07-31,25.65,21.25,34.68,EU_FR_Champagne
2015-08-31,83.74,20.59,34.98,EU_FR_Champagne
2015-09-30,114.89,13.63,23.63,EU_FR_Champagne
2015-10-31,48.77,9.3,20.03,EU_FR_Champagne
2015-11-30,79.56,8.36,19.34,EU_FR_Champagne
2015-12-31,37.15,6.34,13.33,EU_FR_Champagne
2016-01-31,87.62,2.97,11.44,EU_FR_Champagne
2016-02-29,98.27,3.82,12.03,EU_FR_Champagne
2016-03-31,83.73,4.17,14.36,EU_FR_Champagne
2016-04-30,69.99,8.21,19.42,EU_FR_Champagne
2016-05-31,125.76,13.31,23.07,EU_FR_Champagne
2016-06-30,117.16,16.66,29.54,EU_FR_Champagne
2016-07-31,66.3,18.85,30.05,EU_FR_Champagne
2016-08-31,31.46,18.93,33.46,EU_FR_Champagne
2016-09-30,33.13,17.52,30.37,EU_FR_Champagne
2016-10-31,49.09,9.53,20.11,EU_FR_Champagne
2016-11-30,73.23,5.03,16.77,EU_FR_Champagne
2016-12-31,17.05,1.46,9.74,EU_FR_Champagne
2017-01-31,40.21,-1.64,7.14,EU_FR_Champagne
2017-02-28,47.25,4.6,14.16,EU_FR_Champagne
2017-03-31,64.85,8.24,20.67,EU_FR_Champagne
2017-04-30,12.89,8.51,21.67,EU_FR_Champagne
2017-05-31,51.15,14.92,29.29,EU_FR_Champagne
2017-06-30,55.25,19.82,35.17,EU_FR_Champagne
2017-07-31,96.89,20.24,34.38,EU_FR_Champagne
2017-08-31,87.93,18.76,31.23,EU_FR_Champagne
2017-09-30,108.4,13.9,24.71,EU_FR_Champagne
2017-10-31,34.34,11.69,22.1,EU_FR_Champagne
2017-11-30,99.06,5.21,16.12,EU_FR_Champagne
2017-12-31,109.39,3.04,12.77,EU_FR_Champagne
2018-01-31,157.94,5.61,12.48,EU_FR_Champagne
2018-02-28,44.47,-0.84,6.17,EU_FR_Champagne
2018-03-31,81.81,4.32,14.96,EU_FR_Champagne
2018-04-30,55.54,11.93,25.74,EU_FR_Champagne
2018-05-31,100.86,15.36,27.05,EU_FR_Champagne
2018-06-30,50.72,18.28,28.41,EU_FR_Champagne
2018-07-31,22.13,22.32,35.98,EU_FR_Champagne
2018-08-31,41.19,21.0,36.85,EU_FR_Champagne
2018-09-30,30.02,16.62,30.01,EU_FR_Champagne
2018-10-31,40.99,11.91,26.06,EU_FR_Champagne
2018-11-30,63.21,6.25,16.74,EU_FR_Champagne
2018-12-31,111.99,4.35,13.98,EU_FR_Champagne
2019-01-31,52.64,0.95,9.49,EU_FR_Champagne
2019-02-28,30.96,4.06,16.09,EU_FR_Champagne
2019-03-31,75.0,7.4,18.74,EU_FR_Champagne
2019-04-30,50.25,9.51,22.56,EU_FR_Champagne
2019-05-31,66.73,11.91,22.8,EU_FR_Champagne
2019-06-30,47.55,18.87,33.32,EU_FR_Champagne
2019-07-31,16.42,21.49,41.24,EU_FR_Champagne
2019-08-31,40.19,20.88,33.66,EU_FR_Champagne
2019-09-30,36.32,16.21,29.41,EU_FR_Champagne
2019-10-31,113.2,11.93,26.4,EU_FR_Champagne
2019-11-30,95.13,5.72,14.75,EU_FR_Champagne
2019-12-31,115.71,4.67,15.27,EU_FR_Champagne
2020-01-31,51.17,3.84,12.41,EU_FR_Champagne
2020-02-29,131.3,6.44,15.05,EU_FR_Champagne
2020-03-31,67.95,6.01,17.49,EU_FR_Champagne
2020-04-30,20.47,11.88,22.63,EU_FR_Champagne
2020-05-31,51.7,13.3,24.03,EU_FR_Champagne
2020-06-30,64.02,16.81,29.2,EU_FR_Champagne
2020-07-31,12.86,19.9,38.23,EU_FR_Champagne
2020-08-31,38.1,21.96,38.17,EU_FR_Champagne
2020-09-30,62.29,18.02,34.98,EU_FR_Champagne
2020-10-31,113.14,10.8,21.27,EU_FR_Champagne
2020-11-30,29.03,6.9,19.85,EU_FR_Champagne
2020-12-31,112.32,4.26,13.36,EU_FR_Champagne
2021-01-31,109.93,1.48,11.86,EU_FR_Champagne
2021-02-28,52.04,4.24,16.64,EU_FR_Champagne
2021-03-31,41.94,5.77,21.65,EU_FR_Champagne
2021-04-30,31.63,6.91,21.33,EU_FR_Champagne
2021-05-31,78.12,11.08,23.44,EU_FR_Champagne
2021-06-30,110.09,18.61,29.1,EU_FR_Champagne
2021-07-31,151.04,18.12,26.23,EU_FR_Champagne
2021-08-31,46.47,17.53,28.41,EU_FR_Champagne
2021-09-30,51.15,16.5,28.35,EU_FR_Champagne
2021-10-31,73.5,10.52,21.2,EU_FR_Champagne
2021-11-30,43.82,4.58,13.32,EU_FR_Champagne
2021-12-31,77.84,4.31,13.94,EU_FR_Champagne
2022-01-31,68.31,2.03,11.3,EU_FR_Champagne
2022-02-28,54.67,4.89,12.51,EU_FR_Champagne
2022-03-31,34.23,6.64,19.09,EU_FR_Champagne
2022-04-30,43.02,9.23,19.24,EU_FR_Champagne
2022-05-31,25.37,15.31,26.59,EU_FR_Champagne
2022-06-30,101.19,18.92,33.78,EU_FR_Champagne
2022-07-31,12.22,21.29,37.69,EU_FR_Champagne
2022-08-31,23.97,22.94,36.85,EU_FR_Champagne
2022-09-30,67.17,15.93,32.12,EU_FR_Champagne
2022-10-31,80.2,14.39,22.77,EU_FR_Champagne
2022-11-30,67.55,8.02,16.13,EU_FR_Champagne
2022-12-31,67.06,2.76,14.68,EU_FR_Champagne
2023-01-31,87.61,3.82,12.36,EU_FR_Champagne
2023-02-28,9.65,3.92,13.81,EU_FR_Champagne
2023-03-31,98.19,7.11,16.52,EU_FR_Champagne
2023-04-30,73.21,8.56,19.63,EU_FR_Champagne
2023-05-31,36.24,13.97,23.76,EU_FR_Champagne
2023-06-30,51.55,19.97,29.95,EU_FR_Champagne
2023-07-31,80.51,20.21,33.58,EU_FR_Champagne
2023-08-31,90.16,19.54,31.96,EU_FR_Champagne
2023-09-30,43.48,19.43,33.26,EU_FR_Champagne
2023-10-31,125.07,13.59,27.71,EU_FR_Champagne
2023-11-30,122.31,7.07,15.72,EU_FR_Champagne
2023-12-31,81.65,5.28,12.88,EU_FR_Champagne
2024-01-31,88.4,2.05,12.26,EU_FR_Champagne
2024-02-29,107.75,7.1,12.91,EU_FR_Champagne
2024-03-31,98.77,8.26,17.45,EU_FR_Champagne
2024-04-30,78.38,9.96,22.84,EU_FR_Champagne
2024-05-31,131.79,13.95,23.09,EU_FR_Champagne
2024-06-30,97.38,16.56,28.75,EU_FR_Champagne
2024-07-31,78.77,19.02,29.19,EU_FR_Champagne
2024-08-31,65.02,20.08,33.71,EU_FR_Champagne
2024-09-30,112.4,15.46,29.56,EU_FR_Champagne
2024-10-31,92.88,12.65,21.34,EU_FR_Champagne
2024-11-30,60.84,6.23,15.31,EU_FR_Champagne
2024-12-31,63.91,3.16,10.28,EU_FR_Champagne
2025-01-31,120.44,2.35,11.07,EU_FR_Champagne
2025-02-28,42.14,2.83,14.21,EU_FR_Champagne
2025-03-31,14.7,6.96,17.42,EU_FR_Champagne
2025-04-30,29.18,11.04,24.34,EU_FR_Champagne
2025-05-31,35.89,14.31,27.55,EU_FR_Champagne
2025-06-30,59.3,20.45,35.26,EU_FR_Champagne
2025-07-31,67.16,20.53,38.1,EU_FR_Champagne
2025-08-31,50.62,20.56,36.73,EU_FR_Champagne
2025-09-30,108.87,15.5,31.43,EU_FR_Champagne
2025-10-31,57.89,11.1,18.82,EU_FR_Champagne
2025-11-30,52.65,6.6,17.91,EU_FR_Champagne
2025-12-31,29.15,4.7,14.19,EU_FR_Champagne
1981-01-31,75.45,-1.95,7.54,EU_DE_North
1981-02-28,40.6,-0.16,8.43,EU_DE_North
1981-03-31,122.54,5.11,17.05,EU_DE_North
1981-04-30,21.15,6.4,18.82,EU_DE_North
1981-05-31,98.79,13.34,24.06,EU_DE_North
1981-06-30,105.54,15.03,25.19,EU_DE_North
1981-07-31,83.56,16.35,26.85,EU_DE_North
1981-08-31,78.86,16.44,28.34,EU_DE_North
1981-09-30,61.83,13.89,21.9,EU_DE_North
1981-10-31,97.61,7.47,18.24,EU_DE_North
1981-11-30,65.27,4.03,12.69,EU_DE_North
1981-12-31,44.24,-4.23,5.4,EU_DE_North
1982-01-31,68.81,-4.37,7.45,EU_DE_North
1982-02-28,18.02,-1.05,7.11,EU_DE_North
1982-03-31,51.74,3.39,15.18,EU_DE_North
1982-04-30,42.59,6.2,16.27,EU_DE_North
1982-05-31,70.73,11.76,24.25,EU_DE_North
1982-06-30,82.79,15.61,28.74,EU_DE_North
1982-07-31,19.76,18.36,28.79,EU_DE_North
1982-08-31,59.68,17.36,27.88,EU_DE_North
1982-09-30,16.69,15.1,24.7,EU_DE_North
1982-10-31,93.45,9.53,20.25,EU_DE_North
1982-11-30,40.52,5.08,14.36,EU_DE_North
1982-12-31,60.68,1.1,9.15,EU_DE_North
1983-01-31,86.84,3.66,10.72,EU_DE_North
1983-02-28,46.59,-1.99,6.1,EU_DE_North
1983-03-31,61.86,3.57,12.83,EU_DE_North
1983-04-30,115.1,7.64,19.73,EU_DE_North
1983-05-31,94.5,11.72,22.12,EU_DE_North
1983-06-30,58.82,15.24,26.13,EU_DE_North
1983-07-31,17.53,18.46,27.75,EU_DE_North
1983-08-31,28.88,17.68,27.08,EU_DE_North
1983-09-30,49.45,13.52,26.73,EU_DE_North
1983-10-31,70.3,8.89,21.39,EU_DE_North
1983-11-30,48.91,3.42,12.47,EU_DE_North
1983-12-31,67.96,-0.69,8.95,EU_DE_North
1984-01-31,93.12,0.45,7.13,EU_DE_North
1984-02-29,43.52,-0.69,5.93,EU_DE_North
1984-03-31,29.57,0.94,12.05,EU_DE_North
1984-04-30,32.53,6.64,20.24,EU_DE_North
1984-05-31,81.64,11.69,22.41,EU_DE_North
1984-06-30,99.85,13.8,24.85,EU_DE_North
1984-07-31,57.17,15.58,27.95,EU_DE_North
1984-08-31,45.9,17.55,25.98,EU_DE_North
1984-09-30,68.66,12.27,23.12,EU_DE_North
1984-10-31,79.15,10.12,17.84,EU_DE_North
1984-11-30,50.72,3.4,13.44,EU_DE_North
1984-12-31,42.37,-0.07,8.19,EU_DE_North
1985-01-31,48.49,-6.81,4.72,EU_DE_North
1985-02-28,19.15,-4.19,6.02,EU_DE_North
1985-03-31,57.44,1.97,11.43,EU_DE_North
1985-04-30,82.47,6.59,19.47,EU_DE_North
1985-05-31,55.83,12.7,25.95,EU_DE_North
1985-06-30,93.81,13.69,25.02,EU_DE_North
1985-07-31,64.41,16.73,27.64,EU_DE_North
1985-08-31,56.5,16.02,27.13,EU_DE_North
1985-09-30,53.57,12.64,23.58,EU_DE_North
1985-10-31,21.02,9.16,23.37,EU_DE_North
1985-11-30,62.19,0.39,13.8,EU_DE_North
1985-12-31,81.05,2.0,7.97,EU_DE_North
1986-01-31,81.43,-1.51,6.07,EU_DE_North
1986-02-28,15.83,-6.21,2.35,EU_DE_North
1986-03-31,62.13,1.79,12.13,EU_DE_North
1986-04-30,51.17,5.27,19.23,EU_DE_North
1986-05-31,73.53,13.01,22.82,EU_DE_North
1986-06-30,53.84,15.37,26.62,EU_DE_North
1986-07-31,71.49,16.81,29.23,EU_DE_North
1986-08-31,71.36,15.65,28.39,EU_DE_North
1986-09-30,59.14,10.87,19.84,EU_DE_North
1986-10-31,52.67,9.17,19.6,EU_DE_North
1986-11-30,49.49,5.81,13.43,EU_DE_North
1986-12-31,94.65,1.37,10.13,EU_DE_North
1987-01-31,53.01,-7.81,3.08,EU_DE_North
1987-02-28,43.73,-1.9,6.19,EU_DE_North
1987-03-31,41.37,-1.29,10.05,EU_DE_North
1987-04-30,47.26,7.98,22.67,EU_DE_North
1987-05-31,73.79,9.75,20.51,EU_DE_North
1987-06-30,105.42,13.36,29.04,EU_DE_North
1987-07-31,107.55,16.37,26.74,EU_DE_North
1987-08-31,70.71,15.25,26.51,EU_DE_North
1987-09-30,79.55,13.19,24.09,EU_DE_North
1987-10-31,45.98,8.52,20.93,EU_DE_North
1987-11-30,76.95,5.13,10.9,EU_DE_North
1987-12-31,50.36,1.3,10.23,EU_DE_North
1988-01-31,80.81,2.58,11.23,EU_DE_North
1988-02-29,80.01,1.94,7.68,EU_DE_North
1988-03-31,76.95,2.14,13.08,EU_DE_North
1988-04-30,21.02,6.75,22.34,EU_DE_North
1988-05-31,31.69,13.32,24.37,EU_DE_North
1988-06-30,89.28,15.63,23.78,EU_DE_North
1988-07-31,101.16,16.99,26.05,EU_DE_North
1988-08-31,36.1,16.26,26.69,EU_DE_North
1988-09-30,52.64,13.38,21.12,EU_DE_North
1988-10-31,44.97,8.79,17.35,EU_DE_North
1988-11-30,45.72,2.66,10.35,EU_DE_North
1988-12-31,66.41,2.66,8.88,EU_DE_North
1989-01-31,18.78,2.82,8.93,EU_DE_North
1989-02-28,39.88,3.57,11.92,EU_DE_North
1989-03-31,59.12,6.02,20.05,EU_DE_North
1989-04-30,48.46,6.92,20.87,EU_DE_North
1989-05-31,9.38,12.94,24.43,EU_DE_North
1989-06-30,48.77,15.52,26.69,EU_DE_North
1989-07-31,84.67,17.28,29.64,EU_DE_North
1989-08-31,92.69,16.66,28.05,EU_DE_North
1989-09-30,22.09,14.9,25.28,EU_DE_North
1989-10-31,53.51,10.4,19.11,EU_DE_North
1989-11-30,30.52,2.75,13.02,EU_DE_North
1989-12-31,67.9,1.25,12.64,EU_DE_North
1990-01-31,48.0,2.6,10.34,EU_DE_North
1990-02-28,65.7,5.46,15.59,EU_DE_North
1990-03-31,45.41,6.87,18.12,EU_DE_North
1990-04-30,29.56,7.73,19.43,EU_DE_North
1990-05-31,30.94,13.64,25.27,EU_DE_North
1990-06-30,107.86,15.57,24.81,EU_DE_North
1990-07-31,38.44,16.56,26.94,EU_DE_North
1990-08-31,56.77,17.92,29.61,EU_DE_North
1990-09-30,107.92,12.11,21.13,EU_DE_North
1990-10-31,43.26,9.79,21.25,EU_DE_North
1990-11-30,89.56,4.14,11.89,EU_DE_North
1990-12-31,56.07,0.08,7.2,EU_DE_North
1991-01-31,39.05,1.23,12.89,EU_DE_North
1991-02-28,35.11,-2.91,11.88,EU_DE_North
1991-03-31,23.26,5.39,16.18,EU_DE_North
1991-04-30,33.46,7.0,18.46,EU_DE_North
1991-05-31,36.73,9.84,20.78,EU_DE_North
1991-06-30,141.6,13.21,21.65,EU_DE_North
1991-07-31,41.65,18.59,28.98,EU_DE_North
1991-08-31,64.75,17.75,28.14,EU_DE_North
1991-09-30,44.37,14.44,25.23,EU_DE_North
1991-10-31,35.65,8.34,20.43,EU_DE_North
1991-11-30,60.38,3.82,13.26,EU_DE_North
1991-12-31,58.15,0.77,10.6,EU_DE_North
1992-01-31,41.03,0.83,7.44,EU_DE_North
1992-02-29,40.52,2.95,12.67,EU_DE_North
1992-03-31,78.32,4.59,14.99,EU_DE_North
1992-04-30,65.31,7.51,18.97,EU_DE_North
1992-05-31,32.44,13.8,25.65,EU_DE_North
1992-06-30,24.82,18.02,29.48,EU_DE_North
1992-07-31,61.62,18.99,30.87,EU_DE_North
1992-08-31,64.19,18.5,34.54,EU_DE_North
1992-09-30,26.34,13.59,23.73,EU_DE_North
1992-10-31,65.43,6.13,17.09,EU_DE_North
1992-11-30,92.28,4.47,11.32,EU_DE_North
1992-12-31,46.12,0.65,10.83,EU_DE_North
1993-01-31,91.14,1.11,11.13,EU_DE_North
1993-02-28,34.5,0.13,9.11,EU_DE_North
1993-03-31,15.93,3.29,15.66,EU_DE_North
1993-04-30,26.89,9.67,24.92,EU_DE_North
1993-05-31,69.3,14.7,26.73,EU_DE_North
1993-06-30,96.92,15.15,26.51,EU_DE_North
1993-07-31,118.73,16.18,26.93,EU_DE_North
1993-08-31,61.93,15.48,25.56,EU_DE_North
1993-09-30,92.15,12.16,23.5,EU_DE_North
1993-10-31,45.26,7.6,18.71,EU_DE_North
1993-11-30,35.05,-0.07,9.02,EU_DE_North
1993-12-31,122.41,1.43,12.44,EU_DE_North
1994-01-31,104.7,2.31,9.34,EU_DE_North
1994-02-28,17.51,-2.24,5.9,EU_DE_North
1994-03-31,107.76,4.42,14.81,EU_DE_North
1994-04-30,54.29,8.26,20.95,EU_DE_North
1994-05-31,40.4,12.43,21.28,EU_DE_North
1994-06-30,63.78,15.09,28.45,EU_DE_North
1994-07-31,29.59,20.84,31.14,EU_DE_North
1994-08-31,116.74,17.76,32.59,EU_DE_North
1994-09-30,72.98,13.21,21.9,EU_DE_North
1994-10-31,45.73,7.3,15.89,EU_DE_North
1994-11-30,55.44,6.27,13.28,EU_DE_North
1994-12-31,82.8,3.04,11.6,EU_DE_North
1995-01-31,84.44,-0.18,8.58,EU_DE_North
1995-02-28,76.81,3.93,12.11,EU_DE_North
1995-03-31,63.29,2.85,12.38,EU_DE_North
1995-04-30,38.55,7.83,24.12,EU_DE_North
1995-05-31,57.86,11.78,25.01,EU_DE_North
1995-06-30,58.71,14.62,25.28,EU_DE_North
1995-07-31,40.4,19.71,30.28,EU_DE_North
1995-08-31,44.37,19.18,28.99,EU_DE_North
1995-09-30,92.21,13.67,22.23,EU_DE_North
1995-10-31,23.44,11.65,22.85,EU_DE_North
1995-11-30,33.27,2.59,9.9,EU_DE_North
1995-12-31,34.18,-4.47,3.55,EU_DE_North
1996-01-31,4.87,-5.64,2.47,EU_DE_North
1996-02-29,42.18,-4.53,7.23,EU_DE_North
1996-03-31,13.63,0.0,10.25,EU_DE_North
1996-04-30,25.53,7.88,25.61,EU_DE_North
1996-05-31,80.5,10.98,27.66,EU_DE_North
1996-06-30,31.8,15.45,30.83,EU_DE_North
1996-07-31,68.98,16.2,26.12,EU_DE_North
1996-08-31,55.73,18.4,28.58,EU_DE_North
1996-09-30,43.32,11.76,21.12,EU_DE_North
1996-10-31,72.68,9.24,17.68,EU_DE_North
1996-11-30,72.69,3.83,14.62,EU_DE_North
1996-12-31,31.03,-3.06,5.8,EU_DE_North
1997-01-31,9.58,-3.77,4.57,EU_DE_North
1997-02-28,66.64,3.22,12.23,EU_DE_North
1997-03-31,40.21,4.29,16.16,EU_DE_North
1997-04-30,35.91,6.13,15.96,EU_DE_North
1997-05-31,96.58,12.1,25.08,EU_DE_North
1997-06-30,52.7,16.17,25.76,EU_DE_North
1997-07-31,90.83,18.18,25.96,EU_DE_North
1997-08-31,40.16,21.32,30.56,EU_DE_North
1997-09-30,19.79,14.25,27.44,EU_DE_North
1997-10-31,50.05,8.18,21.23,EU_DE_North
1997-11-30,52.47,2.3,13.71,EU_DE_North
1997-12-31,66.22,0.92,9.52,EU_DE_North
1998-01-31,84.85,2.52,10.61,EU_DE_North
1998-02-28,23.48,4.45,14.44,EU_DE_North
1998-03-31,61.45,4.35,17.77,EU_DE_North
1998-04-30,80.31,8.77,21.41,EU_DE_North
1998-05-31,29.09,13.89,26.72,EU_DE_North
1998-06-30,86.17,16.52,26.82,EU_DE_North
1998-07-31,77.49,16.41,30.82,EU_DE_North
1998-08-31,81.04,16.17,29.2,EU_DE_North
1998-09-30,54.78,14.06,22.48,EU_DE_North
1998-10-31,139.14,8.28,18.29,EU_DE_North
1998-11-30,56.45,0.98,8.38,EU_DE_North
1998-12-31,73.49,-0.53,9.04,EU_DE_North
1999-01-31,55.57,1.96,11.03,EU_DE_North
1999-02-28,58.39,0.61,9.21,EU_DE_North
1999-03-31,70.65,4.47,17.05,EU_DE_North
1999-04-30,34.05,9.01,18.79,EU_DE_North
1999-05-31,45.06,12.84,27.32,EU_DE_North
1999-06-30,51.65,15.35,24.95,EU_DE_North
1999-07-31,34.38,18.96,29.92,EU_DE_North
1999-08-31,77.6,17.28,27.9,EU_DE_North
1999-09-30,31.92,17.09,27.29,EU_DE_North
1999-10-31,39.03,9.23,18.97,EU_DE_North
1999-11-30,22.36,3.93,13.72,EU_DE_North
1999-12-31,124.03,1.95,9.39,EU_DE_North
2000-01-31,49.74,1.34,8.28,EU_DE_North
2000-02-29,69.04,3.66,13.43,EU_DE_North
2000-03-31,84.6,4.83,13.15,EU_DE_North
2000-04-30,42.25,9.8,24.45,EU_DE_North
2000-05-31,33.12,14.34,27.38,EU_DE_North
2000-06-30,50.97,16.09,31.68,EU_DE_North
2000-07-31,109.07,15.82,24.36,EU_DE_North
2000-08-31,69.75,16.75,27.84,EU_DE_North
2000-09-30,78.74,13.62,22.81,EU_DE_North
2000-10-31,36.82,10.75,20.24,EU_DE_North
2000-11-30,37.39,5.62,11.95,EU_DE_North
2000-12-31,43.63,2.53,12.15,EU_DE_North
2001-01-31,36.18,-0.33,6.42,EU_DE_North
2001-02-28,46.69,0.83,11.93,EU_DE_North
2001-03-31,50.89,2.07,13.85,EU_DE_North
2001-04-30,63.59,6.98,21.92,EU_DE_North
2001-05-31,24.13,13.54,24.29,EU_DE_North
2001-06-30,78.42,14.6,26.45,EU_DE_North
2001-07-31,56.16,19.22,29.1,EU_DE_North
2001-08-31,67.61,18.71,31.45,EU_DE_North
2001-09-30,139.06,12.75,21.4,EU_DE_North
2001-10-31,37.48,12.27,21.77,EU_DE_North
2001-11-30,69.84,4.17,12.28,EU_DE_North
2001-12-31,87.28,-0.42,6.07,EU_DE_North
2002-01-31,57.39,1.31,11.85,EU_DE_North
2002-02-28,101.37,4.19,12.24,EU_DE_North
2002-03-31,47.19,4.87,16.32,EU_DE_North
2002-04-30,67.73,7.79,17.88,EU_DE_North
2002-05-31,69.79,14.41,25.12,EU_DE_North
2002-06-30,76.49,16.69,29.7,EU_DE_North
2002-07-31,139.53,18.17,29.95,EU_DE_North
2002-08-31,83.64,20.03,28.19,EU_DE_North
2002-09-30,25.49,14.53,24.97,EU_DE_North
2002-10-31,89.55,7.45,19.05,EU_DE_North
2002-11-30,88.85,3.15,9.73,EU_DE_North
2002-12-31,29.44,-3.0,4.25,EU_DE_North
2003-01-31,58.43,-1.68,8.0,EU_DE_North
2003-02-28,14.87,-3.03,6.09,EU_DE_North
2003-03-31,20.91,3.55,15.26,EU_DE_North
2003-04-30,43.03,7.63,19.47,EU_DE_North
2003-05-31,43.45,13.47,25.38,EU_DE_North
2003-06-30,32.97,17.74,28.55,EU_DE_North
2003-07-31,55.34,19.17,30.06,EU_DE_North
2003-08-31,28.74,18.94,30.1,EU_DE_North
2003-09-30,48.5,14.39,25.98,EU_DE_North
2003-10-31,45.28,5.91,16.92,EU_DE_North
2003-11-30,36.06,5.57,12.4,EU_DE_North
2003-12-31,56.83,1.58,8.93,EU_DE_North
2004-01-31,90.69,-1.65,4.84,EU_DE_North
2004-02-29,68.29,1.99,13.07,EU_DE_North
2004-03-31,39.82,3.95,18.24,EU_DE_North
2004-04-30,40.02,9.2,20.32,EU_DE_North
2004-05-31,41.56,12.07,23.44,EU_DE_North
2004-06-30,73.47,15.03,22.39,EU_DE_North
2004-07-31,100.29,16.66,26.83,EU_DE_North
2004-08-31,60.1,18.7,28.09,EU_DE_North
2004-09-30,68.33,14.19,25.72,EU_DE_North
2004-10-31,34.75,9.51,19.51,EU_DE_North
2004-11-30,60.39,4.08,12.74,EU_DE_North
2004-12-31,45.88,1.95,7.54,EU_DE_North
2005-01-31,59.97,2.7,12.58,EU_DE_North
2005-02-28,48.62,-0.86,7.02,EU_DE_North
2005-03-31,45.16,2.6,16.86,EU_DE_North
2005-04-30,15.74,8.5,19.92,EU_DE_North
2005-05-31,78.31,12.55,30.09,EU_DE_North
2005-06-30,31.18,15.66,28.79,EU_DE_North
2005-07-31,109.74,18.4,28.14,EU_DE_North
2005-08-31,48.5,16.23,26.52,EU_DE_North
2005-09-30,52.0,15.29,28.02,EU_DE_North
2005-10-31,42.67,10.88,20.11,EU_DE_North
2005-11-30,44.22,4.37,17.62,EU_DE_North
2005-12-31,63.25,0.89,7.14,EU_DE_North
2006-01-31,27.05,-4.28,2.26,EU_DE_North
2006-02-28,45.25,-0.38,7.65,EU_DE_North
2006-03-31,69.6,0.18,17.65,EU_DE_North
2006-04-30,69.32,7.34,20.15,EU_DE_North
2006-05-31,68.87,12.84,23.12,EU_DE_North
2006-06-30,54.24,16.84,28.83,EU_DE_North
2006-07-31,39.22,21.67,32.38,EU_DE_North
2006-08-31,114.65,17.04,25.53,EU_DE_North
2006-09-30,32.73,16.97,25.2,EU_DE_North
2006-10-31,48.11,12.15,21.43,EU_DE_North
2006-11-30,69.23,6.98,15.29,EU_DE_North
2006-12-31,46.49,5.22,13.19,EU_DE_North
2007-01-31,114.56,4.47,12.6,EU_DE_North
2007-02-28,63.49,2.59,9.04,EU_DE_North
2007-03-31,60.88,6.33,16.96,EU_DE_North
2007-04-30,4.72,10.4,24.05,EU_DE_North
2007-05-31,107.27,13.98,27.76,EU_DE_North
2007-06-30,144.16,17.5,27.48,EU_DE_North
2007-07-31,124.82,17.22,32.21,EU_DE_North
2007-08-31,82.84,17.57,27.43,EU_DE_North
2007-09-30,64.96,13.52,23.44,EU_DE_North
2007-10-31,37.86,8.26,17.03,EU_DE_North
2007-11-30,55.79,3.63,12.93,EU_DE_North
2007-12-31,65.01,1.65,11.76,EU_DE_North
2008-01-31,92.01,2.91,10.62,EU_DE_North
2008-02-29,34.89,3.61,11.0,EU_DE_North
2008-03-31,82.97,3.85,15.52,EU_DE_North
2008-04-30,60.66,7.66,20.08,EU_DE_North
2008-05-31,19.44,13.63,26.15,EU_DE_North
2008-06-30,36.54,16.39,27.48,EU_DE_North
2008-07-31,74.49,17.97,29.08,EU_DE_North
2008-08-31,92.61,17.48,29.17,EU_DE_North
2008-09-30,32.83,13.13,22.54,EU_DE_North
2008-10-31,72.56,9.2,18.93,EU_DE_North
2008-11-30,45.04,5.07,13.18,EU_DE_North
2008-12-31,45.63,0.78,8.15,EU_DE_North
2009-01-31,30.58,-1.82,4.08,EU_DE_North
2009-02-28,54.58,-0.49,6.87,EU_DE_North
2009-03-31,58.25,4.07,12.97,EU_DE_North
2009-04-30,9.82,11.35,22.06,EU_DE_North
2009-05-31,42.85,13.04,25.66,EU_DE_North
2009-06-30,52.06,14.52,25.27,EU_DE_North
2009-07-31,99.5,18.45,28.03,EU_DE_North
2009-08-31,21.02,18.7,30.84,EU_DE_North
2009-09-30,32.25,14.85,28.82,EU_DE_North
2009-10-31,90.63,7.45,19.87,EU_DE_North
2009-11-30,97.1,6.58,12.38,EU_DE_North
2009-12-31,65.27,-0.6,7.38,EU_DE_North
2010-01-31,43.38,-7.04,0.6,EU_DE_North
2010-02-28,45.23,-3.27,5.87,EU_DE_North
2010-03-31,64.26,3.7,18.88,EU_DE_North
2010-04-30,18.52,7.96,22.45,EU_DE_North
2010-05-31,85.2,10.35,21.47,EU_DE_North
2010-06-30,27.57,16.1,28.06,EU_DE_North
2010-07-31,28.83,20.86,32.99,EU_DE_North
2010-08-31,170.9,17.32,26.42,EU_DE_North
2010-09-30,110.33,12.97,22.84,EU_DE_North
2010-10-31,38.1,8.2,20.62,EU_DE_North
2010-11-30,93.59,3.83,14.05,EU_DE_North
2010-12-31,63.56,-5.62,4.41,EU_DE_North
2011-01-31,50.68,-0.38,9.18,EU_DE_North
2011-02-28,52.52,-0.88,9.1,EU_DE_North
2011-03-31,19.35,3.26,14.53,EU_DE_North
2011-04-30,26.41,10.85,21.38,EU_DE_North
2011-05-31,32.06,13.21,25.71,EU_DE_North
2011-06-30,81.46,16.69,27.36,EU_DE_North
2011-07-31,144.21,17.15,25.37,EU_DE_North
2011-08-31,95.74,17.32,28.74,EU_DE_North
2011-09-30,42.38,14.99,26.16,EU_DE_North
2011-10-31,36.62,9.47,24.32,EU_DE_North
2011-11-30,8.47,4.15,14.01,EU_DE_North
2011-12-31,105.11,3.44,10.2,EU_DE_North
2012-01-31,87.03,1.13,10.72,EU_DE_North
2012-02-29,35.42,-1.78,10.67,EU_DE_North
2012-03-31,14.59,6.15,17.57,EU_DE_North
2012-04-30,43.33,7.39,20.16,EU_DE_North
2012-05-31,41.83,13.55,27.17,EU_DE_North
2012-06-30,72.94,14.77,26.32,EU_DE_North
2012-07-31,101.83,17.19,28.89,EU_DE_North
2012-08-31,38.64,17.78,31.72,EU_DE_North
2012-09-30,40.85,13.48,26.43,EU_DE_North
2012-10-31,62.85,8.65,20.84,EU_DE_North
2012-11-30,34.89,4.43,11.25,EU_DE_North
2012-12-31,87.55,-0.98,8.47,EU_DE_North
2013-01-31,68.83,-0.37,10.71,EU_DE_North
2013-02-28,47.53,-1.02,5.88,EU_DE_North
2013-03-31,27.86,-1.42,10.84,EU_DE_North
2013-04-30,28.89,6.98,22.78,EU_DE_North
2013-05-31,121.86,12.89,25.02,EU_DE_North
2013-06-30,63.44,15.81,28.33,EU_DE_North
2013-07-31,33.8,19.19,28.73,EU_DE_North
2013-08-31,40.46,17.89,31.16,EU_DE_North
2013-09-30,70.23,13.06,25.73,EU_DE_North
2013-10-31,47.16,10.27,20.19,EU_DE_North
2013-11-30,44.37,4.64,13.24,EU_DE_North
2013-12-31,41.93,3.69,10.15,EU_DE_North
2014-01-31,41.07,-0.05,10.48,EU_DE_North
2014-02-28,31.33,3.37,13.07,EU_DE_North
2014-03-31,15.65,6.66,18.43,EU_DE_North
2014-04-30,46.54,10.72,21.7,EU_DE_North
2014-05-31,60.01,13.06,28.15,EU_DE_North
2014-06-30,60.17,16.2,29.06,EU_DE_North
2014-07-31,90.92,20.26,29.65,EU_DE_North
2014-08-31,60.27,16.63,26.13,EU_DE_North
2014-09-30,30.64,15.81,26.29,EU_DE_North
2014-10-31,59.12,11.92,22.06,EU_DE_North
2014-11-30,20.1,5.98,17.31,EU_DE_North
2014-12-31,106.58,1.61,10.58,EU_DE_North
2015-01-31,86.4,1.91,10.83,EU_DE_North
2015-02-28,20.61,0.82,8.52,EU_DE_North
2015-03-31,54.38,4.95,14.92,EU_DE_North
2015-04-30,27.53,8.11,19.4,EU_DE_North
2015-05-31,45.81,11.44,22.79,EU_DE_North
2015-06-30,37.95,15.01,26.7,EU_DE_North
2015-07-31,64.48,18.1,34.4,EU_DE_North
2015-08-31,58.76,19.52,31.32,EU_DE_North
2015-09-30,53.16,13.51,23.15,EU_DE_North
2015-10-31,57.11,8.07,19.08,EU_DE_North
2015-11-30,99.8,7.03,16.4,EU_DE_North
2015-12-31,46.87,6.21,13.12,EU_DE_North
2016-01-31,50.35,-1.25,9.95,EU_DE_North
2016-02-29,63.26,2.51,12.0,EU_DE_North
2016-03-31,32.1,3.93,13.51,EU_DE_North
2016-04-30,46.01,7.68,19.85,EU_DE_North
2016-05-31,46.79,14.43,24.85,EU_DE_North
2016-06-30,66.08,17.75,29.61,EU_DE_North
2016-07-31,62.07,18.51,28.15,EU_DE_North
2016-08-31,37.87,17.61,31.55,EU_DE_North
2016-09-30,15.65,17.33,29.36,EU_DE_North
2016-10-31,36.25,8.59,17.01,EU_DE_North
2016-11-30,45.25,2.94,11.79,EU_DE_North
2016-12-31,55.64,2.3,9.69,EU_DE_North
2017-01-31,56.32,-1.38,5.79,EU_DE_North
2017-02-28,43.49,0.45,12.46,EU_DE_North
2017-03-31,53.79,6.11,20.78,EU_DE_North
2017-04-30,57.63,7.09,18.84,EU_DE_North
2017-05-31,49.59,13.91,26.65,EU_DE_North
2017-06-30,133.85,16.86,27.73,EU_DE_North
2017-07-31,136.28,17.33,26.58,EU_DE_North
2017-08-31,59.99,17.59,28.02,EU_DE_North
2017-09-30,50.67,13.68,22.49,EU_DE_North
2017-10-31,100.47,11.18,20.9,EU_DE_North
2017-11-30,71.64,5.06,13.45,EU_DE_North
2017-12-31,61.08,2.45,10.68,EU_DE_North
2018-01-31,93.07,2.13,10.12,EU_DE_North
2018-02-28,12.46,-1.76,5.0,EU_DE_North
2018-03-31,73.13,0.42,14.66,EU_DE_North
2018-04-30,60.92,10.8,25.64,EU_DE_North
2018-05-31,10.25,15.94,28.08,EU_DE_North
2018-06-30,33.57,17.69,28.07,EU_DE_North
2018-07-31,55.24,20.05,32.57,EU_DE_North
2018-08-31,34.51,19.58,32.16,EU_DE_North
2018-09-30,16.69,15.3,27.3,EU_DE_North
2018-10-31,22.39,10.95,24.65,EU_DE_North
2018-11-30,17.29,4.61,14.8,EU_DE_North
2018-12-31,71.32,3.77,11.43,EU_DE_North
2019-01-31,57.81,0.95,7.68,EU_DE_North
2019-02-28,27.34,3.45,14.23,EU_DE_North
2019-03-31,66.03,6.3,17.78,EU_DE_North
2019-04-30,21.09,9.45,22.31,EU_DE_North
2019-05-31,35.5,11.75,23.42,EU_DE_North
2019-06-30,62.77,20.11,32.71,EU_DE_North
2019-07-31,52.93,18.72,32.16,EU_DE_North
2019-08-31,42.99,19.58,31.08,EU_DE_North
2019-09-30,76.06,14.41,24.13,EU_DE_North
2019-10-31,81.61,10.55,21.28,EU_DE_North
2019-11-30,63.0,4.99,14.87,EU_DE_North
2019-12-31,47.56,3.36,10.18,EU_DE_North
2020-01-31,60.35,3.93,11.7,EU_DE_North
2020-02-29,97.86,4.97,14.57,EU_DE_North
2020-03-31,42.7,4.42,14.45,EU_DE_North
2020-04-30,15.69,8.89,20.94,EU_DE_North
2020-05-31,30.82,11.61,23.31,EU_DE_North
2020-06-30,65.13,17.56,28.0,EU_DE_North
2020-07-31,74.75,16.91,27.23,EU_DE_North
2020-08-31,59.55,20.3,31.92,EU_DE_North
2020-09-30,54.45,14.8,28.06,EU_DE_North
2020-10-31,68.52,10.39,19.71,EU_DE_North
2020-11-30,22.04,6.59,19.64,EU_DE_North
2020-12-31,68.73,1.95,11.07,EU_DE_North
2021-01-31,74.12,0.13,8.54,EU_DE_North
2021-02-28,39.59,-0.57,16.55,EU_DE_North
2021-03-31,47.51,4.68,21.91,EU_DE_North
2021-04-30,33.41,5.85,16.38,EU_DE_North
2021-05-31,82.42,10.96,25.58,EU_DE_North
2021-06-30,71.05,19.33,31.63,EU_DE_North
2021-07-31,90.14,19.7,27.54,EU_DE_North
2021-08-31,83.22,17.02,26.59,EU_DE_North
2021-09-30,44.8,15.64,25.98,EU_DE_North
2021-10-31,52.82,10.35,20.54,EU_DE_North
2021-11-30,55.08,5.91,12.92,EU_DE_North
2021-12-31,63.35,1.12,11.37,EU_DE_North
2022-01-31,43.75,3.26,10.92,EU_DE_North
2022-02-28,105.12,4.32,12.49,EU_DE_North
2022-03-31,7.59,4.28,16.17,EU_DE_North
2022-04-30,44.99,7.51,18.46,EU_DE_North
2022-05-31,49.35,13.71,26.1,EU_DE_North
2022-06-30,33.23,17.81,29.44,EU_DE_North
2022-07-31,48.18,18.69,34.42,EU_DE_North
2022-08-31,84.41,20.23,33.14,EU_DE_North
2022-09-30,72.68,13.66,23.84,EU_DE_North
2022-10-31,49.92,12.5,21.58,EU_DE_North
2022-11-30,29.55,5.55,16.17,EU_DE_North
2022-12-31,75.35,0.39,14.22,EU_DE_North
2023-01-31,86.35,3.63,13.83,EU_DE_North
2023-02-28,46.78,3.08,11.12,EU_DE_North
2023-03-31,71.99,5.03,16.13,EU_DE_North
2023-04-30,51.4,7.57,20.86,EU_DE_North
2023-05-31,28.53,12.95,24.81,EU_DE_North
2023-06-30,60.65,18.39,27.51,EU_DE_North
2023-07-31,124.34,18.04,30.84,EU_DE_North
2023-08-31,95.13,18.39,28.87,EU_DE_North
2023-09-30,60.06,17.77,28.65,EU_DE_North
2023-10-31,118.09,11.0,23.02,EU_DE_North
2023-11-30,71.72,5.2,12.26,EU_DE_North
2023-12-31,114.22,2.8,11.19,EU_DE_North
2024-01-31,72.95,1.03,10.81,EU_DE_North
2024-02-29,91.99,5.62,15.31,EU_DE_North
2024-03-31,31.16,7.09,18.71,EU_DE_North
2024-04-30,86.12,9.79,24.23,EU_DE_North
2024-05-31,94.76,15.9,23.96,EU_DE_North
2024-06-30,90.63,16.53,27.79,EU_DE_North
2024-07-31,75.67,18.7,29.29,EU_DE_North
2024-08-31,44.01,19.36,30.09,EU_DE_North
2024-09-30,71.27,15.93,29.38,EU_DE_North
2024-10-31,76.56,10.78,18.62,EU_DE_North
2024-11-30,62.66,5.22,13.45,EU_DE_North
2024-12-31,52.95,3.9,11.97,EU_DE_North
2025-01-31,64.94,1.5,10.65,EU_DE_North
2025-02-28,17.13,0.88,12.73,EU_DE_North
2025-03-31,14.31,5.66,17.44,EU_DE_North
2025-04-30,16.95,10.59,22.68,EU_DE_North
2025-05-31,40.99,12.83,23.36,EU_DE_North
2025-06-30,59.09,17.21,28.99,EU_DE_North
2025-07-31,125.1,18.85,33.53,EU_DE_North
2025-08-31,28.59,18.07,31.23,EU_DE_North
2025-09-30,46.93,15.27,26.56,EU_DE_North
2025-10-31,86.71,10.24,17.33,EU_DE_North
2025-11-30,61.33,4.9,15.79,EU_DE_North
2025-12-31,20.19,3.28,11.78,EU_DE_North
1981-01-31,55.2,-3.58,4.23,EU_PL_Centre
1981-02-28,30.49,-1.83,7.25,EU_PL_Centre
1981-03-31,73.76,4.11,17.51,EU_PL_Centre
1981-04-30,32.15,5.92,19.08,EU_PL_Centre
1981-05-31,51.36,13.82,24.12,EU_PL_Centre
1981-06-30,74.77,16.53,28.31,EU_PL_Centre
1981-07-31,162.46,17.44,28.03,EU_PL_Centre
1981-08-31,72.82,16.52,29.02,EU_PL_Centre
1981-09-30,31.28,14.08,25.96,EU_PL_Centre
1981-10-31,83.7,7.98,21.24,EU_PL_Centre
1981-11-30,60.79,2.75,12.4,EU_PL_Centre
1981-12-31,53.36,-6.24,1.41,EU_PL_Centre
1982-01-31,53.06,-5.51,4.38,EU_PL_Centre
1982-02-28,12.71,-2.57,4.13,EU_PL_Centre
1982-03-31,30.79,3.54,16.82,EU_PL_Centre
1982-04-30,31.48,5.29,18.1,EU_PL_Centre
1982-05-31,49.86,12.9,26.03,EU_PL_Centre
1982-06-30,59.72,16.03,29.06,EU_PL_Centre
1982-07-31,47.44,19.3,29.28,EU_PL_Centre
1982-08-31,26.05,19.22,30.0,EU_PL_Centre
1982-09-30,7.85,15.98,28.32,EU_PL_Centre
1982-10-31,13.7,9.64,20.85,EU_PL_Centre
1982-11-30,24.7,4.31,16.01,EU_PL_Centre
1982-12-31,49.51,0.1,8.33,EU_PL_Centre
1983-01-31,62.97,2.48,11.01,EU_PL_Centre
1983-02-28,45.2,-2.93,6.54,EU_PL_Centre
1983-03-31,43.17,3.92,13.72,EU_PL_Centre
1983-04-30,37.52,9.23,22.62,EU_PL_Centre
1983-05-31,54.85,14.95,28.95,EU_PL_Centre
1983-06-30,23.8,17.33,29.46,EU_PL_Centre
1983-07-31,17.53,21.18,35.06,EU_PL_Centre
1983-08-31,37.53,20.01,32.59,EU_PL_Centre
1983-09-30,44.58,14.68,30.94,EU_PL_Centre
1983-10-31,33.29,8.82,23.17,EU_PL_Centre
1983-11-30,36.92,2.21,13.55,EU_PL_Centre
1983-12-31,44.5,-1.93,8.95,EU_PL_Centre
1984-01-31,43.35,-0.74,6.2,EU_PL_Centre
1984-02-29,23.74,-2.02,5.17,EU_PL_Centre
1984-03-31,23.64,0.76,17.59,EU_PL_Centre
1984-04-30,37.85,7.74,20.75,EU_PL_Centre
1984-05-31,88.81,13.08,25.01,EU_PL_Centre
1984-06-30,80.17,14.76,25.93,EU_PL_Centre
1984-07-31,70.46,16.36,33.14,EU_PL_Centre
1984-08-31,23.06,19.01,30.93,EU_PL_Centre
1984-09-30,65.54,12.86,28.38,EU_PL_Centre
1984-10-31,31.78,10.2,24.03,EU_PL_Centre
1984-11-30,38.71,1.96,12.18,EU_PL_Centre
1984-12-31,19.49,-1.93,7.3,EU_PL_Centre
1985-01-31,30.47,-8.16,1.93,EU_PL_Centre
1985-02-28,24.47,-7.31,3.58,EU_PL_Centre
1985-03-31,34.61,2.41,13.92,EU_PL_Centre
1985-04-30,28.64,7.29,22.15,EU_PL_Centre
1985-05-31,81.61,14.76,27.32,EU_PL_Centre
1985-06-30,99.22,14.73,26.97,EU_PL_Centre
1985-07-31,47.83,18.12,28.81,EU_PL_Centre
1985-08-31,206.7,17.4,30.47,EU_PL_Centre
1985-09-30,32.72,12.72,24.55,EU_PL_Centre
1985-10-31,18.31,8.45,24.45,EU_PL_Centre
1985-11-30,33.77,-0.15,13.25,EU_PL_Centre
1985-12-31,71.02,0.53,8.52,EU_PL_Centre
1986-01-31,51.7,-2.56,4.49,EU_PL_Centre
1986-02-28,14.4,-9.52,0.63,EU_PL_Centre
1986-03-31,32.0,1.57,16.35,EU_PL_Centre
1986-04-30,50.41,7.09,22.2,EU_PL_Centre
1986-05-31,63.07,14.45,26.53,EU_PL_Centre
1986-06-30,75.86,15.93,28.57,EU_PL_Centre
1986-07-31,55.65,18.36,28.97,EU_PL_Centre
1986-08-31,97.71,17.47,32.48,EU_PL_Centre
1986-09-30,41.7,11.1,20.39,EU_PL_Centre
1986-10-31,37.99,8.46,20.38,EU_PL_Centre
1986-11-30,31.28,4.5,11.76,EU_PL_Centre
1986-12-31,64.53,-0.78,9.82,EU_PL_Centre
1987-01-31,33.18,-12.82,1.04,EU_PL_Centre
1987-02-28,43.24,-3.02,5.64,EU_PL_Centre
1987-03-31,21.11,-2.56,11.81,EU_PL_Centre
1987-04-30,42.02,7.0,21.66,EU_PL_Centre
1987-05-31,36.76,11.15,22.29,EU_PL_Centre
1987-06-30,89.05,15.28,29.2,EU_PL_Centre
1987-07-31,93.28,17.72,28.06,EU_PL_Centre
1987-08-31,73.26,15.51,29.69,EU_PL_Centre
1987-09-30,94.88,13.45,23.9,EU_PL_Centre
1987-10-31,42.56,8.73,21.64,EU_PL_Centre
1987-11-30,82.59,3.46,8.47,EU_PL_Centre
1987-12-31,43.3,-0.26,9.24,EU_PL_Centre
1988-01-31,46.66,0.88,8.87,EU_PL_Centre
1988-02-29,53.83,0.7,8.39,EU_PL_Centre
1988-03-31,47.4,0.77,13.26,EU_PL_Centre
1988-04-30,27.23,6.53,21.55,EU_PL_Centre
1988-05-31,24.93,14.12,24.68,EU_PL_Centre
1988-06-30,105.82,16.6,26.21,EU_PL_Centre
1988-07-31,107.76,18.79,33.8,EU_PL_Centre
1988-08-31,57.21,17.53,29.54,EU_PL_Centre
1988-09-30,55.22,13.99,24.27,EU_PL_Centre
1988-10-31,12.35,8.44,21.9,EU_PL_Centre
1988-11-30,45.2,0.15,6.8,EU_PL_Centre
1988-12-31,59.26,0.69,8.17,EU_PL_Centre
1989-01-31,17.2,0.87,8.27,EU_PL_Centre
1989-02-28,26.07,3.14,14.16,EU_PL_Centre
1989-03-31,22.33,5.34,17.32,EU_PL_Centre
1989-04-30,44.97,8.49,22.84,EU_PL_Centre
1989-05-31,16.58,13.97,25.11,EU_PL_Centre
1989-06-30,44.5,16.26,28.18,EU_PL_Centre
1989-07-31,46.06,19.38,32.45,EU_PL_Centre
1989-08-31,36.28,18.89,34.4,EU_PL_Centre
1989-09-30,17.48,15.89,28.9,EU_PL_Centre
1989-10-31,30.74,10.28,21.96,EU_PL_Centre
1989-11-30,28.11,1.28,14.14,EU_PL_Centre
1989-12-31,51.35,-0.31,10.5,EU_PL_Centre
1990-01-31,26.62,0.66,9.17,EU_PL_Centre
1990-02-28,25.25,4.13,15.51,EU_PL_Centre
1990-03-31,35.91,6.36,19.3,EU_PL_Centre
1990-04-30,41.87,8.15,19.9,EU_PL_Centre
1990-05-31,18.76,14.38,25.89,EU_PL_Centre
1990-06-30,83.9,17.14,29.72,EU_PL_Centre
1990-07-31,56.05,17.73,30.04,EU_PL_Centre
1990-08-31,57.35,18.55,33.79,EU_PL_Centre
1990-09-30,65.36,11.64,24.18,EU_PL_Centre
1990-10-31,34.4,9.09,21.95,EU_PL_Centre
1990-11-30,56.39,3.42,11.55,EU_PL_Centre
1990-12-31,38.36,-2.57,3.96,EU_PL_Centre
1991-01-31,25.23,-0.7,10.39,EU_PL_Centre
1991-02-28,20.37,-4.38,8.01,EU_PL_Centre
1991-03-31,28.65,4.39,15.25,EU_PL_Centre
1991-04-30,41.06,7.47,18.14,EU_PL_Centre
1991-05-31,62.19,9.57,21.38,EU_PL_Centre
1991-06-30,104.2,14.73,26.25,EU_PL_Centre
1991-07-31,32.16,19.29,30.43,EU_PL_Centre
1991-08-31,50.47,18.75,32.5,EU_PL_Centre
1991-09-30,36.83,15.04,26.87,EU_PL_Centre
1991-10-31,29.03,7.99,22.72,EU_PL_Centre
1991-11-30,52.73,2.29,10.95,EU_PL_Centre
1991-12-31,41.89,-1.51,7.13,EU_PL_Centre
1992-01-31,20.35,-1.36,7.48,EU_PL_Centre
1992-02-29,41.58,0.92,10.6,EU_PL_Centre
1992-03-31,78.87,2.81,14.2,EU_PL_Centre
1992-04-30,20.94,7.42,21.87,EU_PL_Centre
1992-05-31,30.79,13.82,25.17,EU_PL_Centre
1992-06-30,22.35,18.87,30.2,EU_PL_Centre
1992-07-31,34.65,20.94,33.45,EU_PL_Centre
1992-08-31,32.06,21.93,37.55,EU_PL_Centre
1992-09-30,21.39,14.33,24.81,EU_PL_Centre
1992-10-31,33.77,5.71,19.07,EU_PL_Centre
1992-11-30,45.43,2.86,12.67,EU_PL_Centre
1992-12-31,34.39,-2.18,9.57,EU_PL_Centre
1993-01-31,61.31,-0.96,12.21,EU_PL_Centre
1993-02-28,37.38,-1.79,3.56,EU_PL_Centre
1993-03-31,32.93,1.57,16.04,EU_PL_Centre
1993-04-30,12.81,8.83,25.99,EU_PL_Centre
1993-05-31,63.79,16.29,27.47,EU_PL_Centre
1993-06-30,94.33,16.0,29.75,EU_PL_Centre
1993-07-31,109.59,17.12,29.01,EU_PL_Centre
1993-08-31,52.99,16.95,32.2,EU_PL_Centre
1993-09-30,62.85,12.38,24.1,EU_PL_Centre
1993-10-31,21.21,7.51,21.44,EU_PL_Centre
1993-11-30,34.65,-2.09,10.53,EU_PL_Centre
1993-12-31,79.87,-0.04,9.8,EU_PL_Centre
1994-01-31,62.34,0.84,8.94,EU_PL_Centre
1994-02-28,16.54,-3.47,8.1,EU_PL_Centre
1994-03-31,80.9,3.71,19.31,EU_PL_Centre
1994-04-30,46.87,8.64,21.49,EU_PL_Centre
1994-05-31,55.01,12.47,23.78,EU_PL_Centre
1994-06-30,26.31,16.07,32.11,EU_PL_Centre
1994-07-31,38.59,22.48,37.56,EU_PL_Centre
1994-08-31,56.74,19.87,37.42,EU_PL_Centre
1994-09-30,62.97,14.87,25.18,EU_PL_Centre
1994-10-31,28.8,6.62,18.24,EU_PL_Centre
1994-11-30,32.07,3.7,14.08,EU_PL_Centre
1994-12-31,58.93,0.59,11.04,EU_PL_Centre
1995-01-31,41.75,-2.14,8.61,EU_PL_Centre
1995-02-28,41.64,2.31,13.0,EU_PL_Centre
1995-03-31,42.9,2.71,13.65,EU_PL_Centre
1995-04-30,25.53,7.7,24.07,EU_PL_Centre
1995-05-31,51.7,12.57,27.94,EU_PL_Centre
1995-06-30,82.75,16.79,26.28,EU_PL_Centre
1995-07-31,30.01,21.44,35.08,EU_PL_Centre
1995-08-31,60.3,20.17,32.53,EU_PL_Centre
1995-09-30,94.34,13.45,24.6,EU_PL_Centre
1995-10-31,13.43,10.79,24.02,EU_PL_Centre
1995-11-30,30.14,0.1,10.84,EU_PL_Centre
1995-12-31,23.67,-6.15,3.0,EU_PL_Centre
1996-01-31,9.77,-7.46,2.76,EU_PL_Centre
1996-02-29,34.21,-6.35,3.22,EU_PL_Centre
1996-03-31,14.56,-1.02,9.26,EU_PL_Centre
1996-04-30,19.54,7.7,25.2,EU_PL_Centre
1996-05-31,60.98,13.66,27.11,EU_PL_Centre
1996-06-30,38.57,17.7,32.37,EU_PL_Centre
1996-07-31,132.82,16.74,27.13,EU_PL_Centre
1996-08-31,59.88,18.95,28.72,EU_PL_Centre
1996-09-30,66.66,10.97,24.93,EU_PL_Centre
1996-10-31,39.13,9.42,21.77,EU_PL_Centre
1996-11-30,31.42,4.35,16.09,EU_PL_Centre
1996-12-31,10.96,-6.37,2.5,EU_PL_Centre
1997-01-31,6.64,-6.02,2.69,EU_PL_Centre
1997-02-28,50.02,1.27,12.28,EU_PL_Centre
1997-03-31,29.84,3.23,15.79,EU_PL_Centre
1997-04-30,42.65,4.86,17.41,EU_PL_Centre
1997-05-31,69.86,12.88,26.13,EU_PL_Centre
1997-06-30,50.27,16.91,33.59,EU_PL_Centre
1997-07-31,165.96,18.44,25.97,EU_PL_Centre
1997-08-31,36.39,20.19,29.57,EU_PL_Centre
1997-09-30,41.32,14.18,27.09,EU_PL_Centre
1997-10-31,52.95,6.81,20.79,EU_PL_Centre
1997-11-30,24.29,1.38,12.89,EU_PL_Centre
1997-12-31,47.3,-0.82,7.72,EU_PL_Centre
1998-01-31,46.15,-0.18,7.34,EU_PL_Centre
1998-02-28,42.49,2.44,11.73,EU_PL_Centre
1998-03-31,54.81,1.99,18.16,EU_PL_Centre
1998-04-30,48.33,9.66,22.73,EU_PL_Centre
1998-05-31,31.96,14.55,27.95,EU_PL_Centre
1998-06-30,55.07,17.63,32.6,EU_PL_Centre
1998-07-31,85.56,18.13,36.29,EU_PL_Centre
1998-08-31,58.71,17.17,29.23,EU_PL_Centre
1998-09-30,70.62,14.07,28.21,EU_PL_Centre
1998-10-31,80.16,7.65,18.97,EU_PL_Centre
1998-11-30,51.09,-1.72,8.47,EU_PL_Centre
1998-12-31,48.56,-2.63,7.85,EU_PL_Centre
1999-01-31,49.53,-0.96,8.31,EU_PL_Centre
1999-02-28,44.2,-1.38,8.43,EU_PL_Centre
1999-03-31,61.81,3.7,17.86,EU_PL_Centre
1999-04-30,75.06,8.82,17.74,EU_PL_Centre
1999-05-31,43.31,12.63,26.59,EU_PL_Centre
1999-06-30,85.65,16.63,26.44,EU_PL_Centre
1999-07-31,59.07,20.03,30.35,EU_PL_Centre
1999-08-31,30.47,18.43,28.9,EU_PL_Centre
1999-09-30,52.16,16.79,27.6,EU_PL_Centre
1999-10-31,44.11,8.46,23.11,EU_PL_Centre
1999-11-30,42.35,1.37,13.45,EU_PL_Centre
1999-12-31,55.94,-0.29,7.66,EU_PL_Centre
2000-01-31,42.3,-1.97,8.13,EU_PL_Centre
2000-02-29,49.14,1.69,11.58,EU_PL_Centre
2000-03-31,73.28,3.37,14.65,EU_PL_Centre
2000-04-30,28.74,11.25,26.04,EU_PL_Centre
2000-05-31,55.19,15.12,28.47,EU_PL_Centre
2000-06-30,35.54,17.7,33.51,EU_PL_Centre
2000-07-31,128.75,16.5,25.64,EU_PL_Centre
2000-08-31,73.45,18.79,31.31,EU_PL_Centre
2000-09-30,35.26,12.54,24.49,EU_PL_Centre
2000-10-31,20.76,11.81,22.88,EU_PL_Centre
2000-11-30,54.03,5.36,12.15,EU_PL_Centre
2000-12-31,55.4,0.99,11.34,EU_PL_Centre
2001-01-31,30.97,-2.35,4.61,EU_PL_Centre
2001-02-28,24.59,-1.04,8.02,EU_PL_Centre
2001-03-31,60.79,1.14,15.31,EU_PL_Centre
2001-04-30,55.41,7.32,23.81,EU_PL_Centre
2001-05-31,34.88,14.17,25.21,EU_PL_Centre
2001-06-30,85.45,15.27,26.82,EU_PL_Centre
2001-07-31,110.83,20.03,31.38,EU_PL_Centre
2001-08-31,46.37,19.63,31.14,EU_PL_Centre
2001-09-30,116.04,12.25,20.97,EU_PL_Centre
2001-10-31,32.88,11.26,23.91,EU_PL_Centre
2001-11-30,32.52,2.13,10.78,EU_PL_Centre
2001-12-31,54.85,-3.9,2.19,EU_PL_Centre
2002-01-31,45.16,-2.92,11.16,EU_PL_Centre
2002-02-28,70.02,2.81,11.04,EU_PL_Centre
2002-03-31,48.63,3.76,16.36,EU_PL_Centre
2002-04-30,32.91,8.11,18.9,EU_PL_Centre
2002-05-31,61.2,16.88,26.76,EU_PL_Centre
2002-06-30,64.16,17.32,30.47,EU_PL_Centre
2002-07-31,51.82,20.14,32.05,EU_PL_Centre
2002-08-31,62.79,21.17,30.4,EU_PL_Centre
2002-09-30,42.28,14.09,27.73,EU_PL_Centre
2002-10-31,101.08,6.91,19.01,EU_PL_Centre
2002-11-30,49.97,2.94,12.85,EU_PL_Centre
2002-12-31,14.08,-5.79,3.44,EU_PL_Centre
2003-01-31,51.65,-3.73,5.33,EU_PL_Centre
2003-02-28,8.43,-4.84,6.03,EU_PL_Centre
2003-03-31,21.4,1.67,16.73,EU_PL_Centre
2003-04-30,23.66,6.81,22.17,EU_PL_Centre
2003-05-31,50.23,15.35,27.97,EU_PL_Centre
2003-06-30,29.11,18.61,30.02,EU_PL_Centre
2003-07-31,106.45,20.19,32.69,EU_PL_Centre
2003-08-31,23.78,19.88,33.6,EU_PL_Centre
2003-09-30,22.09,14.79,29.79,EU_PL_Centre
2003-10-31,41.79,5.31,17.57,EU_PL_Centre
2003-11-30,27.68,4.22,14.32,EU_PL_Centre
2003-12-31,48.56,0.36,8.14,EU_PL_Centre
2004-01-31,49.06,-5.46,2.52,EU_PL_Centre
2004-02-29,42.06,-0.1,12.99,EU_PL_Centre
2004-03-31,39.07,3.08,16.45,EU_PL_Centre
2004-04-30,24.7,8.56,20.07,EU_PL_Centre
2004-05-31,64.04,12.43,23.22,EU_PL_Centre
2004-06-30,52.46,16.1,25.77,EU_PL_Centre
2004-07-31,40.11,18.46,30.71,EU_PL_Centre
2004-08-31,55.1,20.46,32.64,EU_PL_Centre
2004-09-30,31.44,14.66,26.98,EU_PL_Centre
2004-10-31,54.99,9.93,24.55,EU_PL_Centre
2004-11-30,56.18,3.28,14.89,EU_PL_Centre
2004-12-31,45.95,0.19,5.99,EU_PL_Centre
2005-01-31,40.39,0.61,9.98,EU_PL_Centre
2005-02-28,47.53,-3.29,4.29,EU_PL_Centre
2005-03-31,35.43,0.02,14.79,EU_PL_Centre
2005-04-30,21.86,8.52,19.97,EU_PL_Centre
2005-05-31,87.06,13.43,29.4,EU_PL_Centre
2005-06-30,29.32,16.28,30.88,EU_PL_Centre
2005-07-31,77.03,20.75,33.96,EU_PL_Centre
2005-08-31,52.52,17.74,28.66,EU_PL_Centre
2005-09-30,27.64,16.57,29.64,EU_PL_Centre
2005-10-31,9.88,10.04,21.58,EU_PL_Centre
2005-11-30,27.14,2.46,13.49,EU_PL_Centre
2005-12-31,108.34,-1.82,3.55,EU_PL_Centre
2006-01-31,14.56,-9.64,0.6,EU_PL_Centre
2006-02-28,36.26,-3.36,3.7,EU_PL_Centre
2006-03-31,28.59,-0.22,15.53,EU_PL_Centre
2006-04-30,56.04,8.12,19.87,EU_PL_Centre
2006-05-31,57.29,13.58,24.27,EU_PL_Centre
2006-06-30,30.77,18.21,30.71,EU_PL_Centre
2006-07-31,18.43,24.12,35.14,EU_PL_Centre
2006-08-31,150.38,17.85,27.62,EU_PL_Centre
2006-09-30,21.78,17.08,26.55,EU_PL_Centre
2006-10-31,33.94,11.08,20.38,EU_PL_Centre
2006-11-30,50.3,5.91,14.75,EU_PL_Centre
2006-12-31,44.0,3.2,11.85,EU_PL_Centre
2007-01-31,88.98,3.23,12.15,EU_PL_Centre
2007-02-28,49.86,-0.44,8.43,EU_PL_Centre
2007-03-31,56.79,5.8,16.01,EU_PL_Centre
2007-04-30,13.15,9.52,23.89,EU_PL_Centre
2007-05-31,58.56,14.99,28.33,EU_PL_Centre
2007-06-30,67.68,19.5,29.16,EU_PL_Centre
2007-07-31,118.19,18.94,34.68,EU_PL_Centre
2007-08-31,54.29,19.01,29.9,EU_PL_Centre
2007-09-30,48.95,13.56,23.98,EU_PL_Centre
2007-10-31,21.47,8.04,19.99,EU_PL_Centre
2007-11-30,48.63,1.59,11.41,EU_PL_Centre
2007-12-31,35.85,-0.17,9.92,EU_PL_Centre
2008-01-31,74.79,0.31,9.34,EU_PL_Centre
2008-02-29,28.3,2.94,13.42,EU_PL_Centre
2008-03-31,61.09,3.4,16.07,EU_PL_Centre
2008-04-30,65.12,8.38,19.55,EU_PL_Centre
2008-05-31,19.48,13.67,24.82,EU_PL_Centre
2008-06-30,17.08,18.26,28.49,EU_PL_Centre
2008-07-31,54.03,20.1,30.89,EU_PL_Centre
2008-08-31,115.07,19.07,32.43,EU_PL_Centre
2008-09-30,31.88,13.37,29.31,EU_PL_Centre
2008-10-31,78.84,9.03,20.54,EU_PL_Centre
2008-11-30,28.14,4.45,16.69,EU_PL_Centre
2008-12-31,34.58,0.04,7.74,EU_PL_Centre
2009-01-31,27.71,-4.26,2.66,EU_PL_Centre
2009-02-28,33.2,-1.52,5.55,EU_PL_Centre
2009-03-31,57.0,2.84,12.53,EU_PL_Centre
2009-04-30,14.41,10.95,24.84,EU_PL_Centre
2009-05-31,65.46,13.42,27.56,EU_PL_Centre
2009-06-30,110.81,15.77,26.83,EU_PL_Centre
2009-07-31,81.47,19.64,31.7,EU_PL_Centre
2009-08-31,35.99,19.64,30.68,EU_PL_Centre
2009-09-30,34.07,15.71,28.02,EU_PL_Centre
2009-10-31,62.91,6.64,22.24,EU_PL_Centre
2009-11-30,42.54,5.15,12.69,EU_PL_Centre
2009-12-31,43.39,-2.11,7.94,EU_PL_Centre
2010-01-31,44.45,-10.49,0.07,EU_PL_Centre
2010-02-28,21.83,-3.83,8.16,EU_PL_Centre
2010-03-31,45.92,2.72,20.45,EU_PL_Centre
2010-04-30,38.79,8.19,23.52,EU_PL_Centre
2010-05-31,123.87,11.88,21.62,EU_PL_Centre
2010-06-30,37.38,17.23,30.15,EU_PL_Centre
2010-07-31,88.18,21.79,34.86,EU_PL_Centre
2010-08-31,124.8,19.39,29.8,EU_PL_Centre
2010-09-30,69.06,12.53,23.48,EU_PL_Centre
2010-10-31,8.51,5.76,16.76,EU_PL_Centre
2010-11-30,129.7,3.97,15.53,EU_PL_Centre
2010-12-31,61.95,-8.44,0.73,EU_PL_Centre
2011-01-31,38.02,-2.49,4.82,EU_PL_Centre
2011-02-28,35.23,-3.98,7.25,EU_PL_Centre
2011-03-31,22.13,2.48,14.72,EU_PL_Centre
2011-04-30,21.09,10.16,22.04,EU_PL_Centre
2011-05-31,27.57,14.0,27.8,EU_PL_Centre
2011-06-30,73.16,18.52,28.45,EU_PL_Centre
2011-07-31,128.26,18.29,29.25,EU_PL_Centre
2011-08-31,50.9,18.98,29.53,EU_PL_Centre
2011-09-30,38.26,15.43,27.97,EU_PL_Centre
2011-10-31,24.22,9.04,23.55,EU_PL_Centre
2011-11-30,4.48,2.72,15.28,EU_PL_Centre
2011-12-31,51.05,1.87,8.56,EU_PL_Centre
2012-01-31,70.67,-1.31,7.98,EU_PL_Centre
2012-02-29,45.36,-5.82,11.29,EU_PL_Centre
2012-03-31,17.37,4.42,19.24,EU_PL_Centre
2012-04-30,35.87,8.59,27.9,EU_PL_Centre
2012-05-31,38.17,15.17,28.56,EU_PL_Centre
2012-06-30,103.77,16.57,29.72,EU_PL_Centre
2012-07-31,86.62,20.14,33.49,EU_PL_Centre
2012-08-31,66.65,19.39,33.8,EU_PL_Centre
2012-09-30,29.76,14.71,30.19,EU_PL_Centre
2012-10-31,33.62,8.27,20.61,EU_PL_Centre
2012-11-30,62.37,4.11,11.2,EU_PL_Centre
2012-12-31,28.33,-3.31,5.99,EU_PL_Centre
2013-01-31,56.77,-4.35,6.77,EU_PL_Centre
2013-02-28,44.53,-1.5,5.62,EU_PL_Centre
2013-03-31,41.77,-2.92,11.28,EU_PL_Centre
2013-04-30,36.1,7.17,24.37,EU_PL_Centre
2013-05-31,88.8,14.34,25.95,EU_PL_Centre
2013-06-30,117.46,17.89,29.59,EU_PL_Centre
2013-07-31,39.35,20.16,35.67,EU_PL_Centre
2013-08-31,40.58,19.7,33.05,EU_PL_Centre
2013-09-30,78.81,12.71,24.29,EU_PL_Centre
2013-10-31,23.65,10.23,20.28,EU_PL_Centre
2013-11-30,44.1,3.97,12.83,EU_PL_Centre
2013-12-31,26.93,1.32,8.58,EU_PL_Centre
2014-01-31,42.28,-2.94,8.93,EU_PL_Centre
2014-02-28,12.84,1.74,10.25,EU_PL_Centre
2014-03-31,44.81,6.25,21.12,EU_PL_Centre
2014-04-30,40.29,10.61,21.65,EU_PL_Centre
2014-05-31,81.67,13.71,28.57,EU_PL_Centre
2014-06-30,42.63,16.97,29.55,EU_PL_Centre
2014-07-31,62.67,22.32,32.69,EU_PL_Centre
2014-08-31,52.93,18.58,32.27,EU_PL_Centre
2014-09-30,44.93,15.91,27.17,EU_PL_Centre
2014-10-31,27.65,10.44,23.09,EU_PL_Centre
2014-11-30,22.93,4.86,16.16,EU_PL_Centre
2014-12-31,57.55,-0.01,9.79,EU_PL_Centre
2015-01-31,43.96,0.5,9.62,EU_PL_Centre
2015-02-28,11.49,-0.13,8.23,EU_PL_Centre
2015-03-31,40.48,4.68,16.75,EU_PL_Centre
2015-04-30,24.13,8.07,22.58,EU_PL_Centre
2015-05-31,42.7,13.45,22.63,EU_PL_Centre
2015-06-30,62.14,16.64,30.32,EU_PL_Centre
2015-07-31,71.82,20.15,33.69,EU_PL_Centre
2015-08-31,17.19,22.99,36.74,EU_PL_Centre
2015-09-30,30.18,15.54,34.5,EU_PL_Centre
2015-10-31,24.53,7.62,22.16,EU_PL_Centre
2015-11-30,49.66,5.2,15.41,EU_PL_Centre
2015-12-31,31.97,3.87,12.47,EU_PL_Centre
2016-01-31,39.18,-4.08,8.55,EU_PL_Centre
2016-02-29,48.66,2.29,10.6,EU_PL_Centre
2016-03-31,39.58,3.52,15.13,EU_PL_Centre
2016-04-30,44.08,8.52,22.47,EU_PL_Centre
2016-05-31,41.36,15.57,27.33,EU_PL_Centre
2016-06-30,59.96,19.14,32.63,EU_PL_Centre
2016-07-31,116.84,19.88,31.26,EU_PL_Centre
2016-08-31,46.09,18.51,30.76,EU_PL_Centre
2016-09-30,11.1,17.11,31.04,EU_PL_Centre
2016-10-31,117.89,7.4,19.7,EU_PL_Centre
2016-11-30,43.28,2.34,12.82,EU_PL_Centre
2016-12-31,50.56,0.28,8.66,EU_PL_Centre
2017-01-31,24.79,-4.35,2.72,EU_PL_Centre
2017-02-28,40.96,-1.81,11.58,EU_PL_Centre
2017-03-31,40.88,5.24,19.42,EU_PL_Centre
2017-04-30,40.93,7.09,21.62,EU_PL_Centre
2017-05-31,64.68,13.63,27.59,EU_PL_Centre
2017-06-30,80.22,17.7,27.84,EU_PL_Centre
2017-07-31,124.97,18.58,29.96,EU_PL_Centre
2017-08-31,61.69,19.24,32.36,EU_PL_Centre
2017-09-30,74.1,13.62,22.88,EU_PL_Centre
2017-10-31,90.43,10.21,21.63,EU_PL_Centre
2017-11-30,48.09,4.24,13.42,EU_PL_Centre
2017-12-31,54.47,1.27,8.22,EU_PL_Centre
2018-01-31,63.39,-0.04,8.71,EU_PL_Centre
2018-02-28,6.87,-3.49,4.42,EU_PL_Centre
2018-03-31,35.26,-0.07,14.62,EU_PL_Centre
2018-04-30,28.85,12.19,26.05,EU_PL_Centre
2018-05-31,41.59,16.69,28.87,EU_PL_Centre
2018-06-30,30.39,18.83,30.02,EU_PL_Centre
2018-07-31,76.46,20.97,32.84,EU_PL_Centre
2018-08-31,21.4,21.91,33.96,EU_PL_Centre
2018-09-30,48.59,16.41,29.64,EU_PL_Centre
2018-10-31,35.72,10.45,23.18,EU_PL_Centre
2018-11-30,13.18,4.22,17.86,EU_PL_Centre
2018-12-31,61.42,1.15,8.18,EU_PL_Centre
2019-01-31,50.15,-1.51,6.35,EU_PL_Centre
2019-02-28,35.99,1.51,11.41,EU_PL_Centre
2019-03-31,41.04,5.7,18.56,EU_PL_Centre
2019-04-30,11.38,9.93,26.08,EU_PL_Centre
2019-05-31,87.2,12.51,24.26,EU_PL_Centre
2019-06-30,19.95,22.57,36.21,EU_PL_Centre
2019-07-31,34.38,20.22,33.97,EU_PL_Centre
2019-08-31,50.23,21.52,32.76,EU_PL_Centre
2019-09-30,63.92,15.02,33.37,EU_PL_Centre
2019-10-31,29.7,10.71,23.42,EU_PL_Centre
2019-11-30,44.39,5.47,14.99,EU_PL_Centre
2019-12-31,25.03,2.24,10.51,EU_PL_Centre
2020-01-31,42.37,1.71,9.35,EU_PL_Centre
2020-02-29,72.65,3.71,12.07,EU_PL_Centre
2020-03-31,29.45,3.99,16.32,EU_PL_Centre
2020-04-30,3.96,8.75,23.46,EU_PL_Centre
2020-05-31,65.16,11.63,23.56,EU_PL_Centre
2020-06-30,109.18,18.43,29.14,EU_PL_Centre
2020-07-31,54.75,19.36,31.32,EU_PL_Centre
2020-08-31,84.26,21.0,32.66,EU_PL_Centre
2020-09-30,64.12,15.88,29.46,EU_PL_Centre
2020-10-31,80.04,10.32,24.16,EU_PL_Centre
2020-11-30,15.87,5.12,15.17,EU_PL_Centre
2020-12-31,33.32,0.52,8.98,EU_PL_Centre
2021-01-31,59.06,-3.64,3.21,EU_PL_Centre
2021-02-28,39.37,-3.09,15.6,EU_PL_Centre
2021-03-31,29.73,3.29,19.88,EU_PL_Centre
2021-04-30,46.09,5.9,16.84,EU_PL_Centre
2021-05-31,99.15,11.84,26.44,EU_PL_Centre
2021-06-30,77.25,19.64,30.86,EU_PL_Centre
2021-07-31,66.45,21.22,28.86,EU_PL_Centre
2021-08-31,131.28,17.67,29.26,EU_PL_Centre
2021-09-30,23.63,15.01,27.73,EU_PL_Centre
2021-10-31,25.37,9.69,24.49,EU_PL_Centre
2021-11-30,47.2,4.61,15.78,EU_PL_Centre
2021-12-31,42.49,-1.95,9.68,EU_PL_Centre
2022-01-31,49.36,0.4,9.17,EU_PL_Centre
2022-02-28,67.22,2.95,11.22,EU_PL_Centre
2022-03-31,2.11,3.17,17.17,EU_PL_Centre
2022-04-30,45.04,7.24,19.98,EU_PL_Centre
2022-05-31,35.06,14.13,25.18,EU_PL_Centre
2022-06-30,54.49,19.62,32.95,EU_PL_Centre
2022-07-31,63.56,20.53,36.68,EU_PL_Centre
2022-08-31,73.13,22.13,34.6,EU_PL_Centre
2022-09-30,50.24,13.31,23.74,EU_PL_Centre
2022-10-31,37.38,11.8,23.62,EU_PL_Centre
2022-11-30,23.4,3.84,15.11,EU_PL_Centre
2022-12-31,39.1,-1.04,12.42,EU_PL_Centre
2023-01-31,56.05,2.0,12.83,EU_PL_Centre
2023-02-28,45.22,0.79,9.82,EU_PL_Centre
2023-03-31,61.97,3.85,17.55,EU_PL_Centre
2023-04-30,54.22,7.84,21.43,EU_PL_Centre
2023-05-31,33.92,13.09,23.67,EU_PL_Centre
2023-06-30,60.26,18.95,30.13,EU_PL_Centre
2023-07-31,47.78,20.6,32.95,EU_PL_Centre
2023-08-31,142.77,20.3,32.81,EU_PL_Centre
2023-09-30,10.55,18.86,29.28,EU_PL_Centre
2023-10-31,84.67,10.77,26.42,EU_PL_Centre
2023-11-30,83.15,3.86,15.24,EU_PL_Centre
2023-12-31,75.13,1.29,9.8,EU_PL_Centre
2024-01-31,55.77,-0.84,9.2,EU_PL_Centre
2024-02-29,82.63,5.21,12.97,EU_PL_Centre
2024-03-31,30.96,6.69,20.71,EU_PL_Centre
2024-04-30,39.18,10.51,25.06,EU_PL_Centre
2024-05-31,58.22,16.35,26.06,EU_PL_Centre
2024-06-30,78.11,18.67,30.15,EU_PL_Centre
2024-07-31,128.19,20.58,31.31,EU_PL_Centre
2024-08-31,51.37,20.82,32.13,EU_PL_Centre
2024-09-30,58.72,17.26,30.95,EU_PL_Centre
2024-10-31,35.13,10.25,21.62,EU_PL_Centre
2024-11-30,43.53,3.23,13.51,EU_PL_Centre
2024-12-31,31.92,1.94,10.37,EU_PL_Centre
2025-01-31,47.46,0.92,8.71,EU_PL_Centre
2025-02-28,19.68,-0.9,8.88,EU_PL_Centre
2025-03-31,23.38,5.38,17.36,EU_PL_Centre
2025-04-30,28.51,11.07,26.37,EU_PL_Centre
2025-05-31,56.06,12.17,25.1,EU_PL_Centre
2025-06-30,55.92,18.65,29.32,EU_PL_Centre
2025-07-31,107.42,19.98,32.61,EU_PL_Centre
2025-08-31,54.27,19.28,33.12,EU_PL_Centre
2025-09-30,64.27,16.01,29.35,EU_PL_Centre
2025-10-31,70.36,8.87,16.1,EU_PL_Centre
2025-11-30,45.3,3.2,14.59,EU_PL_Centre
2025-12-31,17.93,0.44,10.17,EU_PL_Centre
1981-01-31,107.48,4.42,13.15,EU_FR_SouthWest
1981-02-28,50.65,4.35,14.09,EU_FR_SouthWest
1981-03-31,69.77,10.85,26.49,EU_FR_SouthWest
1981-04-30,60.65,11.43,23.18,EU_FR_SouthWest
1981-05-31,99.09,13.47,27.5,EU_FR_SouthWest
1981-06-30,54.8,17.92,30.3,EU_FR_SouthWest
1981-07-31,73.94,19.76,35.79,EU_FR_SouthWest
1981-08-31,42.08,21.86,35.07,EU_FR_SouthWest
1981-09-30,48.3,19.11,34.69,EU_FR_SouthWest
1981-10-31,99.97,13.97,29.28,EU_FR_SouthWest
1981-11-30,24.13,9.43,22.29,EU_FR_SouthWest
1981-12-31,186.84,6.89,16.41,EU_FR_SouthWest
1982-01-31,61.9,7.7,17.06,EU_FR_SouthWest
1982-02-28,93.35,7.25,18.43,EU_FR_SouthWest
1982-03-31,150.64,7.35,18.07,EU_FR_SouthWest
1982-04-30,15.34,10.54,21.54,EU_FR_SouthWest
1982-05-31,58.83,14.75,26.08,EU_FR_SouthWest
1982-06-30,56.98,19.64,34.11,EU_FR_SouthWest
1982-07-31,54.16,23.59,39.59,EU_FR_SouthWest
1982-08-31,72.05,20.19,33.85,EU_FR_SouthWest
1982-09-30,52.64,20.14,32.05,EU_FR_SouthWest
1982-10-31,145.56,12.65,24.91,EU_FR_SouthWest
1982-11-30,69.95,9.61,21.76,EU_FR_SouthWest
1982-12-31,145.04,6.03,14.37,EU_FR_SouthWest
1983-01-31,16.82,6.09,17.53,EU_FR_SouthWest
1983-02-28,69.37,4.68,17.39,EU_FR_SouthWest
1983-03-31,60.59,8.25,21.15,EU_FR_SouthWest
1983-04-30,68.05,10.65,24.15,EU_FR_SouthWest
1983-05-31,70.0,13.1,27.3,EU_FR_SouthWest
1983-06-30,46.53,19.41,33.98,EU_FR_SouthWest
1983-07-31,24.07,25.17,42.45,EU_FR_SouthWest
1983-08-31,122.08,21.23,33.84,EU_FR_SouthWest
1983-09-30,28.33,19.66,33.93,EU_FR_SouthWest
1983-10-31,66.39,14.46,31.35,EU_FR_SouthWest
1983-11-30,36.96,11.1,23.47,EU_FR_SouthWest
1983-12-31,55.16,6.08,20.59,EU_FR_SouthWest
1984-01-31,116.16,5.82,16.86,EU_FR_SouthWest
1984-02-29,71.79,4.1,13.22,EU_FR_SouthWest
1984-03-31,53.4,5.81,19.04,EU_FR_SouthWest
1984-04-30,33.82,11.48,23.48,EU_FR_SouthWest
1984-05-31,127.08,11.28,20.99,EU_FR_SouthWest
1984-06-30,70.03,17.89,30.02,EU_FR_SouthWest
1984-07-31,14.46,22.93,38.43,EU_FR_SouthWest
1984-08-31,67.87,20.75,34.74,EU_FR_SouthWest
1984-09-30,102.7,16.84,34.88,EU_FR_SouthWest
1984-10-31,53.84,13.91,26.49,EU_FR_SouthWest
1984-11-30,71.62,11.11,23.79,EU_FR_SouthWest
1984-12-31,64.21,5.68,15.8,EU_FR_SouthWest
1985-01-31,54.66,0.01,14.91,EU_FR_SouthWest
1985-02-28,75.0,8.16,19.39,EU_FR_SouthWest
1985-03-31,99.87,5.8,20.19,EU_FR_SouthWest
1985-04-30,65.9,11.57,24.7,EU_FR_SouthWest
1985-05-31,130.74,13.18,27.33,EU_FR_SouthWest
1985-06-30,76.64,17.52,30.99,EU_FR_SouthWest
1985-07-31,47.11,22.61,36.97,EU_FR_SouthWest
1985-08-31,35.42,20.99,34.61,EU_FR_SouthWest
1985-09-30,2.83,21.52,34.25,EU_FR_SouthWest
1985-10-31,33.12,16.37,34.98,EU_FR_SouthWest
1985-11-30,67.01,5.52,26.36,EU_FR_SouthWest
1985-12-31,59.05,6.25,21.42,EU_FR_SouthWest
1986-01-31,143.6,5.19,13.9,EU_FR_SouthWest
1986-02-28,56.99,3.22,17.8,EU_FR_SouthWest
1986-03-31,57.92,7.59,19.86,EU_FR_SouthWest
1986-04-30,96.47,7.49,19.43,EU_FR_SouthWest
1986-05-31,46.52,15.74,30.93,EU_FR_SouthWest
1986-06-30,21.45,19.27,38.29,EU_FR_SouthWest
1986-07-31,19.4,22.64,41.17,EU_FR_SouthWest
1986-08-31,32.32,22.08,39.77,EU_FR_SouthWest
1986-09-30,60.54,20.1,33.57,EU_FR_SouthWest
1986-10-31,43.58,15.7,29.13,EU_FR_SouthWest
1986-11-30,53.89,9.03,22.22,EU_FR_SouthWest
1986-12-31,87.02,6.64,17.61,EU_FR_SouthWest
1987-01-31,38.98,2.02,17.24,EU_FR_SouthWest
1987-02-28,56.2,5.48,20.34,EU_FR_SouthWest
1987-03-31,72.38,7.73,20.63,EU_FR_SouthWest
1987-04-30,69.29,13.14,26.06,EU_FR_SouthWest
1987-05-31,50.29,13.25,26.1,EU_FR_SouthWest
1987-06-30,58.04,17.98,34.12,EU_FR_SouthWest
1987-07-31,70.2,21.93,35.18,EU_FR_SouthWest
1987-08-31,35.52,22.93,41.1,EU_FR_SouthWest
1987-09-30,29.81,22.46,37.83,EU_FR_SouthWest
1987-10-31,63.31,15.36,28.07,EU_FR_SouthWest
1987-11-30,64.59,8.83,22.28,EU_FR_SouthWest
1987-12-31,14.91,7.84,21.9,EU_FR_SouthWest
1988-01-31,115.75,8.29,19.46,EU_FR_SouthWest
1988-02-29,58.12,5.98,19.36,EU_FR_SouthWest
1988-03-31,100.96,7.32,21.33,EU_FR_SouthWest
1988-04-30,130.9,11.89,23.34,EU_FR_SouthWest
1988-05-31,101.75,15.1,25.28,EU_FR_SouthWest
1988-06-30,109.85,17.97,27.22,EU_FR_SouthWest
1988-07-31,45.73,20.47,35.55,EU_FR_SouthWest
1988-08-31,33.46,22.16,37.54,EU_FR_SouthWest
1988-09-30,47.12,18.93,36.37,EU_FR_SouthWest
1988-10-31,20.53,16.16,30.52,EU_FR_SouthWest
1988-11-30,14.59,9.47,23.23,EU_FR_SouthWest
1988-12-31,36.14,5.18,14.54,EU_FR_SouthWest
1989-01-31,18.48,5.52,16.67,EU_FR_SouthWest
1989-02-28,62.7,7.8,21.11,EU_FR_SouthWest
1989-03-31,54.6,10.57,24.95,EU_FR_SouthWest
1989-04-30,142.85,9.51,21.73,EU_FR_SouthWest
1989-05-31,31.39,17.73,27.68,EU_FR_SouthWest
1989-06-30,16.19,20.89,34.89,EU_FR_SouthWest
1989-07-31,30.84,24.62,41.78,EU_FR_SouthWest
1989-08-31,50.95,23.28,34.88,EU_FR_SouthWest
1989-09-30,52.32,18.58,32.14,EU_FR_SouthWest
1989-10-31,31.29,15.41,29.01,EU_FR_SouthWest
1989-11-30,46.35,10.96,25.9,EU_FR_SouthWest
1989-12-31,13.96,9.12,20.55,EU_FR_SouthWest
1990-01-31,34.52,6.75,19.35,EU_FR_SouthWest
1990-02-28,57.25,11.06,24.65,EU_FR_SouthWest
1990-03-31,16.84,10.15,27.29,EU_FR_SouthWest
1990-04-30,61.86,10.69,24.55,EU_FR_SouthWest
1990-05-31,55.04,18.58,28.94,EU_FR_SouthWest
1990-06-30,36.47,19.96,35.43,EU_FR_SouthWest
1990-07-31,15.74,25.13,40.87,EU_FR_SouthWest
1990-08-31,36.92,24.62,39.75,EU_FR_SouthWest
1990-09-30,20.71,20.84,31.72,EU_FR_SouthWest
1990-10-31,52.0,15.88,30.07,EU_FR_SouthWest
1990-11-30,33.03,9.0,20.51,EU_FR_SouthWest
1990-12-31,34.51,3.16,20.16,EU_FR_SouthWest
1991-01-31,18.95,4.88,21.44,EU_FR_SouthWest
1991-02-28,17.06,5.6,20.34,EU_FR_SouthWest
1991-03-31,35.33,11.08,23.57,EU_FR_SouthWest
1991-04-30,38.68,10.4,24.64,EU_FR_SouthWest
1991-05-31,51.46,13.95,30.61,EU_FR_SouthWest
1991-06-30,31.53,19.13,35.23,EU_FR_SouthWest
1991-07-31,30.97,24.24,39.38,EU_FR_SouthWest
1991-08-31,43.49,25.85,41.2,EU_FR_SouthWest
1991-09-30,84.98,21.33,34.29,EU_FR_SouthWest
1991-10-31,39.46,12.15,26.55,EU_FR_SouthWest
1991-11-30,101.44,8.6,22.09,EU_FR_SouthWest
1991-12-31,25.86,5.48,13.71,EU_FR_SouthWest
1992-01-31,25.56,3.13,13.72,EU_FR_SouthWest
1992-02-29,22.24,6.14,20.14,EU_FR_SouthWest
1992-03-31,40.46,8.52,19.03,EU_FR_SouthWest
1992-04-30,66.25,11.11,27.09,EU_FR_SouthWest
1992-05-31,71.01,17.53,31.39,EU_FR_SouthWest
1992-06-30,200.52,16.42,28.26,EU_FR_SouthWest
1992-07-31,64.47,21.49,36.79,EU_FR_SouthWest
1992-08-31,56.45,23.63,38.91,EU_FR_SouthWest
1992-09-30,65.25,18.59,32.08,EU_FR_SouthWest
1992-10-31,174.36,11.21,24.28,EU_FR_SouthWest
1992-11-30,81.39,11.36,21.8,EU_FR_SouthWest
1992-12-31,68.57,6.58,17.52,EU_FR_SouthWest
1993-01-31,5.94,6.71,19.55,EU_FR_SouthWest
1993-02-28,16.6,4.63,15.65,EU_FR_SouthWest
1993-03-31,25.01,8.39,24.07,EU_FR_SouthWest
1993-04-30,120.16,11.33,25.32,EU_FR_SouthWest
1993-05-31,91.51,15.88,28.72,EU_FR_SouthWest
1993-06-30,91.2,19.27,34.71,EU_FR_SouthWest
1993-07-31,45.86,20.3,37.08,EU_FR_SouthWest
1993-08-31,73.98,22.96,40.55,EU_FR_SouthWest
1993-09-30,126.1,17.08,32.47,EU_FR_SouthWest
1993-10-31,78.81,11.97,25.7,EU_FR_SouthWest
1993-11-30,42.56,7.35,23.06,EU_FR_SouthWest
1993-12-31,119.37,8.13,18.29,EU_FR_SouthWest
1994-01-31,55.9,5.68,17.01,EU_FR_SouthWest
1994-02-28,92.62,7.18,20.29,EU_FR_SouthWest
1994-03-31,32.16,10.86,23.68,EU_FR_SouthWest
1994-04-30,147.2,9.31,24.48,EU_FR_SouthWest
1994-05-31,70.6,16.01,28.74,EU_FR_SouthWest
1994-06-30,65.0,18.9,33.48,EU_FR_SouthWest
1994-07-31,22.09,24.54,39.62,EU_FR_SouthWest
1994-08-31,22.06,24.55,40.59,EU_FR_SouthWest
1994-09-30,129.06,17.26,34.75,EU_FR_SouthWest
1994-10-31,74.29,14.16,24.77,EU_FR_SouthWest
1994-11-30,53.47,11.42,23.69,EU_FR_SouthWest
1994-12-31,74.48,7.17,18.23,EU_FR_SouthWest
1995-01-31,116.06,5.48,16.52,EU_FR_SouthWest
1995-02-28,76.63,8.77,20.09,EU_FR_SouthWest
1995-03-31,70.86,7.65,20.29,EU_FR_SouthWest
1995-04-30,36.12,10.75,22.47,EU_FR_SouthWest
1995-05-31,77.22,15.7,28.82,EU_FR_SouthWest
1995-06-30,38.12,18.41,31.9,EU_FR_SouthWest
1995-07-31,53.57,23.92,39.59,EU_FR_SouthWest
1995-08-31,35.3,22.63,35.23,EU_FR_SouthWest
1995-09-30,101.34,16.14,32.73,EU_FR_SouthWest
1995-10-31,33.4,17.11,30.26,EU_FR_SouthWest
1995-11-30,43.31,9.36,22.4,EU_FR_SouthWest
1995-12-31,100.39,6.93,17.65,EU_FR_SouthWest
1996-01-31,77.5,8.1,17.5,EU_FR_SouthWest
1996-02-29,114.4,4.31,15.83,EU_FR_SouthWest
1996-03-31,52.52,8.0,21.86,EU_FR_SouthWest
1996-04-30,73.24,11.41,25.22,EU_FR_SouthWest
1996-05-31,83.47,14.53,31.59,EU_FR_SouthWest
1996-06-30,50.26,19.77,31.65,EU_FR_SouthWest
1996-07-31,71.83,21.88,38.66,EU_FR_SouthWest
1996-08-31,80.97,20.25,32.96,EU_FR_SouthWest
1996-09-30,53.99,16.23,30.34,EU_FR_SouthWest
1996-10-31,53.69,13.29,26.39,EU_FR_SouthWest
1996-11-30,177.2,8.58,22.04,EU_FR_SouthWest
1996-12-31,69.44,6.12,16.73,EU_FR_SouthWest
1997-01-31,73.3,5.16,16.68,EU_FR_SouthWest
1997-02-28,30.53,9.26,20.67,EU_FR_SouthWest
1997-03-31,14.95,10.88,23.34,EU_FR_SouthWest
1997-04-30,31.69,11.8,22.76,EU_FR_SouthWest
1997-05-31,98.0,16.47,28.29,EU_FR_SouthWest
1997-06-30,116.03,17.95,29.42,EU_FR_SouthWest
1997-07-31,73.15,19.87,30.81,EU_FR_SouthWest
1997-08-31,116.69,23.39,35.43,EU_FR_SouthWest
1997-09-30,32.86,19.83,32.15,EU_FR_SouthWest
1997-10-31,33.64,15.88,30.11,EU_FR_SouthWest
1997-11-30,112.79,10.24,22.95,EU_FR_SouthWest
1997-12-31,101.17,6.85,17.94,EU_FR_SouthWest
1998-01-31,55.41,6.4,17.4,EU_FR_SouthWest
1998-02-28,20.94,8.44,22.71,EU_FR_SouthWest
1998-03-31,49.05,9.18,22.52,EU_FR_SouthWest
1998-04-30,133.0,10.14,24.67,EU_FR_SouthWest
1998-05-31,45.09,15.62,26.13,EU_FR_SouthWest
1998-06-30,40.13,19.14,36.1,EU_FR_SouthWest
1998-07-31,34.07,21.47,39.56,EU_FR_SouthWest
1998-08-31,46.17,22.81,39.22,EU_FR_SouthWest
1998-09-30,100.81,18.56,33.69,EU_FR_SouthWest
1998-10-31,120.66,12.92,23.64,EU_FR_SouthWest
1998-11-30,96.44,6.74,20.45,EU_FR_SouthWest
1998-12-31,36.51,5.54,16.77,EU_FR_SouthWest
1999-01-31,72.04,6.16,18.78,EU_FR_SouthWest
1999-02-28,44.73,4.43,13.85,EU_FR_SouthWest
1999-03-31,52.88,8.86,22.1,EU_FR_SouthWest
1999-04-30,80.64,11.6,22.62,EU_FR_SouthWest
1999-05-31,102.84,16.84,28.33,EU_FR_SouthWest
1999-06-30,28.29,18.57,33.66,EU_FR_SouthWest
1999-07-31,62.01,22.61,36.81,EU_FR_SouthWest
1999-08-31,35.27,22.83,38.46,EU_FR_SouthWest
1999-09-30,72.83,20.65,35.05,EU_FR_SouthWest
1999-10-31,39.6,14.77,24.62,EU_FR_SouthWest
1999-11-30,84.68,6.18,27.09,EU_FR_SouthWest
1999-12-31,86.38,5.88,16.0,EU_FR_SouthWest
2000-01-31,9.5,3.62,14.82,EU_FR_SouthWest
2000-02-29,62.3,8.63,19.82,EU_FR_SouthWest
2000-03-31,62.33,8.6,19.48,EU_FR_SouthWest
2000-04-30,91.37,11.38,24.9,EU_FR_SouthWest
2000-05-31,62.0,16.82,27.67,EU_FR_SouthWest
2000-06-30,98.82,19.83,33.05,EU_FR_SouthWest
2000-07-31,52.2,20.81,35.72,EU_FR_SouthWest
2000-08-31,46.88,23.04,38.68,EU_FR_SouthWest
2000-09-30,27.79,19.75,33.56,EU_FR_SouthWest
2000-10-31,94.39,13.45,24.3,EU_FR_SouthWest
2000-11-30,94.43,9.42,19.13,EU_FR_SouthWest
2000-12-31,31.27,8.72,21.33,EU_FR_SouthWest
2001-01-31,92.84,7.02,16.45,EU_FR_SouthWest
2001-02-28,23.44,6.06,19.19,EU_FR_SouthWest
2001-03-31,77.36,11.85,22.71,EU_FR_SouthWest
2001-04-30,84.37,10.16,24.14,EU_FR_SouthWest
2001-05-31,53.67,15.66,32.33,EU_FR_SouthWest
2001-06-30,37.36,19.56,38.47,EU_FR_SouthWest
2001-07-31,69.27,21.43,36.49,EU_FR_SouthWest
2001-08-31,38.91,23.41,39.4,EU_FR_SouthWest
2001-09-30,28.35,17.3,29.5,EU_FR_SouthWest
2001-10-31,26.09,17.86,32.93,EU_FR_SouthWest
2001-11-30,33.29,6.25,19.66,EU_FR_SouthWest
2001-12-31,14.48,2.7,15.79,EU_FR_SouthWest
2002-01-31,27.14,7.36,20.58,EU_FR_SouthWest
2002-02-28,60.71,7.94,21.28,EU_FR_SouthWest
2002-03-31,25.07,10.38,24.76,EU_FR_SouthWest
2002-04-30,42.67,12.04,26.99,EU_FR_SouthWest
2002-05-31,108.46,14.73,31.5,EU_FR_SouthWest
2002-06-30,74.21,20.35,36.44,EU_FR_SouthWest
2002-07-31,58.21,20.94,35.9,EU_FR_SouthWest
2002-08-31,65.39,20.47,34.14,EU_FR_SouthWest
2002-09-30,27.44,18.26,31.04,EU_FR_SouthWest
2002-10-31,62.74,15.19,29.6,EU_FR_SouthWest
2002-11-30,72.82,10.4,22.9,EU_FR_SouthWest
2002-12-31,82.33,8.5,16.96,EU_FR_SouthWest
2003-01-31,73.74,4.13,17.85,EU_FR_SouthWest
2003-02-28,59.7,4.47,15.5,EU_FR_SouthWest
2003-03-31,13.13,10.66,23.38,EU_FR_SouthWest
2003-04-30,43.6,12.72,27.62,EU_FR_SouthWest
2003-05-31,56.17,16.13,31.91,EU_FR_SouthWest
2003-06-30,30.91,24.87,40.53,EU_FR_SouthWest
2003-07-31,12.73,24.7,39.16,EU_FR_SouthWest
2003-08-31,35.21,27.33,42.2,EU_FR_SouthWest
2003-09-30,71.29,19.28,32.2,EU_FR_SouthWest
2003-10-31,80.84,13.0,30.49,EU_FR_SouthWest
2003-11-30,64.25,10.71,22.42,EU_FR_SouthWest
2003-12-31,101.11,6.61,15.42,EU_FR_SouthWest
2004-01-31,132.08,6.48,17.24,EU_FR_SouthWest
2004-02-29,24.21,5.98,22.08,EU_FR_SouthWest
2004-03-31,65.41,7.05,19.41,EU_FR_SouthWest
2004-04-30,93.3,10.12,23.55,EU_FR_SouthWest
2004-05-31,73.32,14.51,27.11,EU_FR_SouthWest
2004-06-30,21.27,20.61,35.2,EU_FR_SouthWest
2004-07-31,31.81,22.16,37.74,EU_FR_SouthWest
2004-08-31,72.89,22.61,37.87,EU_FR_SouthWest
2004-09-30,39.72,19.75,33.52,EU_FR_SouthWest
2004-10-31,134.95,16.14,34.17,EU_FR_SouthWest
2004-11-30,53.33,7.01,18.32,EU_FR_SouthWest
2004-12-31,68.33,5.56,14.66,EU_FR_SouthWest
2005-01-31,47.61,4.84,13.39,EU_FR_SouthWest
2005-02-28,30.7,2.39,12.71,EU_FR_SouthWest
2005-03-31,33.08,8.46,23.33,EU_FR_SouthWest
2005-04-30,96.25,11.74,30.07,EU_FR_SouthWest
2005-05-31,73.51,16.17,30.67,EU_FR_SouthWest
2005-06-30,31.85,22.03,38.31,EU_FR_SouthWest
2005-07-31,24.41,23.34,40.27,EU_FR_SouthWest
2005-08-31,74.57,20.99,34.42,EU_FR_SouthWest
2005-09-30,87.82,18.1,36.05,EU_FR_SouthWest
2005-10-31,50.5,16.1,27.39,EU_FR_SouthWest
2005-11-30,88.59,7.82,22.99,EU_FR_SouthWest
2005-12-31,69.3,2.96,15.07,EU_FR_SouthWest
2006-01-31,47.84,3.89,13.03,EU_FR_SouthWest
2006-02-28,33.09,3.97,14.34,EU_FR_SouthWest
2006-03-31,121.28,9.82,26.57,EU_FR_SouthWest
2006-04-30,36.49,12.03,21.81,EU_FR_SouthWest
2006-05-31,46.85,16.42,31.7,EU_FR_SouthWest
2006-06-30,55.28,21.17,32.34,EU_FR_SouthWest
2006-07-31,42.04,25.8,38.33,EU_FR_SouthWest
2006-08-31,60.22,20.13,30.03,EU_FR_SouthWest
2006-09-30,113.17,20.57,35.47,EU_FR_SouthWest
2006-10-31,59.08,17.03,28.7,EU_FR_SouthWest
2006-11-30,58.19,11.31,21.88,EU_FR_SouthWest
2006-12-31,44.02,5.75,19.33,EU_FR_SouthWest
2007-01-31,30.68,6.51,15.95,EU_FR_SouthWest
2007-02-28,82.92,8.09,20.37,EU_FR_SouthWest
2007-03-31,77.83,8.2,24.63,EU_FR_SouthWest
2007-04-30,60.87,14.31,26.24,EU_FR_SouthWest
2007-05-31,145.6,15.3,27.84,EU_FR_SouthWest
2007-06-30,63.0,18.76,30.98,EU_FR_SouthWest
2007-07-31,27.4,20.95,36.47,EU_FR_SouthWest
2007-08-31,75.0,21.03,40.03,EU_FR_SouthWest
2007-09-30,44.31,17.47,30.86,EU_FR_SouthWest
2007-10-31,52.99,13.1,29.63,EU_FR_SouthWest
2007-11-30,12.69,6.39,18.14,EU_FR_SouthWest
2007-12-31,57.05,5.49,16.28,EU_FR_SouthWest
2008-01-31,78.58,7.29,17.02,EU_FR_SouthWest
2008-02-29,12.33,8.56,18.28,EU_FR_SouthWest
2008-03-31,108.29,7.99,20.74,EU_FR_SouthWest
2008-04-30,87.8,11.19,24.16,EU_FR_SouthWest
2008-05-31,105.57,15.59,24.85,EU_FR_SouthWest
2008-06-30,78.06,18.18,31.79,EU_FR_SouthWest
2008-07-31,51.87,21.08,35.94,EU_FR_SouthWest
2008-08-31,50.52,21.45,36.58,EU_FR_SouthWest
2008-09-30,40.94,17.48,32.19,EU_FR_SouthWest
2008-10-31,78.33,13.47,28.24,EU_FR_SouthWest
2008-11-30,122.11,7.43,20.0,EU_FR_SouthWest
2008-12-31,82.2,4.95,15.18,EU_FR_SouthWest
2009-01-31,107.92,4.57,17.84,EU_FR_SouthWest
2009-02-28,49.2,5.08,16.63,EU_FR_SouthWest
2009-03-31,33.0,8.05,20.91,EU_FR_SouthWest
2009-04-30,151.24,10.7,22.79,EU_FR_SouthWest
2009-05-31,60.01,16.39,27.31,EU_FR_SouthWest
2009-06-30,46.04,19.55,32.55,EU_FR_SouthWest
2009-07-31,32.59,22.41,37.9,EU_FR_SouthWest
2009-08-31,40.15,23.65,38.99,EU_FR_SouthWest
2009-09-30,31.93,19.33,33.24,EU_FR_SouthWest
2009-10-31,48.59,15.05,32.31,EU_FR_SouthWest
2009-11-30,134.0,10.73,24.55,EU_FR_SouthWest
2009-12-31,65.91,5.25,17.25,EU_FR_SouthWest
2010-01-31,87.14,3.42,15.64,EU_FR_SouthWest
2010-02-28,43.1,4.17,17.49,EU_FR_SouthWest
2010-03-31,43.09,7.27,21.68,EU_FR_SouthWest
2010-04-30,42.46,12.37,26.05,EU_FR_SouthWest
2010-05-31,123.39,13.23,28.23,EU_FR_SouthWest
2010-06-30,90.51,18.22,29.43,EU_FR_SouthWest
2010-07-31,41.16,22.87,37.71,EU_FR_SouthWest
2010-08-31,30.39,21.46,41.13,EU_FR_SouthWest
2010-09-30,45.8,18.01,33.38,EU_FR_SouthWest
2010-10-31,88.49,12.93,30.12,EU_FR_SouthWest
2010-11-30,113.72,8.28,20.07,EU_FR_SouthWest
2010-12-31,45.22,3.34,19.12,EU_FR_SouthWest
2011-01-31,26.58,4.54,17.54,EU_FR_SouthWest
2011-02-28,64.97,7.11,18.17,EU_FR_SouthWest
2011-03-31,54.29,8.89,19.81,EU_FR_SouthWest
2011-04-30,29.54,14.46,26.38,EU_FR_SouthWest
2011-05-31,48.23,18.01,30.71,EU_FR_SouthWest
2011-06-30,56.54,19.07,37.74,EU_FR_SouthWest
2011-07-31,99.97,19.85,34.66,EU_FR_SouthWest
2011-08-31,29.32,22.84,40.17,EU_FR_SouthWest
2011-09-30,47.74,20.82,36.2,EU_FR_SouthWest
2011-10-31,30.5,15.28,30.06,EU_FR_SouthWest
2011-11-30,58.51,11.52,26.03,EU_FR_SouthWest
2011-12-31,86.66,7.8,18.59,EU_FR_SouthWest
2012-01-31,44.05,5.72,15.52,EU_FR_SouthWest
2012-02-29,17.78,0.1,18.08,EU_FR_SouthWest
2012-03-31,25.65,10.15,23.17,EU_FR_SouthWest
2012-04-30,119.4,10.08,22.72,EU_FR_SouthWest
2012-05-31,72.81,16.38,29.46,EU_FR_SouthWest
2012-06-30,62.29,20.19,36.24,EU_FR_SouthWest
2012-07-31,38.23,21.06,37.34,EU_FR_SouthWest
2012-08-31,51.55,24.37,39.61,EU_FR_SouthWest
2012-09-30,34.66,18.99,33.62,EU_FR_SouthWest
2012-10-31,88.22,15.04,30.15,EU_FR_SouthWest
2012-11-30,76.38,9.42,20.36,EU_FR_SouthWest
2012-12-31,80.22,7.28,20.77,EU_FR_SouthWest
2013-01-31,183.99,5.04,17.68,EU_FR_SouthWest
2013-02-28,90.4,4.17,15.43,EU_FR_SouthWest
2013-03-31,80.37,8.14,21.49,EU_FR_SouthWest
2013-04-30,69.03,10.59,27.51,EU_FR_SouthWest
2013-05-31,135.45,11.82,22.02,EU_FR_SouthWest
2013-06-30,92.85,16.68,32.23,EU_FR_SouthWest
2013-07-31,37.74,23.62,34.67,EU_FR_SouthWest
2013-08-31,36.8,22.06,36.53,EU_FR_SouthWest
2013-09-30,48.36,19.45,34.82,EU_FR_SouthWest
2013-10-31,44.15,16.36,29.59,EU_FR_SouthWest
2013-11-30,135.3,7.46,20.15,EU_FR_SouthWest
2013-12-31,42.5,6.48,17.09,EU_FR_SouthWest
2014-01-31,100.64,7.91,19.23,EU_FR_SouthWest
2014-02-28,63.66,7.11,20.56,EU_FR_SouthWest
2014-03-31,63.57,9.16,20.51,EU_FR_SouthWest
2014-04-30,80.54,12.96,26.66,EU_FR_SouthWest
2014-05-31,87.44,13.9,25.64,EU_FR_SouthWest
2014-06-30,62.66,20.08,33.3,EU_FR_SouthWest
2014-07-31,83.42,20.86,37.24,EU_FR_SouthWest
2014-08-31,76.52,20.03,32.35,EU_FR_SouthWest
2014-09-30,32.37,20.7,31.95,EU_FR_SouthWest
2014-10-31,24.82,17.95,30.82,EU_FR_SouthWest
2014-11-30,93.07,12.2,24.05,EU_FR_SouthWest
2014-12-31,79.49,5.27,15.6,EU_FR_SouthWest
2015-01-31,65.33,5.46,16.68,EU_FR_SouthWest
2015-02-28,99.89,4.16,15.08,EU_FR_SouthWest
2015-03-31,69.33,8.79,17.91,EU_FR_SouthWest
2015-04-30,79.91,12.84,25.6,EU_FR_SouthWest
2015-05-31,34.88,15.78,28.83,EU_FR_SouthWest
2015-06-30,68.19,20.97,38.19,EU_FR_SouthWest
2015-07-31,53.86,24.31,39.52,EU_FR_SouthWest
2015-08-31,79.45,22.6,38.07,EU_FR_SouthWest
2015-09-30,54.83,17.19,30.72,EU_FR_SouthWest
2015-10-31,38.61,13.82,28.6,EU_FR_SouthWest
2015-11-30,62.56,11.54,25.61,EU_FR_SouthWest
2015-12-31,8.94,10.04,22.04,EU_FR_SouthWest
2016-01-31,101.02,8.42,18.21,EU_FR_SouthWest
2016-02-29,123.76,7.13,18.04,EU_FR_SouthWest
2016-03-31,75.94,7.7,22.64,EU_FR_SouthWest
2016-04-30,74.29,11.25,22.91,EU_FR_SouthWest
2016-05-31,80.41,14.67,30.03,EU_FR_SouthWest
2016-06-30,47.13,18.67,33.94,EU_FR_SouthWest
2016-07-31,58.57,22.39,39.54,EU_FR_SouthWest
2016-08-31,25.69,23.35,37.61,EU_FR_SouthWest
2016-09-30,41.45,21.14,37.68,EU_FR_SouthWest
2016-10-31,46.71,14.61,27.91,EU_FR_SouthWest
2016-11-30,93.11,9.71,22.97,EU_FR_SouthWest
2016-12-31,6.07,7.42,16.49,EU_FR_SouthWest
2017-01-31,49.38,2.86,17.86,EU_FR_SouthWest
2017-02-28,64.51,8.54,17.49,EU_FR_SouthWest
2017-03-31,96.31,10.78,24.1,EU_FR_SouthWest
2017-04-30,34.71,11.95,23.92,EU_FR_SouthWest
2017-05-31,92.56,17.36,33.08,EU_FR_SouthWest
2017-06-30,69.63,22.15,37.5,EU_FR_SouthWest
2017-07-31,49.77,22.66,38.92,EU_FR_SouthWest
2017-08-31,46.53,22.98,37.68,EU_FR_SouthWest
2017-09-30,77.07,17.09,29.2,EU_FR_SouthWest
2017-10-31,24.75,15.85,29.76,EU_FR_SouthWest
2017-11-30,64.71,8.19,22.8,EU_FR_SouthWest
2017-12-31,105.42,5.86,17.38,EU_FR_SouthWest
2018-01-31,113.13,7.83,17.68,EU_FR_SouthWest
2018-02-28,100.53,3.5,17.63,EU_FR_SouthWest
2018-03-31,87.37,7.97,20.23,EU_FR_SouthWest
2018-04-30,89.44,13.13,24.73,EU_FR_SouthWest
2018-05-31,102.84,15.05,26.22,EU_FR_SouthWest
2018-06-30,84.91,19.4,30.64,EU_FR_SouthWest
2018-07-31,99.95,23.06,33.25,EU_FR_SouthWest
2018-08-31,29.91,23.47,36.17,EU_FR_SouthWest
2018-09-30,32.91,21.06,32.97,EU_FR_SouthWest
2018-10-31,80.75,14.23,29.45,EU_FR_SouthWest
2018-11-30,50.91,9.9,21.26,EU_FR_SouthWest
2018-12-31,59.86,8.65,18.24,EU_FR_SouthWest
2019-01-31,89.53,3.63,13.74,EU_FR_SouthWest
2019-02-28,40.41,8.84,23.88,EU_FR_SouthWest
2019-03-31,19.63,9.67,22.66,EU_FR_SouthWest
2019-04-30,82.2,11.16,21.89,EU_FR_SouthWest
2019-05-31,91.66,13.85,26.27,EU_FR_SouthWest
2019-06-30,59.85,20.59,41.85,EU_FR_SouthWest
2019-07-31,57.82,24.53,40.96,EU_FR_SouthWest
2019-08-31,71.82,23.17,37.87,EU_FR_SouthWest
2019-09-30,27.38,19.82,31.95,EU_FR_SouthWest
2019-10-31,78.45,16.29,31.23,EU_FR_SouthWest
2019-11-30,172.01,8.77,19.72,EU_FR_SouthWest
2019-12-31,103.07,8.66,17.24,EU_FR_SouthWest
2020-01-31,47.26,6.98,16.99,EU_FR_SouthWest
2020-02-29,37.46,9.62,22.73,EU_FR_SouthWest
2020-03-31,88.38,9.24,20.43,EU_FR_SouthWest
2020-04-30,87.75,13.93,23.03,EU_FR_SouthWest
2020-05-31,89.76,17.34,28.58,EU_FR_SouthWest
2020-06-30,89.56,18.03,31.82,EU_FR_SouthWest
2020-07-31,17.95,22.91,40.13,EU_FR_SouthWest
2020-08-31,43.8,24.18,41.11,EU_FR_SouthWest
2020-09-30,81.45,19.91,36.0,EU_FR_SouthWest
2020-10-31,132.51,12.93,25.32,EU_FR_SouthWest
2020-11-30,27.92,11.4,22.24,EU_FR_SouthWest
2020-12-31,166.02,7.17,19.0,EU_FR_SouthWest
2021-01-31,78.83,4.48,16.07,EU_FR_SouthWest
2021-02-28,38.29,9.78,20.35,EU_FR_SouthWest
2021-03-31,16.97,8.94,22.91,EU_FR_SouthWest
2021-04-30,23.71,10.71,23.42,EU_FR_SouthWest
2021-05-31,62.53,14.32,29.59,EU_FR_SouthWest
2021-06-30,83.12,20.65,34.27,EU_FR_SouthWest
2021-07-31,64.17,21.67,36.65,EU_FR_SouthWest
2021-08-31,20.61,21.96,37.37,EU_FR_SouthWest
2021-09-30,93.82,20.67,35.86,EU_FR_SouthWest
2021-10-31,36.59,14.57,28.4,EU_FR_SouthWest
2021-11-30,78.61,7.56,18.46,EU_FR_SouthWest
2021-12-31,85.46,8.73,18.54,EU_FR_SouthWest
2022-01-31,51.04,4.89,20.41,EU_FR_SouthWest
2022-02-28,19.58,8.46,18.92,EU_FR_SouthWest
2022-03-31,51.09,9.89,21.55,EU_FR_SouthWest
2022-04-30,58.44,11.75,25.13,EU_FR_SouthWest
2022-05-31,21.3,19.16,33.85,EU_FR_SouthWest
2022-06-30,57.68,23.26,42.48,EU_FR_SouthWest
2022-07-31,15.32,25.91,41.57,EU_FR_SouthWest
2022-08-31,28.06,26.32,39.87,EU_FR_SouthWest
2022-09-30,62.35,20.43,38.05,EU_FR_SouthWest
2022-10-31,10.73,19.57,32.41,EU_FR_SouthWest
2022-11-30,104.24,12.11,24.39,EU_FR_SouthWest
2022-12-31,33.37,8.46,20.43,EU_FR_SouthWest
2023-01-31,87.89,5.24,19.23,EU_FR_SouthWest
2023-02-28,15.38,6.14,17.79,EU_FR_SouthWest
2023-03-31,44.37,11.13,27.36,EU_FR_SouthWest
2023-04-30,61.42,13.11,26.97,EU_FR_SouthWest
2023-05-31,78.64,16.34,28.45,EU_FR_SouthWest
2023-06-30,110.25,21.62,32.51,EU_FR_SouthWest
2023-07-31,32.72,23.46,38.13,EU_FR_SouthWest
2023-08-31,42.12,24.84,44.36,EU_FR_SouthWest
2023-09-30,50.8,22.93,39.47,EU_FR_SouthWest
2023-10-31,65.0,18.84,34.63,EU_FR_SouthWest
2023-11-30,129.38,11.18,23.13,EU_FR_SouthWest
2023-12-31,70.89,8.21,18.96,EU_FR_SouthWest
2024-01-31,36.3,7.31,18.57,EU_FR_SouthWest
2024-02-29,84.59,9.21,22.91,EU_FR_SouthWest
2024-03-31,71.06,11.12,23.04,EU_FR_SouthWest
2024-04-30,34.33,12.52,28.11,EU_FR_SouthWest
2024-05-31,83.17,15.02,27.42,EU_FR_SouthWest
2024-06-30,66.28,19.78,32.02,EU_FR_SouthWest
2024-07-31,27.73,23.99,40.98,EU_FR_SouthWest
2024-08-31,36.77,24.35,40.58,EU_FR_SouthWest
2024-09-30,93.21,17.37,31.29,EU_FR_SouthWest
2024-10-31,95.75,16.42,29.12,EU_FR_SouthWest
2024-11-30,41.3,12.09,22.67,EU_FR_SouthWest
2024-12-31,51.68,7.39,21.25,EU_FR_SouthWest
2025-01-31,33.92,6.94,19.23,EU_FR_SouthWest
2025-02-28,7.31,8.91,19.88,EU_FR_SouthWest
2025-03-31,22.03,9.54,21.4,EU_FR_SouthWest
2025-04-30,26.78,14.18,28.47,EU_FR_SouthWest
2025-05-31,29.83,17.67,35.95,EU_FR_SouthWest
2025-06-30,24.76,25.26,41.03,EU_FR_SouthWest
2025-07-31,15.14,24.45,40.73,EU_FR_SouthWest
2025-08-31,32.47,25.94,43.31,EU_FR_SouthWest
2025-09-30,18.55,19.49,36.94,EU_FR_SouthWest
2025-10-31,11.64,16.61,27.78,EU_FR_SouthWest
2025-11-30,31.36,10.59,27.59,EU_FR_SouthWest
2025-12-31,11.97,7.99,21.45,EU_FR_SouthWest
1981-01-31,78.2,-3.27,7.66,EU_RO_South
1981-02-28,54.92,-1.09,10.28,EU_RO_South
1981-03-31,56.26,5.88,19.09,EU_RO_South
1981-04-30,44.82,9.44,23.42,EU_RO_South
1981-05-31,73.35,14.59,25.73,EU_RO_South
1981-06-30,51.0,21.99,34.45,EU_RO_South
1981-07-31,47.32,22.39,34.36,EU_RO_South
1981-08-31,49.64,22.36,35.27,EU_RO_South
1981-09-30,31.67,18.44,31.46,EU_RO_South
1981-10-31,26.59,13.92,28.23,EU_RO_South
1981-11-30,70.13,3.51,19.99,EU_RO_South
1981-12-31,49.85,1.01,14.05,EU_RO_South
1982-01-31,16.86,-2.16,12.93,EU_RO_South
1982-02-28,26.95,-2.11,7.65,EU_RO_South
1982-03-31,34.31,3.95,20.06,EU_RO_South
1982-04-30,56.3,9.5,22.14,EU_RO_South
1982-05-31,26.55,17.83,30.73,EU_RO_South
1982-06-30,44.74,22.08,37.49,EU_RO_South
1982-07-31,85.57,22.08,34.19,EU_RO_South
1982-08-31,76.67,22.93,33.68,EU_RO_South
1982-09-30,17.91,20.29,31.34,EU_RO_South
1982-10-31,19.21,12.05,25.01,EU_RO_South
1982-11-30,19.51,4.25,17.74,EU_RO_South
1982-12-31,34.57,2.68,15.26,EU_RO_South
1983-01-31,10.78,1.23,13.45,EU_RO_South
1983-02-28,24.91,0.66,18.41,EU_RO_South
1983-03-31,7.6,6.83,23.72,EU_RO_South
1983-04-30,25.99,13.62,29.75,EU_RO_South
1983-05-31,52.04,19.23,31.27,EU_RO_South
1983-06-30,114.57,20.17,32.89,EU_RO_South
1983-07-31,64.94,23.63,35.77,EU_RO_South
1983-08-31,76.19,21.46,35.0,EU_RO_South
1983-09-30,14.03,18.76,33.16,EU_RO_South
1983-10-31,18.83,11.02,28.25,EU_RO_South
1983-11-30,22.72,2.33,16.88,EU_RO_South
1983-12-31,25.84,-1.38,11.29,EU_RO_South
1984-01-31,56.25,-0.1,11.83,EU_RO_South
1984-02-29,61.53,-0.87,7.97,EU_RO_South
1984-03-31,109.06,2.66,20.14,EU_RO_South
1984-04-30,58.58,8.91,19.07,EU_RO_South
1984-05-31,52.2,16.68,28.44,EU_RO_South
1984-06-30,69.81,19.67,30.61,EU_RO_South
1984-07-31,53.04,21.69,36.41,EU_RO_South
1984-08-31,31.22,20.92,33.33,EU_RO_South
1984-09-30,24.57,19.98,32.34,EU_RO_South
1984-10-31,7.56,14.75,33.74,EU_RO_South
1984-11-30,53.53,4.2,16.99,EU_RO_South
1984-12-31,33.0,-1.59,7.96,EU_RO_South
1985-01-31,41.21,-8.16,2.38,EU_RO_South
1985-02-28,26.77,-7.69,3.11,EU_RO_South
1985-03-31,14.68,2.36,17.51,EU_RO_South
1985-04-30,16.2,12.62,29.47,EU_RO_South
1985-05-31,28.92,19.69,29.92,EU_RO_South
1985-06-30,67.99,20.98,35.65,EU_RO_South
1985-07-31,36.48,23.56,40.22,EU_RO_South
1985-08-31,36.68,23.83,34.65,EU_RO_South
1985-09-30,17.06,18.05,32.69,EU_RO_South
1985-10-31,6.92,10.67,27.92,EU_RO_South
1985-11-30,75.14,4.22,21.4,EU_RO_South
1985-12-31,19.8,1.5,14.83,EU_RO_South
1986-01-31,42.91,-0.22,9.53,EU_RO_South
1986-02-28,81.08,-3.24,7.19,EU_RO_South
1986-03-31,16.45,3.63,22.47,EU_RO_South
1986-04-30,23.54,13.14,26.69,EU_RO_South
1986-05-31,12.42,18.49,31.94,EU_RO_South
1986-06-30,80.1,21.94,33.85,EU_RO_South
1986-07-31,58.68,22.51,33.3,EU_RO_South
1986-08-31,23.63,25.09,37.0,EU_RO_South
1986-09-30,21.1,19.5,36.38,EU_RO_South
1986-10-31,35.55,10.71,26.68,EU_RO_South
1986-11-30,2.98,3.88,14.26,EU_RO_South
1986-12-31,32.75,-2.21,10.94,EU_RO_South
1987-01-31,47.33,-4.99,6.96,EU_RO_South
1987-02-28,32.15,-0.67,13.85,EU_RO_South
1987-03-31,30.85,0.04,19.86,EU_RO_South
1987-04-30,55.56,9.66,23.66,EU_RO_South
1987-05-31,74.26,15.35,26.7,EU_RO_South
1987-06-30,40.61,21.79,37.13,EU_RO_South
1987-07-31,35.29,26.13,41.56,EU_RO_South
1987-08-31,39.96,22.35,37.58,EU_RO_South
1987-09-30,18.22,21.11,37.34,EU_RO_South
1987-10-31,26.7,9.89,21.69,EU_RO_South
1987-11-30,72.65,6.44,18.23,EU_RO_South
1987-12-31,37.87,-0.81,12.09,EU_RO_South
1988-01-31,32.8,0.93,12.5,EU_RO_South
1988-02-29,30.22,0.97,12.56,EU_RO_South
1988-03-31,72.27,5.43,19.29,EU_RO_South
1988-04-30,62.97,9.67,21.78,EU_RO_South
1988-05-31,53.15,16.45,27.79,EU_RO_South
1988-06-30,89.82,20.85,29.55,EU_RO_South
1988-07-31,29.31,26.25,39.49,EU_RO_South
1988-08-31,13.86,24.7,37.69,EU_RO_South
1988-09-30,49.91,19.03,33.07,EU_RO_South
1988-10-31,47.33,9.63,25.57,EU_RO_South
1988-11-30,43.91,-0.18,12.72,EU_RO_South
1988-12-31,38.14,-0.5,7.8,EU_RO_South
1989-01-31,3.64,-0.07,8.25,EU_RO_South
1989-02-28,12.21,3.33,19.79,EU_RO_South
1989-03-31,17.56,8.54,23.86,EU_RO_South
1989-04-30,46.25,14.4,26.6,EU_RO_South
1989-05-31,44.34,16.48,32.0,EU_RO_South
1989-06-30,84.61,20.1,31.45,EU_RO_South
1989-07-31,17.37,23.41,34.91,EU_RO_South
1989-08-31,31.39,24.78,35.63,EU_RO_South
1989-09-30,39.33,17.78,28.44,EU_RO_South
1989-10-31,41.08,12.47,23.21,EU_RO_South
1989-11-30,31.01,4.32,20.19,EU_RO_South
1989-12-31,28.17,0.25,16.34,EU_RO_South
1990-01-31,6.59,-3.36,10.6,EU_RO_South
1990-02-28,15.14,3.92,20.51,EU_RO_South
1990-03-31,2.05,9.71,25.45,EU_RO_South
1990-04-30,34.26,12.15,24.58,EU_RO_South
1990-05-31,49.32,17.49,36.4,EU_RO_South
1990-06-30,28.7,21.84,35.05,EU_RO_South
1990-07-31,20.02,25.55,37.88,EU_RO_South
1990-08-31,24.22,24.24,36.52,EU_RO_South
1990-09-30,21.01,18.34,34.63,EU_RO_South
1990-10-31,15.87,12.27,30.57,EU_RO_South
1990-11-30,21.24,8.05,24.17,EU_RO_South
1990-12-31,44.41,1.1,13.38,EU_RO_South
1991-01-31,6.62,0.07,11.06,EU_RO_South
1991-02-28,27.1,-0.98,9.27,EU_RO_South
1991-03-31,10.24,5.04,20.86,EU_RO_South
1991-04-30,45.63,10.43,23.54,EU_RO_South
1991-05-31,89.09,14.82,28.03,EU_RO_South
1991-06-30,62.43,21.84,34.49,EU_RO_South
1991-07-31,140.71,24.11,34.7,EU_RO_South
1991-08-31,38.21,22.7,34.3,EU_RO_South
1991-09-30,12.17,18.52,32.19,EU_RO_South
1991-10-31,41.03,12.24,30.18,EU_RO_South
1991-11-30,22.52,5.22,19.48,EU_RO_South
1991-12-31,31.75,-2.74,7.18,EU_RO_South
1992-01-31,3.39,-1.4,8.68,EU_RO_South
1992-02-29,20.86,0.46,14.51,EU_RO_South
1992-03-31,36.23,6.08,25.68,EU_RO_South
1992-04-30,36.92,11.77,27.32,EU_RO_South
1992-05-31,30.79,16.02,28.85,EU_RO_South
1992-06-30,62.43,21.28,34.27,EU_RO_South
1992-07-31,31.74,23.78,35.6,EU_RO_South
1992-08-31,18.57,27.08,36.95,EU_RO_South
1992-09-30,20.24,18.0,35.03,EU_RO_South
1992-10-31,19.94,13.18,28.21,EU_RO_South
1992-11-30,15.27,5.94,20.81,EU_RO_South
1992-12-31,26.85,-1.82,8.01,EU_RO_South
1993-01-31,7.72,-0.96,14.6,EU_RO_South
1993-02-28,25.28,-0.76,10.35,EU_RO_South
1993-03-31,72.85,2.97,23.43,EU_RO_South
1993-04-30,20.77,10.24,23.0,EU_RO_South
1993-05-31,73.98,17.87,33.54,EU_RO_South
1993-06-30,59.24,22.03,36.96,EU_RO_South
1993-07-31,45.47,23.26,36.29,EU_RO_South
1993-08-31,32.8,23.62,39.5,EU_RO_South
1993-09-30,25.05,18.01,33.71,EU_RO_South
1993-10-31,32.47,13.46,30.94,EU_RO_South
1993-11-30,70.63,-0.54,21.23,EU_RO_South
1993-12-31,16.79,0.93,15.53,EU_RO_South
1994-01-31,23.22,1.66,11.28,EU_RO_South
1994-02-28,2.17,1.02,18.91,EU_RO_South
1994-03-31,18.68,7.35,24.54,EU_RO_South
1994-04-30,33.79,13.12,25.11,EU_RO_South
1994-05-31,22.28,18.87,34.03,EU_RO_South
1994-06-30,72.56,21.96,36.47,EU_RO_South
1994-07-31,114.83,24.81,36.4,EU_RO_South
1994-08-31,23.51,24.58,38.26,EU_RO_South
1994-09-30,12.08,22.76,35.35,EU_RO_South
1994-10-31,57.28,11.88,30.84,EU_RO_South
1994-11-30,5.1,3.81,23.08,EU_RO_South
1994-12-31,56.3,-0.51,13.81,EU_RO_South
1995-01-31,37.3,-3.1,12.49,EU_RO_South
1995-02-28,14.88,4.25,20.84,EU_RO_South
1995-03-31,36.21,5.92,20.26,EU_RO_South
1995-04-30,29.87,10.91,25.53,EU_RO_South
1995-05-31,38.6,16.33,30.79,EU_RO_South
1995-06-30,87.58,22.54,33.1,EU_RO_South
1995-07-31,36.95,25.08,35.19,EU_RO_South
1995-08-31,36.98,23.07,34.14,EU_RO_South
1995-09-30,67.26,17.27,29.66,EU_RO_South
1995-10-31,17.79,11.34,26.63,EU_RO_South
1995-11-30,62.27,1.74,15.22,EU_RO_South
1995-12-31,47.48,-1.98,13.18,EU_RO_South
1996-01-31,33.44,-3.69,2.65,EU_RO_South
1996-02-29,45.61,-2.9,11.36,EU_RO_South
1996-03-31,23.18,0.46,11.33,EU_RO_South
1996-04-30,39.31,9.4,25.88,EU_RO_South
1996-05-31,45.51,19.06,32.44,EU_RO_South
1996-06-30,38.25,23.21,36.03,EU_RO_South
1996-07-31,19.37,24.15,37.71,EU_RO_South
1996-08-31,29.59,23.33,36.48,EU_RO_South
1996-09-30,63.52,15.63,27.08,EU_RO_South
1996-10-31,16.43,11.09,23.19,EU_RO_South
1996-11-30,50.74,8.06,22.14,EU_RO_South
1996-12-31,48.98,0.0,14.45,EU_RO_South
1997-01-31,9.72,-3.6,6.54,EU_RO_South
1997-02-28,13.66,1.19,14.82,EU_RO_South
1997-03-31,52.44,4.54,17.55,EU_RO_South
1997-04-30,101.16,7.25,19.05,EU_RO_South
1997-05-31,66.47,17.95,31.94,EU_RO_South
1997-06-30,65.33,22.06,33.89,EU_RO_South
1997-07-31,76.17,23.25,38.79,EU_RO_South
1997-08-31,102.89,21.41,32.48,EU_RO_South
1997-09-30,14.28,16.23,29.82,EU_RO_South
1997-10-31,62.93,9.69,28.7,EU_RO_South
1997-11-30,49.66,5.31,21.14,EU_RO_South
1997-12-31,57.28,-0.11,9.53,EU_RO_South
1998-01-31,42.2,0.14,12.28,EU_RO_South
1998-02-28,15.33,2.87,18.6,EU_RO_South
1998-03-31,23.95,4.11,20.74,EU_RO_South
1998-04-30,19.53,13.39,28.94,EU_RO_South
1998-05-31,44.82,17.04,28.95,EU_RO_South
1998-06-30,45.38,23.39,35.34,EU_RO_South
1998-07-31,28.49,25.65,37.91,EU_RO_South
1998-08-31,22.54,25.49,40.85,EU_RO_South
1998-09-30,85.09,17.05,29.2,EU_RO_South
1998-10-31,55.65,12.62,25.3,EU_RO_South
1998-11-30,39.72,2.52,22.53,EU_RO_South
1998-12-31,13.54,-4.38,4.3,EU_RO_South
1999-01-31,20.68,-0.2,8.58,EU_RO_South
1999-02-28,11.95,1.16,17.71,EU_RO_South
1999-03-31,20.98,6.53,18.18,EU_RO_South
1999-04-30,62.25,12.68,25.11,EU_RO_South
1999-05-31,42.76,16.81,31.27,EU_RO_South
1999-06-30,47.48,23.67,34.01,EU_RO_South
1999-07-31,44.28,26.15,36.42,EU_RO_South
1999-08-31,67.88,24.4,38.77,EU_RO_South
1999-09-30,73.72,19.16,33.5,EU_RO_South
1999-10-31,56.46,12.21,29.99,EU_RO_South
1999-11-30,11.81,4.42,17.51,EU_RO_South
1999-12-31,44.99,1.81,12.91,EU_RO_South
2000-01-31,21.35,-3.99,6.79,EU_RO_South
2000-02-29,20.54,2.1,13.14,EU_RO_South
2000-03-31,26.82,5.84,21.32,EU_RO_South
2000-04-30,37.56,14.27,27.83,EU_RO_South
2000-05-31,8.42,18.89,30.7,EU_RO_South
2000-06-30,17.11,23.46,37.3,EU_RO_South
2000-07-31,12.66,26.45,43.51,EU_RO_South
2000-08-31,3.73,25.98,38.81,EU_RO_South
2000-09-30,48.69,17.67,34.66,EU_RO_South
2000-10-31,1.51,12.06,25.19,EU_RO_South
2000-11-30,15.66,9.19,23.46,EU_RO_South
2000-12-31,7.03,2.28,17.53,EU_RO_South
2001-01-31,15.54,0.6,13.61,EU_RO_South
2001-02-28,26.22,2.53,17.24,EU_RO_South
2001-03-31,28.93,8.76,25.99,EU_RO_South
2001-04-30,31.93,11.73,25.52,EU_RO_South
2001-05-31,19.79,18.17,30.94,EU_RO_South
2001-06-30,67.76,21.32,38.15,EU_RO_South
2001-07-31,31.09,26.53,38.34,EU_RO_South
2001-08-31,14.49,26.44,38.49,EU_RO_South
2001-09-30,29.62,19.38,32.77,EU_RO_South
2001-10-31,3.38,14.26,31.01,EU_RO_South
2001-11-30,27.73,4.14,20.29,EU_RO_South
2001-12-31,23.2,-4.25,5.44,EU_RO_South
2002-01-31,13.21,-2.2,17.16,EU_RO_South
2002-02-28,3.8,6.06,19.75,EU_RO_South
2002-03-31,18.08,8.49,24.15,EU_RO_South
2002-04-30,35.11,10.87,23.13,EU_RO_South
2002-05-31,16.8,18.98,32.63,EU_RO_South
2002-06-30,55.09,23.64,38.71,EU_RO_South
2002-07-31,71.42,26.26,38.56,EU_RO_South
2002-08-31,30.65,23.32,33.87,EU_RO_South
2002-09-30,43.08,18.45,30.48,EU_RO_South
2002-10-31,72.21,11.16,25.12,EU_RO_South
2002-11-30,52.9,6.84,20.07,EU_RO_South
2002-12-31,57.54,-4.39,7.74,EU_RO_South
2003-01-31,51.59,-2.57,5.09,EU_RO_South
2003-02-28,21.89,-4.94,6.94,EU_RO_South
2003-03-31,13.72,2.74,18.66,EU_RO_South
2003-04-30,40.48,9.04,27.13,EU_RO_South
2003-05-31,37.27,20.16,32.76,EU_RO_South
2003-06-30,25.3,24.16,35.98,EU_RO_South
2003-07-31,56.11,25.09,38.62,EU_RO_South
2003-08-31,13.25,26.13,38.96,EU_RO_South
2003-09-30,98.67,16.99,28.9,EU_RO_South
2003-10-31,92.31,10.04,28.55,EU_RO_South
2003-11-30,49.5,6.33,21.67,EU_RO_South
2003-12-31,45.59,-0.72,8.41,EU_RO_South
2004-01-31,50.16,-3.46,5.57,EU_RO_South
2004-02-29,24.66,0.62,16.34,EU_RO_South
2004-03-31,36.41,5.84,21.9,EU_RO_South
2004-04-30,17.25,11.35,24.1,EU_RO_South
2004-05-31,78.32,15.84,27.48,EU_RO_South
2004-06-30,76.73,20.79,31.9,EU_RO_South
2004-07-31,67.7,23.69,37.67,EU_RO_South
2004-08-31,79.57,22.9,35.81,EU_RO_South
2004-09-30,44.46,18.71,31.1,EU_RO_South
2004-10-31,15.3,13.7,25.17,EU_RO_South
2004-11-30,56.81,6.67,24.76,EU_RO_South
2004-12-31,49.02,1.51,14.97,EU_RO_South
2005-01-31,62.74,0.63,13.01,EU_RO_South
2005-02-28,51.08,-2.51,12.19,EU_RO_South
2005-03-31,36.61,3.81,19.45,EU_RO_South
2005-04-30,31.72,11.08,24.89,EU_RO_South
2005-05-31,87.33,17.78,30.83,EU_RO_South
2005-06-30,88.42,20.04,32.53,EU_RO_South
2005-07-31,161.23,22.99,35.31,EU_RO_South
2005-08-31,129.44,22.72,35.12,EU_RO_South
2005-09-30,176.33,18.52,30.29,EU_RO_South
2005-10-31,69.23,11.29,23.32,EU_RO_South
2005-11-30,49.37,4.58,15.42,EU_RO_South
2005-12-31,33.22,1.12,11.88,EU_RO_South
2006-01-31,35.52,-3.96,7.94,EU_RO_South
2006-02-28,38.37,-0.91,15.62,EU_RO_South
2006-03-31,59.75,4.76,23.02,EU_RO_South
2006-04-30,59.33,12.03,21.02,EU_RO_South
2006-05-31,47.41,16.61,30.61,EU_RO_South
2006-06-30,56.43,21.26,33.68,EU_RO_South
2006-07-31,61.65,24.0,34.63,EU_RO_South
2006-08-31,63.42,23.99,37.95,EU_RO_South
2006-09-30,46.5,19.11,32.95,EU_RO_South
2006-10-31,26.01,13.53,32.2,EU_RO_South
2006-11-30,20.27,6.96,18.97,EU_RO_South
2006-12-31,16.5,1.72,11.76,EU_RO_South
2007-01-31,32.24,3.86,15.51,EU_RO_South
2007-02-28,20.67,3.53,16.73,EU_RO_South
2007-03-31,39.36,7.96,20.96,EU_RO_South
2007-04-30,12.71,12.33,25.53,EU_RO_South
2007-05-31,51.64,19.95,32.35,EU_RO_South
2007-06-30,32.84,24.9,40.0,EU_RO_South
2007-07-31,17.31,28.08,42.61,EU_RO_South
2007-08-31,100.86,25.23,39.28,EU_RO_South
2007-09-30,44.48,17.76,30.33,EU_RO_South
2007-10-31,78.17,12.64,27.48,EU_RO_South
2007-11-30,82.53,3.3,14.21,EU_RO_South
2007-12-31,64.97,-0.84,10.79,EU_RO_South
2008-01-31,35.7,-3.15,5.41,EU_RO_South
2008-02-29,6.65,2.47,18.62,EU_RO_South
2008-03-31,21.2,8.11,21.03,EU_RO_South
2008-04-30,70.06,12.97,24.48,EU_RO_South
2008-05-31,50.01,17.44,31.76,EU_RO_South
2008-06-30,43.55,22.79,36.54,EU_RO_South
2008-07-31,57.23,24.33,37.49,EU_RO_South
2008-08-31,9.99,26.6,39.13,EU_RO_South
2008-09-30,57.63,17.9,35.51,EU_RO_South
2008-10-31,32.73,13.49,26.03,EU_RO_South
2008-11-30,24.76,6.21,23.59,EU_RO_South
2008-12-31,31.88,2.78,17.42,EU_RO_South
2009-01-31,54.06,-0.45,11.57,EU_RO_South
2009-02-28,29.63,1.69,16.05,EU_RO_South
2009-03-31,39.57,5.82,21.01,EU_RO_South
2009-04-30,21.9,12.24,24.61,EU_RO_South
2009-05-31,46.51,18.59,31.51,EU_RO_South
2009-06-30,75.23,23.07,36.46,EU_RO_South
2009-07-31,86.59,25.19,38.16,EU_RO_South
2009-08-31,39.03,24.34,37.1,EU_RO_South
2009-09-30,39.25,19.29,35.69,EU_RO_South
2009-10-31,70.2,12.79,28.75,EU_RO_South
2009-11-30,23.84,7.68,21.78,EU_RO_South
2009-12-31,71.66,-0.18,17.82,EU_RO_South
2010-01-31,59.01,-3.62,13.08,EU_RO_South
2010-02-28,86.9,-0.58,12.52,EU_RO_South
2010-03-31,53.71,4.8,21.18,EU_RO_South
2010-04-30,43.6,11.65,22.63,EU_RO_South
2010-05-31,67.3,17.2,29.23,EU_RO_South
2010-06-30,107.81,21.62,35.05,EU_RO_South
2010-07-31,87.91,24.03,33.59,EU_RO_South
2010-08-31,32.0,26.39,38.32,EU_RO_South
2010-09-30,35.97,19.42,32.31,EU_RO_South
2010-10-31,61.13,9.63,19.45,EU_RO_South
2010-11-30,22.94,10.78,25.7,EU_RO_South
2010-12-31,85.66,-0.1,15.38,EU_RO_South
2011-01-31,49.81,-2.63,10.22,EU_RO_South
2011-02-28,22.52,-2.08,13.69,EU_RO_South
2011-03-31,13.61,4.76,20.82,EU_RO_South
2011-04-30,38.53,10.31,21.51,EU_RO_South
2011-05-31,77.44,17.01,28.8,EU_RO_South
2011-06-30,79.34,21.92,35.1,EU_RO_South
2011-07-31,75.83,24.78,37.58,EU_RO_South
2011-08-31,56.36,23.9,35.57,EU_RO_South
2011-09-30,3.4,21.89,34.91,EU_RO_South
2011-10-31,41.13,10.96,28.64,EU_RO_South
2011-11-30,1.41,2.85,17.16,EU_RO_South
2011-12-31,33.38,2.16,15.65,EU_RO_South
2012-01-31,93.3,-2.55,8.58,EU_RO_South
2012-02-29,53.61,-7.35,6.79,EU_RO_South
2012-03-31,8.72,6.07,23.02,EU_RO_South
2012-04-30,37.89,13.87,29.57,EU_RO_South
2012-05-31,138.85,18.61,30.73,EU_RO_South
2012-06-30,37.05,24.39,37.08,EU_RO_South
2012-07-31,20.86,28.58,40.48,EU_RO_South
2012-08-31,49.56,25.82,42.03,EU_RO_South
2012-09-30,41.01,20.74,33.28,EU_RO_South
2012-10-31,33.42,14.76,28.84,EU_RO_South
2012-11-30,15.94,7.37,21.63,EU_RO_South
2012-12-31,99.4,-1.89,13.97,EU_RO_South
2013-01-31,49.22,-0.7,13.01,EU_RO_South
2013-02-28,48.36,2.49,13.96,EU_RO_South
2013-03-31,46.5,4.66,21.9,EU_RO_South
2013-04-30,46.51,13.08,29.39,EU_RO_South
2013-05-31,66.53,19.62,32.26,EU_RO_South
2013-06-30,133.99,22.59,35.14,EU_RO_South
2013-07-31,45.22,24.12,37.88,EU_RO_South
2013-08-31,35.49,24.91,36.43,EU_RO_South
2013-09-30,62.01,17.8,29.8,EU_RO_South
2013-10-31,65.5,12.08,24.43,EU_RO_South
2013-11-30,27.99,8.15,22.64,EU_RO_South
2013-12-31,2.93,-0.21,8.6,EU_RO_South
2014-01-31,35.04,-0.4,11.79,EU_RO_South
2014-02-28,5.76,2.06,18.24,EU_RO_South
2014-03-31,39.4,8.92,24.03,EU_RO_South
2014-04-30,98.55,12.1,24.39,EU_RO_South
2014-05-31,105.42,16.97,29.07,EU_RO_South
2014-06-30,124.46,20.18,31.26,EU_RO_South
2014-07-31,86.23,23.71,33.85,EU_RO_South
2014-08-31,38.49,24.77,36.66,EU_RO_South
2014-09-30,46.92,19.0,30.91,EU_RO_South
2014-10-31,60.48,11.83,26.08,EU_RO_South
2014-11-30,49.77,5.14,18.32,EU_RO_South
2014-12-31,117.99,0.23,12.65,EU_RO_South
2015-01-31,32.91,-0.57,11.06,EU_RO_South
2015-02-28,47.02,1.2,14.53,EU_RO_South
2015-03-31,75.54,5.54,18.38,EU_RO_South
2015-04-30,48.36,10.9,24.7,EU_RO_South
2015-05-31,32.8,18.11,28.18,EU_RO_South
2015-06-30,74.68,21.51,33.9,EU_RO_South
2015-07-31,24.66,26.17,39.64,EU_RO_South
2015-08-31,73.14,25.44,37.73,EU_RO_South
2015-09-30,90.71,20.66,36.76,EU_RO_South
2015-10-31,62.47,11.33,24.67,EU_RO_South
2015-11-30,95.23,7.87,20.71,EU_RO_South
2015-12-31,3.16,2.75,13.16,EU_RO_South
2016-01-31,66.4,-3.55,9.07,EU_RO_South
2016-02-29,20.7,6.01,20.6,EU_RO_South
2016-03-31,76.56,7.08,22.51,EU_RO_South
2016-04-30,63.24,14.41,29.01,EU_RO_South
2016-05-31,87.78,16.32,28.69,EU_RO_South
2016-06-30,77.96,22.69,35.22,EU_RO_South
2016-07-31,19.08,25.52,35.74,EU_RO_South
2016-08-31,62.92,24.65,37.39,EU_RO_South
2016-09-30,60.33,20.34,33.57,EU_RO_South
2016-10-31,98.66,10.12,26.59,EU_RO_South
2016-11-30,53.66,4.99,20.87,EU_RO_South
2016-12-31,6.2,-0.88,9.54,EU_RO_South
2017-01-31,36.22,-6.29,4.27,EU_RO_South
2017-02-28,38.38,0.48,17.16,EU_RO_South
2017-03-31,38.85,8.48,21.3,EU_RO_South
2017-04-30,83.39,10.67,27.28,EU_RO_South
2017-05-31,77.84,16.71,28.58,EU_RO_South
2017-06-30,72.32,22.92,36.72,EU_RO_South
2017-07-31,112.38,24.34,40.16,EU_RO_South
2017-08-31,29.64,25.52,39.4,EU_RO_South
2017-09-30,29.81,20.11,34.52,EU_RO_South
2017-10-31,130.86,12.53,26.23,EU_RO_South
2017-11-30,67.89,6.4,19.24,EU_RO_South
2017-12-31,48.13,2.48,14.86,EU_RO_South
2018-01-31,42.82,0.19,12.61,EU_RO_South
2018-02-28,81.42,0.76,14.17,EU_RO_South
2018-03-31,79.27,3.02,21.12,EU_RO_South
2018-04-30,10.54,15.23,27.82,EU_RO_South
2018-05-31,25.01,19.34,30.87,EU_RO_South
2018-06-30,129.8,23.0,34.28,EU_RO_South
2018-07-31,130.53,23.28,31.51,EU_RO_South
2018-08-31,17.19,25.31,34.9,EU_RO_South
2018-09-30,20.98,20.26,34.09,EU_RO_South
2018-10-31,10.45,14.24,27.23,EU_RO_South
2018-11-30,52.13,4.46,19.81,EU_RO_South
2018-12-31,57.22,-1.18,6.79,EU_RO_South
2019-01-31,58.84,-1.65,5.62,EU_RO_South
2019-02-28,15.25,2.94,15.83,EU_RO_South
2019-03-31,22.76,8.59,24.2,EU_RO_South
2019-04-30,54.53,11.14,26.99,EU_RO_South
2019-05-31,92.29,17.58,30.16,EU_RO_South
2019-06-30,110.58,24.07,34.31,EU_RO_South
2019-07-31,55.0,24.45,37.41,EU_RO_South
2019-08-31,26.08,25.89,36.65,EU_RO_South
2019-09-30,9.41,20.86,34.34,EU_RO_South
2019-10-31,40.97,14.45,30.72,EU_RO_South
2019-11-30,52.52,10.33,25.35,EU_RO_South
2019-12-31,17.33,3.64,16.32,EU_RO_South
2020-01-31,3.42,0.78,12.29,EU_RO_South
2020-02-29,38.76,4.76,19.16,EU_RO_South
2020-03-31,40.33,8.48,23.43,EU_RO_South
2020-04-30,17.54,12.07,25.59,EU_RO_South
2020-05-31,91.39,17.07,30.95,EU_RO_South
2020-06-30,110.94,21.78,34.89,EU_RO_South
2020-07-31,70.67,25.06,37.04,EU_RO_South
2020-08-31,15.74,25.63,37.02,EU_RO_South
2020-09-30,49.7,21.63,36.18,EU_RO_South
2020-10-31,58.94,15.01,30.79,EU_RO_South
2020-11-30,19.89,5.59,16.31,EU_RO_South
2020-12-31,92.6,3.05,14.36,EU_RO_South
2021-01-31,82.2,0.12,12.6,EU_RO_South
2021-02-28,18.49,2.99,18.88,EU_RO_South
2021-03-31,79.61,4.28,18.98,EU_RO_South
2021-04-30,43.84,9.37,24.06,EU_RO_South
2021-05-31,80.75,16.85,27.95,EU_RO_South
2021-06-30,128.72,20.98,33.96,EU_RO_South
2021-07-31,31.98,25.86,38.77,EU_RO_South
2021-08-31,52.69,25.64,40.29,EU_RO_South
2021-09-30,9.01,18.54,31.32,EU_RO_South
2021-10-31,66.47,10.52,21.05,EU_RO_South
2021-11-30,30.66,7.29,24.66,EU_RO_South
2021-12-31,70.95,1.91,12.36,EU_RO_South
2022-01-31,8.62,0.84,14.23,EU_RO_South
2022-02-28,10.87,3.91,15.86,EU_RO_South
2022-03-31,13.05,3.96,23.03,EU_RO_South
2022-04-30,62.15,11.75,25.61,EU_RO_South
2022-05-31,50.17,18.74,31.93,EU_RO_South
2022-06-30,49.1,23.73,36.33,EU_RO_South
2022-07-31,35.85,27.07,40.65,EU_RO_South
2022-08-31,56.27,26.59,36.51,EU_RO_South
2022-09-30,59.45,19.18,33.22,EU_RO_South
2022-10-31,7.97,14.66,30.97,EU_RO_South
2022-11-30,44.46,8.99,24.17,EU_RO_South
2022-12-31,26.98,2.92,18.44,EU_RO_South
2023-01-31,85.5,4.0,20.16,EU_RO_South
2023-02-28,10.44,2.51,21.11,EU_RO_South
2023-03-31,20.25,7.95,22.26,EU_RO_South
2023-04-30,68.8,11.24,21.51,EU_RO_South
2023-05-31,37.82,16.9,28.45,EU_RO_South
2023-06-30,46.7,22.69,36.33,EU_RO_South
2023-07-31,61.54,27.11,40.07,EU_RO_South
2023-08-31,28.1,27.32,40.23,EU_RO_South
2023-09-30,13.39,22.68,35.1,EU_RO_South
2023-10-31,10.28,17.4,32.06,EU_RO_South
2023-11-30,86.2,8.32,22.25,EU_RO_South
2023-12-31,23.87,3.46,16.19,EU_RO_South
2024-01-31,34.16,0.89,14.59,EU_RO_South
2024-02-29,5.9,7.3,21.04,EU_RO_South
2024-03-31,46.21,8.46,27.46,EU_RO_South
2024-04-30,52.96,15.64,30.97,EU_RO_South
2024-05-31,24.96,17.13,30.58,EU_RO_South
2024-06-30,46.98,26.57,39.03,EU_RO_South
2024-07-31,51.76,28.62,41.45,EU_RO_South
2024-08-31,25.38,27.68,38.33,EU_RO_South
2024-09-30,72.6,21.08,36.04,EU_RO_South
2024-10-31,14.07,13.86,29.25,EU_RO_South
2024-11-30,56.84,5.16,21.72,EU_RO_South
2024-12-31,86.85,2.48,13.65,EU_RO_South
2025-01-31,7.3,3.22,15.87,EU_RO_South
2025-02-28,23.79,-1.07,10.34,EU_RO_South
2025-03-31,29.39,9.92,25.33,EU_RO_South
2025-04-30,26.82,12.24,27.45,EU_RO_South
2025-05-31,133.39,16.57,29.5,EU_RO_South
2025-06-30,27.45,24.5,38.06,EU_RO_South
2025-07-31,41.53,27.63,41.29,EU_RO_South
2025-08-31,13.33,25.77,37.36,EU_RO_South
2025-09-30,16.34,20.88,36.19,EU_RO_South
2025-10-31,143.25,11.64,22.54,EU_RO_South
2025-11-30,110.73,8.57,20.73,EU_RO_South
2025-12-31,14.11,2.8,13.49,EU_RO_South
