date,corn_us,wheat_us,soyoil_us,eurusd
2014-01-01,,,,1.3744947910308838
2014-01-02,420.5,597.0,38.5099983215332,1.3766709566116333
2014-01-03,423.5,605.75,38.34000015258789,1.3666616678237915
2014-01-06,427.75,605.75,37.869998931884766,1.3596007823944092
2014-01-07,426.0,602.5,37.70000076293945,1.3631964921951294
2014-01-08,417.0,588.75,37.43000030517578,1.3616372346878052
2014-01-09,412.0,584.25,37.7400016784668,1.3572019338607788
2014-01-10,432.75,569.0,37.95000076293945,1.360710859298706
2014-01-13,434.5,573.5,37.56999969482422,1.3671848773956299
2014-01-14,431.5,579.25,37.400001525878906,1.3669979572296143
2014-01-15,425.75,567.75,37.9900016784668,1.3668484687805176
2014-01-16,428.0,572.75,38.04999923706055,1.359933614730835
2014-01-17,424.0,563.5,37.7400016784668,1.3618041276931763
2014-01-20,,,,1.3527590036392212
2014-01-21,425.0,562.25,38.099998474121094,1.3549033403396606
2014-01-22,426.25,561.25,37.84000015258789,1.355913758277893
2014-01-23,429.0,570.0,37.86000061035156,1.354224443435669
2014-01-24,429.5,565.25,37.540000915527344,1.3689066171646118
2014-01-27,431.75,563.5,37.060001373291016,1.3687942028045654
2014-01-28,432.0,566.0,37.400001525878906,1.3674652576446533
2014-01-29,427.5,551.5,37.099998474121094,1.3655046224594116
2014-01-30,433.5,553.5,37.06999969482422,1.365859031677246
2014-01-31,434.0,555.75,37.63999938964844,1.3558770418167114
2014-02-03,435.75,563.75,37.45000076293945,1.3488178253173828
2014-02-04,441.75,584.5,37.709999084472656,1.3525028228759766
2014-02-05,443.25,587.5,38.22999954223633,1.3515887260437012
2014-02-06,443.0,580.75,38.65999984741211,1.3535096645355225
2014-02-07,444.25,577.5,38.560001373291016,1.3592127561569214
2014-02-10,443.0,584.75,38.72999954223633,1.361933946609497
2014-02-11,441.5,590.25,38.849998474121094,1.364610195159912
2014-02-12,440.0,587.0,38.9900016784668,1.3639029264450073
2014-02-13,440.5,595.5,39.540000915527344,1.3590095043182373
2014-02-14,445.25,598.5,39.150001525878906,1.3678767681121826
2014-02-17,,,,1.3699944019317627
2014-02-18,449.5,612.0,40.36000061035156,1.3704450130462646
2014-02-19,453.75,620.25,40.2400016784668,1.376197338104248
2014-02-20,455.75,616.25,40.56999969482422,1.3730417490005493
2014-02-21,453.0,609.75,40.95000076293945,1.372118592262268
2014-02-24,451.5,617.75,40.75,1.3737962245941162
2014-02-25,455.75,615.0,40.58000183105469,1.3736075162887573
2014-02-26,455.5,600.0,41.20000076293945,1.3746082782745361
2014-02-27,448.0,582.25,40.900001525878906,1.3681949377059937
2014-02-28,457.5,599.0,41.52000045776367,1.3707455396652222
2014-03-03,464.0,626.75,42.11000061035156,1.377695083618164
2014-03-04,476.75,639.75,43.459999084472656,1.373701810836792
2014-03-05,475.25,637.25,43.18000030517578,1.374117136001587
2014-03-06,485.75,641.5,44.27000045776367,1.3734188079833984
2014-03-07,481.0,646.25,44.09000015258789,1.3863087892532349
2014-03-10,472.0,645.0,43.63999938964844,1.3878673315048218
2014-03-11,478.0,663.25,43.5099983215332,1.3878865242004395
2014-03-12,484.25,688.0,43.20000076293945,1.385809302330017
2014-03-13,484.25,679.0,42.77000045776367,1.3904531002044678
2014-03-14,472.25,690.25,42.02000045776367,1.3865394592285156
2014-03-17,479.0,674.5,41.88999938964844,1.39130437374115
2014-03-18,486.25,692.5,42.27000045776367,1.3926606178283691
2014-03-19,487.75,715.75,42.099998474121094,1.3930875062942505
2014-03-20,478.5,703.75,41.310001373291016,1.381921648979187
2014-03-21,479.0,693.25,41.02000045776367,1.378207802772522
2014-03-24,490.0,714.5,40.84000015258789,1.3795576095581055
2014-03-25,486.5,708.25,40.7400016784668,1.3838915824890137
2014-03-26,484.5,696.75,40.72999954223633,1.3819025754928589
2014-03-27,492.0,710.5,40.43000030517578,1.378207802772522
2014-03-28,492.0,695.5,40.47999954223633,1.3741360902786255
2014-03-31,502.0,697.25,40.41999816894531,1.3752131462097168
2014-04-01,507.5,685.25,41.400001525878906,1.3775053024291992
2014-04-02,495.75,669.25,40.849998474121094,1.379481554031372
2014-04-03,500.0,676.0,41.66999816894531,1.376822590827942
2014-04-04,501.75,669.75,41.56999969482422,1.3723821640014648
2014-04-07,499.25,676.25,41.43000030517578,1.3704074621200562
2014-04-08,507.0,681.0,42.11000061035156,1.374306082725525
2014-04-09,502.25,669.0,42.90999984741211,1.3793293237686157
2014-04-10,501.25,662.25,42.5,1.3855020999908447
2014-04-11,498.5,660.25,42.099998474121094,1.3886381387710571
2014-04-14,503.0,678.75,42.2599983215332,1.3846195936203003
2014-04-15,503.75,701.75,42.83000183105469,1.381711721420288
2014-04-16,497.5,688.0,43.709999084472656,1.38119637966156
2014-04-17,494.75,691.25,43.40999984741211,1.3827050924301147
2014-04-18,,,,1.3812155723571777
2014-04-21,488.5,668.25,43.0,1.3815207481384277
2014-04-22,496.25,673.0,42.7400016784668,1.3795006275177002
2014-04-23,503.5,676.5,42.5,1.3810056447982788
2014-04-24,501.25,689.0,42.59000015258789,1.381921648979187
2014-04-25,507.0,700.25,42.91999816894531,1.3832024335861206
2014-04-28,507.75,700.25,42.619998931884766,1.384063959121704
2014-04-29,515.75,708.0,42.77000045776367,1.3852909803390503
2014-04-30,514.0,713.0,41.880001068115234,1.3813681602478027
2014-05-01,503.25,698.75,40.91999816894531,1.386924147605896
2014-05-02,494.0,707.75,41.290000915527344,1.3870972394943237
2014-05-05,503.25,721.25,40.97999954223633,1.387270450592041
2014-05-06,513.0,731.75,40.90999984741211,1.387597680091858
2014-05-07,510.25,729.75,40.66999816894531,1.3930680751800537
2014-05-08,513.25,726.75,40.939998626708984,1.3911689519882202
2014-05-09,505.0,714.0,40.97999954223633,1.3844279050827026
2014-05-12,497.5,705.5,40.779998779296875,1.376064658164978
2014-05-13,503.25,700.0,41.0,1.3756672143936157
2014-05-14,494.75,681.0,41.189998626708984,1.3709522485733032
2014-05-15,484.25,678.25,41.040000915527344,1.372005581855774
2014-05-16,483.5,674.25,40.75,1.3716480731964111
2014-05-19,477.25,674.5,40.41999816894531,1.3703323602676392
2014-05-20,473.5,670.5,40.06999969482422,1.3713847398757935
2014-05-21,474.5,664.25,40.470001220703125,1.3704074621200562
2014-05-22,476.75,659.25,40.86000061035156,1.3681762218475342
2014-05-23,478.0,652.5,40.380001068115234,1.3654487133026123
2014-05-26,,,,1.3628805875778198
2014-05-27,469.75,641.0,39.939998626708984,1.3651318550109863
2014-05-28,472.5,638.75,39.630001068115234,1.3636983633041382
2014-05-29,469.5,632.5,39.40999984741211,1.359342098236084
2014-05-30,465.75,627.25,38.5,1.360451579093933
2014-06-02,465.5,620.75,38.310001373291016,1.3628062009811401
2014-06-03,458.25,612.5,38.349998474121094,1.3598966598510742
2014-06-04,456.25,614.5,39.25,1.3621008396148682
2014-06-05,449.0,605.75,38.689998626708984,1.3604146242141724
2014-06-06,459.0,618.25,39.0099983215332,1.3661948442459106
2014-06-09,451.0,612.5,39.279998779296875,1.3642936944961548
2014-06-10,445.5,601.25,38.939998626708984,1.3592681884765625
2014-06-11,441.0,589.25,38.41999816894531,1.3540961742401123
2014-06-12,444.0,585.25,38.58000183105469,1.3537112474441528
2014-06-13,447.0,586.0,39.689998626708984,1.3554543256759644
2014-06-16,441.0,581.0,39.5,1.3538029193878174
2014-06-17,438.75,581.75,39.68000030517578,1.3577179908752441
2014-06-18,441.5,587.0,40.130001068115234,1.3547931909561157
2014-06-19,450.5,593.5,40.61000061035156,1.3590649366378784
2014-06-20,453.25,585.25,40.130001068115234,1.361136794090271
2014-06-23,444.5,579.75,40.68000030517578,1.3593051433563232
2014-06-24,443.0,571.0,40.970001220703125,1.3601926565170288
2014-06-25,441.0,575.5,40.650001525878906,1.3605812788009644
2014-06-26,442.75,582.25,40.5099983215332,1.3628991842269897
2014-06-27,443.0,585.25,39.97999954223633,1.3613035678863525
2014-06-30,424.25,564.75,38.849998474121094,1.3644425868988037
2014-07-01,422.75,559.75,38.869998931884766,1.3693565130233765
2014-07-02,418.5,561.75,38.470001220703125,1.3680826425552368
2014-07-03,417.0,568.0,38.560001373291016,1.3652995824813843
2014-07-04,,,,1.3610072135925293
2014-07-07,409.25,545.0,38.36000061035156,1.3588433265686035
2014-07-08,408.25,545.25,37.79999923706055,1.360618233680725
2014-07-09,404.0,539.5,37.040000915527344,1.3617113828659058
2014-07-10,400.5,536.75,37.38999938964844,1.3642936944961548
2014-07-11,399.75,514.75,36.709999084472656,1.3605072498321533
2014-07-14,390.25,549.75,36.75,1.360377550125122
2014-07-15,374.0,537.75,36.900001525878906,1.3621751070022583
2014-07-16,378.25,538.0,36.83000183105469,1.3572019338607788
2014-07-17,379.5,550.75,36.369998931884766,1.3529969453811646
2014-07-18,371.25,532.25,36.56999969482422,1.3518811464309692
2014-07-21,364.0,530.0,36.13999938964844,1.3532166481018066
2014-07-22,360.25,524.5,35.93000030517578,1.3527040481567383
2014-07-23,362.5,530.75,36.20000076293945,1.3468012809753418
2014-07-24,361.5,528.75,36.2400016784668,1.346293568611145
2014-07-25,363.0,538.0,36.09000015258789,1.3464748859405518
2014-07-28,367.75,534.75,36.52000045776367,1.3428946733474731
2014-07-29,361.5,520.0,36.25,1.3439054489135742
2014-07-30,361.75,527.25,36.04999923706055,1.3411117792129517
2014-07-31,357.0,530.25,36.11000061035156,1.3396027088165283
2014-08-01,352.5,534.25,35.45000076293945,1.3389928340911865
2014-08-04,358.75,544.0,36.02000045776367,1.3428946733474731
2014-08-05,356.25,552.5,35.470001220703125,1.342209815979004
2014-08-06,363.25,568.0,35.790000915527344,1.337238073348999
2014-08-07,359.5,561.5,35.619998931884766,1.3382940292358398
2014-08-08,351.75,549.25,35.439998626708984,1.3358268737792969
2014-08-11,356.75,546.5,34.880001068115234,1.3405184745788574
2014-08-12,358.5,538.0,34.619998931884766,1.3384909629821777
2014-08-13,358.0,528.0,33.95000076293945,1.3366124629974365
2014-08-14,362.0,537.25,33.599998474121094,1.3367911577224731
2014-08-15,365.75,551.25,32.869998931884766,1.3363981246948242
2014-08-18,360.75,542.5,32.959999084472656,1.339046597480774
2014-08-19,362.5,546.0,32.65999984741211,1.336112380027771
2014-08-20,359.5,539.5,32.86000061035156,1.332196593284607
2014-08-21,362.25,546.25,32.779998779296875,1.3260489702224731
2014-08-22,365.5,552.0,32.36000061035156,1.3279330730438232
2014-08-25,360.0,542.5,32.7400016784668,1.3198705911636353
2014-08-26,356.0,541.5,33.029998779296875,1.3188958168029785
2014-08-27,356.0,547.25,32.66999816894531,1.3170199394226074
2014-08-28,361.75,556.5,32.63999938964844,1.319087266921997
2014-08-29,359.0,550.25,32.040000915527344,1.3184958696365356
2014-09-01,,,,1.3127838373184204
2014-09-02,355.75,543.5,32.0099983215332,1.3131976127624512
2014-09-03,341.25,523.5,31.729999542236328,1.3131976127624512
2014-09-04,335.75,525.25,31.969999313354492,1.3150973320007324
2014-09-05,346.5,531.5,32.349998474121094,1.2932761907577515
2014-09-08,339.25,533.5,32.029998779296875,1.2953367233276367
2014-09-09,336.25,527.5,31.59000015258789,1.2891082763671875
2014-09-10,338.75,518.75,31.579999923706055,1.2941968441009521
2014-09-11,331.75,503.0,31.440000534057617,1.2917059659957886
2014-09-12,339.0,498.25,32.15999984741211,1.2923569679260254
2014-09-15,343.0,500.75,33.27000045776367,1.2960082292556763
2014-09-16,343.75,496.25,32.810001373291016,1.2939791679382324
2014-09-17,341.75,499.25,33.38999938964844,1.2959076166152954
2014-09-18,338.25,488.5,32.720001220703125,1.285000205039978
2014-09-19,331.5,474.5,32.459999084472656,1.2920063734054565
2014-09-22,330.25,476.75,32.0,1.2841421365737915
2014-09-23,325.5,476.0,32.22999954223633,1.2851488590240479
2014-09-24,329.5,480.25,32.619998931884766,1.2853965759277344
2014-09-25,326.0,474.0,32.619998931884766,1.2778083086013794
2014-09-26,323.0,474.25,31.920000076293945,1.2757054567337036
2014-09-29,325.75,481.25,32.790000915527344,1.2673146724700928
2014-09-30,320.75,477.75,32.27000045776367,1.269083857536316
2014-10-01,321.25,479.0,32.65999984741211,1.262833595275879
2014-10-02,322.75,482.75,32.66999816894531,1.2624191045761108
2014-10-03,323.25,485.75,32.290000915527344,1.2670577764511108
2014-10-06,332.5,491.5,33.31999969482422,1.2513607740402222
2014-10-07,340.5,506.25,32.959999084472656,1.264606237411499
2014-10-08,343.25,507.75,32.880001068115234,1.266800880432129
2014-10-09,344.75,493.25,32.880001068115234,1.2743074893951416
2014-10-10,334.0,498.5,32.279998779296875,1.2689067125320435
2014-10-13,346.0,505.25,32.880001068115234,1.263982892036438
2014-10-14,357.0,509.25,32.439998626708984,1.272394061088562
2014-10-15,347.5,506.0,31.979999542236328,1.2639029026031494
2014-10-16,352.25,517.0,32.36000061035156,1.2821663618087769
2014-10-17,348.0,516.0,32.02000045776367,1.280442476272583
2014-10-20,348.25,513.5,31.700000762939453,1.274957299232483
2014-10-21,356.0,519.25,31.760000228881836,1.2795250415802002
2014-10-22,353.0,522.25,32.13999938964844,1.2714719772338867
2014-10-23,359.75,526.75,32.66999816894531,1.2641425132751465
2014-10-24,353.0,517.75,32.38999938964844,1.2654062509536743
2014-10-27,363.0,522.75,32.22999954223633,1.2676681280136108
2014-10-28,364.5,530.75,32.790000915527344,1.270147681236267
2014-10-29,375.25,538.25,34.18000030517578,1.273836612701416
2014-10-30,374.0,536.0,34.310001373291016,1.2632802724838257
2014-10-31,376.75,532.5,34.79999923706055,1.2613362073898315
2014-11-03,373.5,538.25,34.029998779296875,1.2503125667572021
2014-11-04,364.5,530.5,33.06999969482422,1.2495938539505005
2014-11-05,370.25,524.75,32.720001220703125,1.2552564144134521
2014-11-06,371.25,520.25,32.529998779296875,1.2480031251907349
2014-11-07,367.5,514.5,32.400001525878906,1.238006830215454
2014-11-10,369.25,517.25,32.36000061035156,1.246137022972107
2014-11-11,373.75,525.25,32.869998931884766,1.242992639541626
2014-11-12,377.75,542.75,32.220001220703125,1.2475829124450684
2014-11-13,386.25,553.75,32.06999969482422,1.242992639541626
2014-11-14,381.75,560.5,32.20000076293945,1.2475982904434204
2014-11-17,377.5,551.75,32.45000076293945,1.251846432685852
2014-11-18,372.0,549.0,32.650001525878906,1.2448959350585938
2014-11-19,363.25,537.75,32.5099983215332,1.253337025642395
2014-11-20,373.25,547.25,32.66999816894531,1.2540757656097412
2014-11-21,372.75,547.25,32.689998626708984,1.2545005083084106
2014-11-24,367.5,542.25,33.20000076293945,1.2375012636184692
2014-11-25,374.25,551.5,33.41999816894531,1.2433171272277832
2014-11-26,378.25,562.0,33.47999954223633,1.24806547164917
2014-11-27,,,,1.2505940198898315
2014-11-28,375.75,577.25,32.18000030517578,1.246199131011963
2014-12-01,375.5,606.75,32.220001220703125,1.2438275814056396
2014-12-02,367.75,605.25,31.170000076293945,1.247007131576538
2014-12-03,368.75,597.0,31.860000610351562,1.2388503551483154
2014-12-04,376.0,599.75,31.600000381469727,1.231663703918457
2014-12-05,381.5,609.0,32.0099983215332,1.2386661767959595
2014-12-08,377.5,610.0,31.770000457763672,1.2294074296951294
2014-12-09,383.0,600.5,31.90999984741211,1.2315119504928589
2014-12-10,382.5,593.25,31.670000076293945,1.2394952774047852
2014-12-11,390.0,610.25,31.93000030517578,1.2473959922790527
2014-12-12,396.25,627.5,31.969999313354492,1.2394952774047852
2014-12-15,408.5,619.0,32.27000045776367,1.2463544607162476
2014-12-16,406.0,623.25,31.770000457763672,1.2443537712097168
2014-12-17,408.25,648.5,31.770000457763672,1.2512043714523315
2014-12-18,411.0,655.25,31.889999389648438,1.2338976860046387
2014-12-19,410.5,632.25,31.969999313354492,1.229044795036316
2014-12-22,411.75,625.75,32.040000915527344,1.2225985527038574
2014-12-23,414.0,635.5,32.220001220703125,1.2223743200302124
2014-12-24,407.75,611.5,31.93000030517578,1.217492938041687
2014-12-25,,,,1.2198543548583984
2014-12-26,414.75,610.75,32.459999084472656,1.2210012674331665
2014-12-29,412.75,615.5,32.790000915527344,1.216944694519043
2014-12-30,406.5,602.0,32.88999938964844,1.215347409248352
2014-12-31,397.0,589.75,31.969999313354492,1.2162047624588013
2015-01-01,,,,1.2098628282546997
2015-01-02,395.75,581.25,31.950000762939453,1.2089413404464722
2015-01-05,406.0,589.0,32.70000076293945,1.194643259048462
2015-01-06,405.0,591.75,32.689998626708984,1.193901538848877
2015-01-07,396.25,579.5,32.97999954223633,1.1875356435775757
2015-01-08,394.25,567.0,33.58000183105469,1.1836000680923462
2015-01-09,400.25,563.75,33.540000915527344,1.1796069145202637
2015-01-12,402.0,555.5,32.45000076293945,1.187070369720459
2015-01-13,385.75,548.0,32.38999938964844,1.1831519603729248
2015-01-14,381.0,537.75,32.56999969482422,1.1778285503387451
2015-01-15,380.0,532.75,32.9900016784668,1.1785920858383179
2015-01-16,387.0,532.75,33.38999938964844,1.1637378931045532
2015-01-19,,,,1.1566041707992554
2015-01-20,390.25,537.0,32.84000015258789,1.1597968339920044
2015-01-21,388.0,536.75,32.40999984741211,1.1546944379806519
2015-01-22,383.75,533.75,31.969999313354492,1.1615345478057861
2015-01-23,386.75,530.0,31.600000381469727,1.1346745491027832
2015-01-26,384.0,520.5,31.079999923706055,1.1125450134277344
2015-01-27,381.25,519.0,31.170000076293945,1.1247708797454834
2015-01-28,373.25,505.25,30.34000015258789,1.1367381811141968
2015-01-29,371.5,507.75,29.540000915527344,1.1281461715698242
2015-01-30,370.0,502.75,30.0,1.13355553150177
2015-02-02,369.75,492.75,30.40999984741211,1.1309019327163696
2015-02-03,385.75,513.75,30.799999237060547,1.1341726779937744
2015-02-04,383.5,511.0,30.59000015258789,1.145737886428833
2015-02-05,385.25,525.75,31.709999084472656,1.131874680519104
2015-02-06,385.75,527.0,31.81999969482422,1.147196888923645
2015-02-09,391.25,529.75,32.0099983215332,1.1314393281936646
2015-02-10,388.0,521.75,31.450000762939453,1.1326953172683716
2015-02-11,385.75,525.75,31.75,1.1321951150894165
2015-02-12,383.0,521.25,32.0099983215332,1.131196141242981
2015-02-13,387.25,533.0,32.400001525878906,1.140393853187561
2015-02-16,,,,1.1400039196014404
2015-02-17,389.5,534.75,32.31999969482422,1.1334012746810913
2015-02-18,383.75,527.75,32.0099983215332,1.1404719352722168
2015-02-19,389.75,527.75,31.829999923706055,1.1400039196014404
2015-02-20,385.25,510.25,31.479999542236328,1.1366735696792603
2015-02-23,378.75,505.75,31.139999389648438,1.1381484270095825
2015-02-24,377.5,505.75,31.420000076293945,1.1332985162734985
2015-02-25,375.75,497.75,31.709999084472656,1.1339025497436523
2015-02-26,380.0,503.25,31.84000015258789,1.1363636255264282
2015-02-27,384.5,517.5,32.79999923706055,1.1205360889434814
2015-03-02,378.75,508.0,32.650001525878906,1.1161960363388062
2015-03-03,382.0,508.75,32.79999923706055,1.1179054975509644
2015-03-04,381.5,493.5,32.029998779296875,1.118217945098877
2015-03-05,382.75,481.25,31.43000030517578,1.1082050800323486
2015-03-06,379.25,485.75,31.139999389648438,1.1032048463821411
2015-03-09,383.25,494.25,30.8799991607666,1.0845986604690552
2015-03-10,382.25,496.5,30.84000015258789,1.0833414793014526
2015-03-11,384.0,503.0,30.969999313354492,1.0708701610565186
2015-03-12,382.25,513.25,30.760000228881836,1.0548745393753052
2015-03-13,374.0,508.75,30.190000534057617,1.0626314878463745
2015-03-16,379.0,514.0,30.389999389648438,1.0481630563735962
2015-03-17,371.0,503.5,30.040000915527344,1.0572947263717651
2015-03-18,374.75,510.75,30.6299991607666,1.0598047971725464
2015-03-19,373.5,512.0,30.6200008392334,1.0849988460540771
2015-03-20,385.0,530.0,30.68000030517578,1.066894292831421
2015-03-23,390.25,534.0,31.149999618530273,1.0826611518859863
2015-03-24,393.25,523.5,31.110000610351562,1.094499111175537
2015-03-25,395.0,519.0,31.040000915527344,1.0902034044265747
2015-03-26,391.25,499.25,31.170000076293945,1.0960465669631958
2015-03-27,391.0,507.75,30.600000381469727,1.0886367559432983
2015-03-30,394.5,530.25,30.489999771118164,1.0884946584701538
2015-03-31,376.25,511.75,30.389999389648438,1.0830246210098267
2015-04-01,381.75,528.5,30.690000534057617,1.073814034461975
2015-04-02,386.5,536.25,31.040000915527344,1.0769942998886108
2015-04-03,,,,1.087074637413025
2015-04-06,385.0,527.75,31.260000228881836,1.100134253501892
2015-04-07,383.0,526.0,31.030000686645508,1.0934817790985107
2015-04-08,379.25,526.25,30.950000762939453,1.0824151039123535
2015-04-09,378.0,518.75,30.84000015258789,1.078527569770813
2015-04-10,377.0,526.5,31.09000015258789,1.0669056177139282
2015-04-13,370.5,502.25,31.040000915527344,1.0609854459762573
2015-04-14,373.5,497.0,31.299999237060547,1.0572947263717651
2015-04-15,376.0,490.75,31.799999237060547,1.0647132396697998
2015-04-16,376.25,494.5,31.760000228881836,1.0676802396774292
2015-04-17,379.75,494.5,31.520000457763672,1.0755579471588135
2015-04-20,378.0,498.75,31.59000015258789,1.0810226202011108
2015-04-21,373.0,500.75,31.81999969482422,1.0747487545013428
2015-04-22,372.5,498.75,31.559999465942383,1.074171543121338
2015-04-23,370.75,497.75,32.02000045776367,1.0725815296173096
2015-04-24,364.5,486.0,31.670000076293945,1.0815019607543945
2015-04-27,360.75,470.25,31.65999984741211,1.086897373199463
2015-04-28,361.0,471.5,31.229999542236328,1.0877959728240967
2015-04-29,363.75,477.25,31.469999313354492,1.096912145614624
2015-04-30,362.5,467.0,31.510000228881836,1.1114321947097778
2015-05-01,359.75,470.0,31.440000534057617,1.1214659214019775
2015-05-04,358.75,469.25,32.470001220703125,1.1185932159423828
2015-05-05,361.25,464.0,32.880001068115234,1.1149141788482666
2015-05-06,366.5,475.75,32.75,1.1186307668685913
2015-05-07,357.75,465.75,32.310001373291016,1.1341469287872314
2015-05-08,358.5,476.5,32.79999923706055,1.1246949434280396
2015-05-11,358.25,476.25,33.040000915527344,1.1194071769714355
2015-05-12,357.0,479.25,32.810001373291016,1.114441990852356
2015-05-13,356.0,481.0,33.11000061035156,1.1221455335617065
2015-05-14,361.0,501.75,33.0,1.1350480318069458
2015-05-15,365.5,511.0,33.06999969482422,1.1404979228973389
2015-05-18,368.0,521.75,32.779998779296875,1.144505262374878
2015-05-19,362.0,510.25,32.18000030517578,1.1326183080673218
2015-05-20,360.0,513.0,32.20000076293945,1.1146656274795532
2015-05-21,365.0,522.0,32.25,1.1100751161575317
2015-05-22,360.0,515.25,31.639999389648438,1.1111851930618286
2015-05-25,,,,1.0992997884750366
2015-05-26,355.0,493.5,32.13999938964844,1.0971167087554932
2015-05-27,349.5,487.75,31.729999542236328,1.08888578414917
2015-05-28,353.5,488.75,32.060001373291016,1.0900014638900757
2015-05-29,351.5,477.0,33.33000183105469,1.0960345268249512
2015-06-01,352.25,493.75,34.5099983215332,1.0957943201065063
2015-06-02,359.0,512.5,34.16999816894531,1.0922993421554565
2015-06-03,359.0,510.75,34.72999954223633,1.1150012016296387
2015-06-04,363.5,523.75,34.529998779296875,1.1257838010787964
2015-06-05,360.5,517.0,34.779998779296875,1.120787262916565
2015-06-08,365.25,528.0,34.099998474121094,1.1108149290084839
2015-06-09,365.0,532.25,33.93000030517578,1.128095269203186
2015-06-10,357.25,513.5,33.869998931884766,1.1299052238464355
2015-06-11,356.5,504.25,33.290000915527344,1.131196141242981
2015-06-12,353.0,503.75,33.13999938964844,1.1240627765655518
2015-06-15,348.25,489.25,32.689998626708984,1.1219944953918457
2015-06-16,354.0,488.75,32.900001525878906,1.1277008056640625
2015-06-17,359.25,491.25,32.849998474121094,1.124201774597168
2015-06-18,358.0,488.0,32.25,1.1369967460632324
2015-06-19,353.25,488.5,32.54999923706055,1.1370742321014404
2015-06-22,360.0,501.25,32.91999816894531,1.1372941732406616
2015-06-23,367.5,521.5,32.81999969482422,1.13490629196167
2015-06-24,366.5,518.0,33.27000045776367,1.1172186136245728
2015-06-25,376.5,532.0,33.36000061035156,1.1206992864608765
2015-06-26,385.0,562.25,33.220001220703125,1.1202975511550903
2015-06-29,383.25,580.5,33.04999923706055,1.0975021123886108
2015-06-30,414.0,614.75,33.560001373291016,1.122296690940857
2015-07-01,413.75,587.5,33.0099983215332,1.1134989261627197
2015-07-02,419.75,585.75,33.36000061035156,1.103363037109375
2015-07-03,,,,1.1086965799331665
2015-07-06,418.5,588.5,32.63999938964844,1.0995051860809326
2015-07-07,415.75,579.5,31.40999984741211,1.1048991680145264
2015-07-08,416.25,572.25,31.600000381469727,1.1009942293167114
2015-07-09,421.25,572.25,32.27000045776367,1.1071009635925293
2015-07-10,427.25,581.5,32.310001373291016,1.1063048839569092
2015-07-13,433.5,586.75,32.650001525878906,1.1129041910171509
2015-07-14,424.0,583.5,32.31999969482422,1.099045991897583
2015-07-15,429.5,566.75,31.649999618530273,1.1008002758026123
2015-07-16,430.0,562.25,31.459999084472656,1.0943553447723389
2015-07-17,420.25,554.0,31.780000686645508,1.0886012315750122
2015-07-20,405.0,532.75,31.68000030517578,1.0830246210098267
2015-07-21,406.5,524.75,31.93000030517578,1.0835410356521606
2015-07-22,402.75,516.75,31.350000381469727,1.0939961671829224
2015-07-23,403.25,521.5,31.190000534057617,1.0927051305770874
2015-07-24,392.5,511.75,30.479999542236328,1.0989010334014893
2015-07-27,373.0,502.5,30.110000610351562,1.0972371101379395
2015-07-28,375.0,510.75,30.65999984741211,1.109004020690918
2015-07-29,367.75,496.25,30.209999084472656,1.1065986156463623
2015-07-30,373.25,496.5,30.280000686645508,1.098406195640564
2015-07-31,371.0,499.25,29.979999542236328,1.0939244031906128
2015-08-03,366.5,499.0,29.850000381469727,1.0969001054763794
2015-08-04,368.75,493.5,29.829999923706055,1.09560227394104
2015-08-05,372.75,502.0,29.6299991607666,1.0888975858688354
2015-08-06,369.75,507.0,29.65999984741211,1.0903104543685913
2015-08-07,372.75,510.5,30.030000686645508,1.0927051305770874
2015-08-10,390.25,525.5,30.40999984741211,1.0965032577514648
2015-08-11,376.5,507.25,30.079999923706055,1.1016976833343506
2015-08-12,357.25,492.25,29.030000686645508,1.104203701019287
2015-08-13,363.75,503.25,28.90999984741211,1.1160963773727417
2015-08-14,364.0,506.5,28.780000686645508,1.1160963773727417
2015-08-17,363.25,500.5,29.059999465942383,1.1092993021011353
2015-08-18,366.25,494.25,28.31999969482422,1.107800006866455
2015-08-19,367.25,496.25,27.889999389648438,1.1030831336975098
2015-08-20,371.0,506.25,27.979999542236328,1.1118029356002808
2015-08-21,365.25,499.5,27.360000610351562,1.1236965656280518
2015-08-24,368.75,503.25,26.549999237060547,1.1376951932907104
2015-08-25,365.5,495.0,26.81999969482422,1.1583056449890137
2015-08-26,361.75,489.75,26.1200008392334,1.1550945043563843
2015-08-27,363.75,484.25,26.889999389648438,1.1340054273605347
2015-08-28,363.25,477.0,27.790000915527344,1.1247961521148682
2015-08-31,363.75,482.5,27.920000076293945,1.1214030981063843
2015-09-01,356.0,484.0,27.219999313354492,1.1225864887237549
2015-09-02,354.0,473.0,26.760000228881836,1.1293437480926514
2015-09-03,347.75,456.5,26.760000228881836,1.121604323387146
2015-09-04,349.5,457.75,26.440000534057617,1.1125946044921875
2015-09-07,,,,1.115200161933899
2015-09-08,355.0,465.25,26.850000381469727,1.1163954734802246
2015-09-09,356.5,462.0,26.600000381469727,1.1207369565963745
2015-09-10,361.75,468.0,26.8700008392334,1.1220699548721313
2015-09-11,374.5,475.5,26.579999923706055,1.1290887594223022
2015-09-14,379.0,485.75,26.889999389648438,1.1344043016433716
2015-09-15,390.5,494.75,26.469999313354492,1.1307612657546997
2015-09-16,386.0,488.25,26.68000030517578,1.1271796226501465
2015-09-17,379.75,481.5,26.670000076293945,1.12920343875885
2015-09-18,377.25,486.75,26.049999237060547,1.1400948762893677
2015-09-21,384.5,496.75,26.5,1.12920343875885
2015-09-22,380.5,495.5,26.1299991607666,1.1190940141677856
2015-09-23,383.25,507.5,26.329999923706055,1.1120749711990356
2015-09-24,381.5,497.25,26.979999542236328,1.1189937591552734
2015-09-25,389.0,507.75,27.719999313354492,1.1178929805755615
2015-09-28,386.75,505.5,27.18000030517578,1.1201720237731934
2015-09-29,389.0,503.75,27.459999084472656,1.123103380203247
2015-09-30,387.75,512.75,27.100000381469727,1.1255937814712524
2015-10-01,388.75,518.25,27.09000015258789,1.11720609664917
2015-10-02,389.25,513.25,27.84000015258789,1.1193444728851318
2015-10-05,393.5,515.5,28.479999542236328,1.1226998567581177
2015-10-06,398.25,526.25,28.510000228881836,1.1195199489593506
2015-10-07,395.75,516.75,28.420000076293945,1.1267986297607422
2015-10-08,391.25,511.5,28.170000076293945,1.1239995956420898
2015-10-09,382.75,509.25,28.170000076293945,1.1286935806274414
2015-10-12,380.75,506.75,28.010000228881836,1.1369967460632324
2015-10-13,384.5,519.0,28.600000381469727,1.135550618171692
2015-10-14,379.0,508.25,28.770000457763672,1.138498306274414
2015-10-15,375.5,502.5,28.579999923706055,1.147552251815796
2015-10-16,376.75,492.25,28.600000381469727,1.1368157863616943
2015-10-19,373.0,485.75,28.139999389648438,1.1361054182052612
2015-10-20,376.75,491.25,28.65999984741211,1.132900595664978
2015-10-21,380.75,494.75,29.18000030517578,1.1353960037231445
2015-10-22,378.25,490.75,28.850000381469727,1.134803295135498
2015-10-23,379.75,490.5,28.56999969482422,1.108094573020935
2015-10-26,384.5,509.0,27.780000686645508,1.1020376682281494
2015-10-27,380.0,509.25,27.889999389648438,1.1065986156463623
2015-10-28,376.0,506.0,28.110000610351562,1.1037039756774902
2015-10-29,380.0,515.0,27.8799991607666,1.0928961038589478
2015-10-30,382.25,522.0,28.200000762939453,1.0993843078613281
2015-11-02,376.5,508.0,27.850000381469727,1.102596640586853
2015-11-03,380.5,516.5,28.149999618530273,1.1016006469726562
2015-11-04,380.5,526.25,28.5,1.0963950157165527
2015-11-05,374.5,526.25,27.829999923706055,1.0868029594421387
2015-11-06,373.0,523.25,28.040000915527344,1.0883997678756714
2015-11-09,366.75,501.75,27.770000457763672,1.0733413696289062
2015-11-10,359.0,490.75,27.270000457763672,1.0759514570236206
2015-11-11,362.25,494.75,27.18000030517578,1.0737563371658325
2015-11-12,362.0,498.0,27.440000534057617,1.0762988328933716
2015-11-13,358.25,495.75,27.040000915527344,1.0815019607543945
2015-11-16,360.0,494.0,27.290000915527344,1.06999933719635
2015-11-17,362.0,487.5,27.469999313354492,1.068798542022705
2015-11-18,361.75,483.25,27.440000534057617,1.0643846988677979
2015-11-19,364.25,490.75,27.549999237060547,1.066996693611145
2015-11-20,363.25,488.5,27.899999618530273,1.0726161003112793
2015-11-23,367.25,495.0,27.90999984741211,1.0641014575958252
2015-11-24,364.25,484.25,28.309999465942383,1.0642033815383911
2015-11-25,366.0,479.25,28.889999389648438,1.0643846988677979
2015-11-26,,,,1.0624960660934448
2015-11-27,359.25,465.75,28.75,1.0604453086853027
2015-11-30,365.0,460.0,29.100000381469727,1.0583018064498901
2015-12-01,367.0,456.5,29.780000686645508,1.0572947263717651
2015-12-02,364.0,452.25,30.270000457763672,1.0625863075256348
2015-12-03,370.25,464.75,30.59000015258789,1.0613007545471191
2015-12-04,376.25,471.25,31.799999237060547,1.0915957689285278
2015-12-07,368.5,470.25,30.979999542236328,1.0883997678756714
2015-12-08,370.0,470.75,31.229999542236328,1.0834001302719116
2015-12-09,371.75,478.0,30.860000610351562,1.0893957614898682
2015-12-10,377.25,484.5,31.510000228881836,1.1017948389053345
2015-12-11,373.0,482.75,31.079999923706055,1.0948106050491333
2015-12-14,381.75,487.75,31.299999237060547,1.0983941555023193
2015-12-15,377.25,494.25,30.700000762939453,1.0992997884750366
2015-12-16,369.75,483.5,30.3700008392334,1.0936251878738403
2015-12-17,374.25,484.0,30.06999969482422,1.087453007698059
2015-12-18,374.5,486.75,30.530000686645508,1.0844104290008545
2015-12-21,372.0,479.0,30.770000457763672,1.0869920253753662
2015-12-22,366.25,471.75,30.440000534057617,1.09129798412323
2015-12-23,365.5,469.5,30.520000457763672,1.0950024127960205
2015-12-24,364.5,467.5,30.8700008392334,1.0909169912338257
2015-12-25,,,,1.0969964265823364
2015-12-28,361.0,466.5,30.200000762939453,1.0965994596481323
2015-12-29,362.5,475.75,30.520000457763672,1.0975261926651
2015-12-30,359.0,469.75,30.84000015258789,1.0928006172180176
2015-12-31,358.75,470.0,30.549999237060547,1.093398094177246
2016-01-01,,,,1.0859060287475586
2016-01-04,351.5,458.25,29.93000030517578,1.0853991508483887
2016-01-05,353.0,461.25,29.6299991607666,1.0827549695968628
2016-01-06,353.25,462.75,29.59000015258789,1.0751993656158447
2016-01-07,353.0,468.5,29.440000534057617,1.0778998136520386
2016-01-08,357.0,478.5,29.450000762939453,1.0925976037979126
2016-01-11,351.75,469.0,29.079999923706055,1.0941038131713867
2016-01-12,356.75,481.25,29.010000228881836,1.0857999324798584
2016-01-13,358.0,478.0,29.360000610351562,1.0843987464904785
2016-01-14,358.0,468.75,29.68000030517578,1.0886012315750122
2016-01-15,363.25,473.75,29.649999618530273,1.085894227027893
2016-01-18,,,,1.0920010805130005
2016-01-19,367.75,474.5,30.030000686645508,1.0895025730133057
2016-01-20,368.75,471.5,29.809999465942383,1.09129798412323
2016-01-21,367.0,475.0,29.940000534057617,1.0877013206481934
2016-01-22,370.25,475.5,30.5,1.0862009525299072
2016-01-25,369.75,481.5,30.440000534057617,1.079901933670044
2016-01-26,369.25,484.75,30.739999771118164,1.0853049755096436
2016-01-27,369.25,476.5,30.8700008392334,1.0864958763122559
2016-01-28,365.5,472.25,30.690000534057617,1.090798020362854
2016-01-29,372.0,479.25,30.8799991607666,1.0936970710754395
2016-02-01,371.25,475.25,30.760000228881836,1.0825908184051514
2016-02-02,372.5,475.25,30.790000915527344,1.0897282361984253
2016-02-03,371.0,480.0,30.979999542236328,1.0922038555145264
2016-02-04,368.5,472.75,31.239999771118164,1.1091023683547974
2016-02-05,365.75,466.75,31.229999542236328,1.119996428489685
2016-02-08,362.25,458.5,30.75,1.114504098892212
2016-02-09,361.0,457.5,30.700000762939453,1.1189812421798706
2016-02-10,360.25,461.25,31.010000228881836,1.1289994716644287
2016-02-11,360.25,458.25,31.59000015258789,1.128095269203186
2016-02-12,358.75,457.5,31.799999237060547,1.1317979097366333
2016-02-15,,,,1.1225990056991577
2016-02-16,363.0,464.25,31.610000610351562,1.1174057722091675
2016-02-17,367.25,468.5,31.989999771118164,1.1147029399871826
2016-02-18,365.5,462.25,31.829999923706055,1.112297534942627
2016-02-19,365.5,461.75,31.389999389648438,1.1110987663269043
2016-02-22,367.5,458.5,31.489999771118164,1.1123965978622437
2016-02-23,362.0,448.0,30.75,1.102803349494934
2016-02-24,359.75,442.75,30.920000076293945,1.1027060747146606
2016-02-25,355.5,445.25,30.649999618530273,1.1013944149017334
2016-02-26,354.5,443.25,31.030000686645508,1.1024993658065796
2016-02-29,353.5,445.0,30.639999389648438,1.0923947095870972
2016-03-01,353.75,438.5,30.31999969482422,1.0888975858688354
2016-03-02,354.5,442.75,30.170000076293945,1.0875948667526245
2016-03-03,353.75,453.25,30.40999984741211,1.086897373199463
2016-03-04,354.5,454.75,30.729999542236328,1.094894528388977
2016-03-07,355.0,457.75,30.950000762939453,1.0993964672088623
2016-03-08,358.75,461.25,30.920000076293945,1.1016006469726562
2016-03-09,359.0,463.75,31.520000457763672,1.1004005670547485
2016-03-10,362.5,471.5,31.40999984741211,1.0989010334014893
2016-03-11,366.0,469.75,31.93000030517578,1.1178430318832397
2016-03-14,366.75,471.5,32.25,1.1167943477630615
2016-03-15,368.5,477.25,32.4900016784668,1.1101982593536377
2016-03-16,368.25,470.75,32.689998626708984,1.1109012365341187
2016-03-17,368.5,462.5,33.40999984741211,1.1218937635421753
2016-03-18,367.0,463.0,33.41999816894531,1.1317979097366333
2016-03-21,369.5,466.5,33.58000183105469,1.1279042959213257
2016-03-22,370.0,466.75,33.93000030517578,1.1235954761505127
2016-03-23,368.5,463.0,33.36000061035156,1.122296690940857
2016-03-24,370.0,463.0,33.18000030517578,1.118105411529541
2016-03-25,,,,1.1167943477630615
2016-03-28,370.5,471.0,33.630001068115234,1.1159967184066772
2016-03-29,373.0,476.75,34.04999923706055,1.1202723979949951
2016-03-30,367.0,464.0,33.790000915527344,1.12920343875885
2016-03-31,351.5,473.5,34.220001220703125,1.1334655284881592
2016-04-01,354.0,475.75,34.45000076293945,1.1379671096801758
2016-04-04,354.5,474.75,34.689998626708984,1.1390039920806885
2016-04-05,356.75,474.0,33.9900016784668,1.1389002799987793
2016-04-06,358.0,463.0,34.2599983215332,1.138200283050537
2016-04-07,361.5,457.0,34.099998474121094,1.1404979228973389
2016-04-08,362.25,460.25,33.939998626708984,1.1373976469039917
2016-04-11,356.75,447.25,33.900001525878906,1.1403028964996338
2016-04-12,362.75,452.5,33.689998626708984,1.141291856765747
2016-04-13,373.5,461.5,33.959999084472656,1.138498306274414
2016-04-14,374.0,459.75,33.689998626708984,1.1279042959213257
2016-04-15,378.5,459.75,33.380001068115234,1.1270017623901367
2016-04-18,381.0,472.75,33.95000076293945,1.1299946308135986
2016-04-19,384.5,486.25,34.779998779296875,1.1309019327163696
2016-04-20,394.75,504.25,34.63999938964844,1.1359634399414062
2016-04-21,384.5,495.75,34.209999084472656,1.1305055618286133
2016-04-22,371.75,467.0,33.9900016784668,1.12920343875885
2016-04-25,377.0,471.25,33.900001525878906,1.123406171798706
2016-04-26,382.25,479.75,33.939998626708984,1.1269001960754395
2016-04-27,380.75,474.25,33.619998931884766,1.1299052238464355
2016-04-28,387.0,475.5,33.04999923706055,1.132900595664978
2016-04-29,390.25,478.0,32.880001068115234,1.135589361190796
2016-05-02,390.25,477.0,32.189998626708984,1.146302580833435
2016-05-03,378.25,459.75,32.130001068115234,1.1524986028671265
2016-05-04,373.25,460.5,32.20000076293945,1.1504037380218506
2016-05-05,371.75,453.0,32.0099983215332,1.1493064165115356
2016-05-06,376.0,453.25,32.810001373291016,1.1406019926071167
2016-05-09,367.75,447.0,32.540000915527344,1.1387965679168701
2016-05-10,378.5,451.5,33.130001068115234,1.1387965679168701
2016-05-11,374.0,449.5,33.08000183105469,1.1374363899230957
2016-05-12,385.25,458.5,32.29999923706055,1.142700433731079
2016-05-13,382.0,465.0,32.16999816894531,1.1376951932907104
2016-05-16,394.0,474.75,32.790000915527344,1.1316953897476196
2016-05-17,397.0,481.75,32.779998779296875,1.1316057443618774
2016-05-18,399.5,480.0,32.45000076293945,1.1316057443618774
2016-05-19,390.0,468.75,31.90999984741211,1.122296690940857
2016-05-20,394.5,467.75,31.270000457763672,1.1205987930297852
2016-05-23,397.75,462.0,31.149999618530273,1.1221708059310913
2016-05-24,397.5,464.0,30.889999389648438,1.121604323387146
2016-05-25,404.75,466.0,31.34000015258789,1.113796591758728
2016-05-26,408.25,481.25,31.040000915527344,1.1158970594406128
2016-05-27,412.75,481.5,31.479999542236328,1.1192066669464111
2016-05-30,,,,1.1110000610351562
2016-05-31,404.75,464.5,31.81999969482422,1.1148396730422974
2016-06-01,413.75,473.75,32.189998626708984,1.113598108291626
2016-06-02,415.25,485.5,32.2599983215332,1.1189061403274536
2016-06-03,418.25,497.25,32.2599983215332,1.115200161933899
2016-06-06,427.25,507.5,32.5099983215332,1.1350995302200317
2016-06-07,427.75,509.0,32.290000915527344,1.1364023685455322
2016-06-08,431.25,519.5,32.88999938964844,1.1357828378677368
2016-06-09,426.5,510.25,33.029998779296875,1.140706181526184
2016-06-10,423.0,495.0,32.7599983215332,1.1315033435821533
2016-06-13,430.0,491.25,32.5099983215332,1.1239995956420898
2016-06-14,436.5,485.0,32.52000045776367,1.1291015148162842
2016-06-15,429.0,477.5,31.959999084472656,1.1213024854660034
2016-06-16,425.25,472.5,31.15999984741211,1.1262656450271606
2016-06-17,437.75,481.25,31.93000030517578,1.1252011060714722
2016-06-20,421.25,473.0,31.639999389648438,1.13490629196167
2016-06-21,396.25,458.5,31.360000610351562,1.1322976350784302
2016-06-22,393.0,458.75,31.549999237060547,1.1250618696212769
2016-06-23,387.25,454.25,31.75,1.1328235864639282
2016-06-24,384.5,454.75,30.989999771118164,1.1324002742767334
2016-06-27,385.25,446.75,31.260000228881836,1.103594422340393
2016-06-28,385.25,443.75,31.110000610351562,1.1015034914016724
2016-06-29,372.75,429.5,30.81999969482422,1.1073951721191406
2016-06-30,358.75,431.25,31.3799991607666,1.1128050088882446
2016-07-01,353.0,416.25,31.030000686645508,1.1106051206588745
2016-07-04,,,,1.1131023168563843
2016-07-05,344.0,419.5,30.81999969482422,1.1146035194396973
2016-07-06,335.75,415.75,30.25,1.1065007448196411
2016-07-07,335.5,412.0,29.729999542236328,1.1099025011062622
2016-07-08,349.75,420.75,30.270000457763672,1.1065741777420044
2016-07-11,343.75,416.25,30.25,1.1043988466262817
2016-07-12,349.75,424.0,30.709999084472656,1.1058032512664795
2016-07-13,365.75,426.25,30.649999618530273,1.1062926054000854
2016-07-14,362.25,421.75,31.1200008392334,1.1094961166381836
2016-07-15,352.25,424.75,30.889999389648438,1.1106051206588745
2016-07-18,357.0,429.5,30.940000534057617,1.1053143739700317
2016-07-19,341.75,418.0,30.65999984741211,1.1071866750717163
2016-07-20,337.5,413.0,30.709999084472656,1.1013579368591309
2016-07-21,334.25,417.75,31.059999465942383,1.1019526720046997
2016-07-22,335.0,425.25,30.209999084472656,1.1032899618148804
2016-07-25,334.75,429.0,29.459999084472656,1.097044587135315
2016-07-26,332.5,415.0,29.559999465942383,1.0991184711456299
2016-07-27,335.75,414.75,29.530000686645508,1.0987803936004639
2016-07-28,331.25,410.25,29.489999771118164,1.1073460578918457
2016-07-29,334.5,407.75,30.350000381469727,1.108438491821289
2016-08-01,325.75,406.0,29.75,1.1168068647384644
2016-08-02,324.25,401.25,30.059999465942383,1.1168068647384644
2016-08-03,325.0,410.25,30.299999237060547,1.1219062805175781
2016-08-04,320.75,403.25,30.540000915527344,1.1151504516601562
2016-08-05,324.25,416.0,30.520000457763672,1.1134741306304932
2016-08-08,325.25,417.0,30.93000030517578,1.1089547872543335
2016-08-09,322.25,417.0,31.170000076293945,1.1083648204803467
2016-08-10,322.5,421.75,31.5,1.111580491065979
2016-08-11,321.0,416.25,31.709999084472656,1.1186434030532837
2016-08-12,322.25,422.5,31.899999618530273,1.113908290863037
2016-08-15,326.5,422.0,33.209999084472656,1.1166945695877075
2016-08-16,327.5,423.5,33.380001068115234,1.1184055805206299
2016-08-17,330.25,426.0,34.0099983215332,1.1275991201400757
2016-08-18,332.0,427.0,34.189998626708984,1.1298924684524536
2016-08-19,334.25,427.0,34.13999938964844,1.1349449157714844
2016-08-22,333.25,415.25,33.88999938964844,1.1298158168792725
2016-08-23,328.5,407.75,33.88999938964844,1.1319260597229004
2016-08-24,327.5,404.0,33.56999969482422,1.1300839185714722
2016-08-25,323.5,401.25,32.90999984741211,1.1263798475265503
2016-08-26,316.25,383.5,32.95000076293945,1.1290504932403564
2016-08-29,311.75,370.5,32.810001373291016,1.1199462413787842
2016-08-30,304.0,363.25,32.72999954223633,1.1192818880081177
2016-08-31,301.5,361.0,32.470001220703125,1.1153244972229004
2016-09-01,311.0,368.25,32.20000076293945,1.116071343421936
2016-09-02,316.5,373.25,32.65999984741211,1.1200717687606812
2016-09-05,,,,1.1161960363388062
2016-09-06,316.75,371.0,32.7599983215332,1.1153244972229004
2016-09-07,321.0,375.25,32.810001373291016,1.1253657341003418
2016-09-08,327.0,377.0,32.939998626708984,1.1241008043289185
2016-09-09,330.0,376.0,33.029998779296875,1.1271415948867798
2016-09-12,329.25,383.25,32.310001373291016,1.1241133213043213
2016-09-13,319.25,374.75,31.549999237060547,1.1243535280227661
2016-09-14,322.25,376.75,31.5,1.12186861038208
2016-09-15,330.0,399.5,32.040000915527344,1.1247328519821167
2016-09-16,337.0,403.25,31.979999542236328,1.124593734741211
2016-09-19,337.25,404.0,32.83000183105469,1.1158473491668701
2016-09-20,340.5,406.0,33.83000183105469,1.118067979812622
2016-09-21,340.0,407.75,33.400001525878906,1.1153992414474487
2016-09-22,336.75,405.5,33.959999084472656,1.1193194389343262
2016-09-23,336.5,404.75,33.310001373291016,1.1210134029388428
2016-09-26,329.0,396.0,33.119998931884766,1.123923897743225
2016-09-27,331.75,404.0,33.119998931884766,1.124985933303833
2016-09-28,329.25,403.25,32.63999938964844,1.121956706047058
2016-09-29,329.25,399.0,33.09000015258789,1.1224982738494873
2016-09-30,336.75,402.0,33.2400016784668,1.121956706047058
2016-10-03,346.0,395.5,33.04999923706055,1.1234692335128784
2016-10-04,348.25,395.5,32.88999938964844,1.121038556098938
2016-10-05,347.75,405.0,32.65999984741211,1.121076226234436
2016-10-06,340.5,395.75,33.099998474121094,1.120824933052063
2016-10-07,339.75,394.75,33.11000061035156,1.1144545078277588
2016-10-10,,,,1.1196954250335693
2016-10-11,345.5,407.25,33.15999984741211,1.1140819787979126
2016-10-12,337.0,396.75,33.13999938964844,1.1061947345733643
2016-10-13,349.5,416.0,33.15999984741211,1.1011881828308105
2016-10-14,354.25,421.0,34.150001525878906,1.1049723625183105
2016-10-17,354.0,423.75,35.439998626708984,1.0967799425125122
2016-10-18,353.75,420.0,35.06999969482422,1.1015641689300537
2016-10-19,357.5,420.25,35.400001525878906,1.0976948738098145
2016-10-20,351.0,417.0,35.04999923706055,1.0975141525268555
2016-10-21,352.5,414.5,35.119998931884766,1.0930395126342773
2016-10-24,348.25,402.5,35.9900016784668,1.0882576704025269
2016-10-25,349.25,404.25,35.79999923706055,1.0875475406646729
2016-10-26,354.0,411.5,35.720001220703125,1.0887316465377808
2016-10-27,357.5,414.5,35.11000061035156,1.091202735900879
2016-10-28,355.0,408.5,35.40999984741211,1.0900371074676514
2016-10-31,354.75,416.25,35.16999816894531,1.0984665155410767
2016-11-01,349.0,414.25,34.849998474121094,1.0973334312438965
2016-11-02,346.25,417.75,34.97999954223633,1.1057054996490479
2016-11-03,348.0,412.0,35.099998474121094,1.1097548007965088
2016-11-04,348.75,414.25,34.709999084472656,1.1102476119995117
2016-11-07,346.25,410.0,34.790000915527344,1.1101243495941162
2016-11-08,354.25,415.25,35.310001373291016,1.1052166223526
2016-11-09,340.75,406.75,34.310001373291016,1.1019041538238525
2016-11-10,343.5,404.75,34.77000045776367,1.0920606851577759
2016-11-11,,,,1.0889687538146973
2016-11-14,337.25,394.0,33.95000076293945,1.0824854373931885
2016-11-15,341.5,399.0,34.209999084472656,1.0750375986099243
2016-11-16,338.5,397.0,34.099998474121094,1.0727311372756958
2016-11-17,342.0,403.0,33.70000076293945,1.0706638097763062
2016-11-18,345.5,408.0,34.04999923706055,1.062304139137268
2016-11-21,349.75,410.25,34.63999938964844,1.0584250688552856
2016-11-22,351.0,407.25,34.47999954223633,1.0638864040374756
2016-11-23,350.75,401.5,36.849998474121094,1.0633772611618042
2016-11-24,,,,1.0545185804367065
2016-11-25,349.25,395.75,36.65999984741211,1.0561892986297607
2016-11-28,348.5,389.5,36.709999084472656,1.0612331628799438
2016-11-29,336.75,384.0,36.36000061035156,1.062134861946106
2016-11-30,336.75,380.5,36.790000915527344,1.0648492574691772
2016-12-01,331.75,371.5,37.63999938964844,1.0592098236083984
2016-12-02,337.5,387.5,37.5099983215332,1.0663141012191772
2016-12-05,349.5,389.25,37.4900016784668,1.0582010746002197
2016-12-06,351.0,389.5,37.619998931884766,1.0757315158843994
2016-12-07,350.5,386.25,37.720001220703125,1.0720411539077759
2016-12-08,346.5,390.75,37.04999923706055,1.0761945247650146
2016-12-09,352.5,400.25,36.7400016784668,1.062134861946106
2016-12-12,354.5,401.25,36.7599983215332,1.0547411441802979
2016-12-13,356.25,398.0,36.56999969482422,1.0641694068908691
2016-12-14,351.75,391.5,36.72999954223633,1.062925100326538
2016-12-15,356.5,409.25,36.7400016784668,1.051414132118225
2016-12-16,356.25,409.25,36.7400016784668,1.0418837070465088
2016-12-19,353.25,405.0,36.560001373291016,1.0449975728988647
2016-12-20,350.25,403.25,36.060001373291016,1.0405826568603516
2016-12-21,347.25,399.5,36.040000915527344,1.039047360420227
2016-12-22,347.25,397.0,34.790000915527344,1.0428615808486938
2016-12-23,345.75,393.5,34.599998474121094,1.0437650680541992
2016-12-26,,,,1.045478343963623
2016-12-27,355.0,409.5,35.119998931884766,1.0456969738006592
2016-12-28,348.25,401.5,34.86000061035156,1.046233057975769
2016-12-29,349.75,404.75,34.52000045776367,1.0416991710662842
2016-12-30,352.0,408.0,34.41999816894531,1.0575296878814697
2017-01-02,,,,1.052698016166687
2017-01-03,355.75,406.5,34.56999969482422,1.0460032224655151
2017-01-04,359.75,418.5,34.97999954223633,1.0419923067092896
2017-01-05,361.25,426.25,35.0,1.0500892400741577
2017-01-06,358.0,423.25,34.77000045776367,1.0605915784835815
2017-01-09,360.0,427.25,35.27000045776367,1.0531858205795288
2017-01-10,358.25,426.75,35.43000030517578,1.0588620901107788
2017-01-11,357.25,418.75,35.790000915527344,1.0552419424057007
2017-01-12,358.25,426.25,35.849998474121094,1.0597710609436035
2017-01-13,358.5,426.0,35.369998931884766,1.0616837739944458
2017-01-16,,,,1.0628687143325806
2017-01-17,365.5,433.5,35.560001373291016,1.0602991580963135
2017-01-18,365.0,431.0,35.58000183105469,1.0696789026260376
2017-01-19,366.25,423.5,35.439998626708984,1.062778353691101
2017-01-20,369.75,428.25,35.150001525878906,1.0659730434417725
2017-01-23,369.5,433.25,35.130001068115234,1.0713750123977661
2017-01-24,363.25,426.75,35.279998779296875,1.0760787725448608
2017-01-25,366.25,424.5,34.869998931884766,1.0728693008422852
2017-01-26,363.75,427.0,34.470001220703125,1.0751993656158447
2017-01-27,362.5,420.5,34.27000045776367,1.068296194076538
2017-01-30,357.75,414.0,33.61000061035156,1.0713980197906494
2017-01-31,359.75,420.75,33.849998474121094,1.0708587169647217
2017-02-01,368.25,433.75,34.310001373291016,1.0803803205490112
2017-02-02,367.5,434.5,34.59000015258789,1.0767391920089722
2017-02-03,365.25,430.25,33.86000061035156,1.0761713981628418
2017-02-06,363.75,422.5,34.439998626708984,1.0782949924468994
2017-02-07,368.5,430.75,34.29999923706055,1.0743216276168823
2017-02-08,370.75,432.5,34.689998626708984,1.0678056478500366
2017-02-09,369.5,443.5,34.66999816894531,1.0692213773727417
2017-02-10,374.5,449.0,34.61000061035156,1.0658594369888306
2017-02-13,375.5,452.25,34.16999816894531,1.061954379081726
2017-02-14,374.25,449.5,34.13999938964844,1.059849739074707
2017-02-15,378.75,454.75,33.939998626708984,1.0578316450119019
2017-02-16,373.5,447.75,33.52000045776367,1.0607378482818604
2017-02-17,368.25,441.0,32.88999938964844,1.0672245025634766
2017-02-20,,,,1.062665343284607
2017-02-21,369.25,436.0,32.66999816894531,1.0609403848648071
2017-02-22,371.0,441.25,32.720001220703125,1.0542073249816895
2017-02-23,365.5,438.0,32.31999969482422,1.0554089546203613
2017-02-24,364.0,431.25,32.38999938964844,1.0584474802017212
2017-02-27,360.25,418.75,32.349998474121094,1.055275321006775
2017-02-28,366.75,424.75,33.689998626708984,1.0584250688552856
2017-03-01,375.75,435.5,34.4900016784668,1.0569148063659668
2017-03-02,372.75,432.0,33.880001068115234,1.0535852909088135
2017-03-03,374.75,433.75,34.130001068115234,1.0509721040725708
2017-03-06,372.75,438.25,34.02000045776367,1.062044620513916
2017-03-07,369.5,436.0,33.470001220703125,1.0579211711883545
2017-03-08,365.25,427.5,33.290000915527344,1.0570154190063477
2017-03-09,359.75,426.0,32.869998931884766,1.0547411441802979
2017-03-10,358.0,422.75,32.439998626708984,1.0578428506851196
2017-03-13,354.5,412.25,31.8700008392334,1.0690041780471802
2017-03-14,353.75,412.0,31.850000381469727,1.0651443004608154
2017-03-15,363.5,436.0,32.220001220703125,1.0612443685531616
2017-03-16,366.0,436.0,32.2599983215332,1.0737909078598022
2017-03-17,367.5,436.25,32.29999923706055,1.077470064163208
2017-03-20,363.5,430.25,32.7400016784668,1.0742985010147095
2017-03-21,361.25,426.5,33.13999938964844,1.073767900466919
2017-03-22,358.75,422.25,33.52000045776367,1.081244707107544
2017-03-23,356.75,421.0,33.220001220703125,1.0790164470672607
2017-03-24,356.25,424.75,32.22999954223633,1.0783880949020386
2017-03-27,355.75,420.75,32.290000915527344,1.0849517583847046
2017-03-28,357.75,424.5,32.470001220703125,1.0860947370529175
2017-03-29,358.5,425.5,32.209999084472656,1.0817711353302002
2017-03-30,357.5,421.0,32.0099983215332,1.0759629011154175
2017-03-31,364.25,426.5,31.780000686645508,1.0687072277069092
2017-04-03,367.75,427.75,31.420000076293945,1.0668829679489136
2017-04-04,363.0,427.0,31.43000030517578,1.067008137702942
2017-04-05,364.75,429.75,31.829999923706055,1.0680338144302368
2017-04-06,360.75,423.25,31.3700008392334,1.0672472715377808
2017-04-07,359.5,424.0,31.6200008392334,1.0644639730453491
2017-04-10,367.0,428.75,31.350000381469727,1.0582010746002197
2017-04-11,366.5,433.25,31.06999969482422,1.0597598552703857
2017-04-12,369.0,433.25,31.239999771118164,1.0611318349838257
2017-04-13,371.0,429.75,31.190000534057617,1.0670650005340576
2017-04-14,,,,1.0616387128829956
2017-04-17,366.5,421.0,31.799999237060547,1.0610530376434326
2017-04-18,361.75,422.5,31.139999389648438,1.0644525289535522
2017-04-19,361.75,419.0,31.579999923706055,1.0728693008422852
2017-04-20,357.75,406.25,31.920000076293945,1.0715012550354004
2017-04-21,357.0,405.0,31.940000534057617,1.0714898109436035
2017-04-24,359.25,402.5,31.690000534057617,1.087393879890442
2017-04-25,365.0,408.75,31.579999923706055,1.0864840745925903
2017-04-26,359.0,407.75,31.90999984741211,1.0928245782852173
2017-04-27,362.0,413.5,31.700000762939453,1.090893268585205
2017-04-28,358.0,418.5,31.450000762939453,1.0864251852035522
2017-05-01,369.25,442.75,31.889999389648438,1.0907504558563232
2017-05-02,364.0,441.5,32.349998474121094,1.090893268585205
2017-05-03,366.25,443.0,32.31999969482422,1.0935654640197754
2017-05-04,358.0,426.0,32.33000183105469,1.0888975858688354
2017-05-05,361.75,427.5,32.709999084472656,1.098152995109558
2017-05-08,356.75,418.0,32.72999954223633,1.0965152978897095
2017-05-09,358.25,421.75,32.650001525878906,1.0927767753601074
2017-05-10,365.25,424.0,32.06999969482422,1.0886842012405396
2017-05-11,360.5,426.0,32.27000045776367,1.087074637413025
2017-05-12,361.75,425.0,32.630001068115234,1.0864958763122559
2017-05-15,367.75,423.25,33.02000045776367,1.0927289724349976
2017-05-16,367.75,424.25,33.0099983215332,1.0981770753860474
2017-05-17,371.5,427.0,33.150001525878906,1.1093976497650146
2017-05-18,366.0,425.75,32.439998626708984,1.115635633468628
2017-05-19,372.5,435.25,33.040000915527344,1.1113580465316772
2017-05-22,375.0,434.25,32.939998626708984,1.120485782623291
2017-05-23,369.5,429.5,32.34000015258789,1.123885989189148
2017-05-24,371.25,432.5,32.279998779296875,1.11793053150177
2017-05-25,369.25,430.75,32.040000915527344,1.1230907440185547
2017-05-26,374.25,438.25,31.600000381469727,1.121076226234436
2017-05-29,,,,1.1176055669784546
2017-05-30,367.0,429.5,31.420000076293945,1.1129041910171509
2017-05-31,372.0,429.25,31.34000015258789,1.117168664932251
2017-06-01,370.5,429.0,31.25,1.1243535280227661
2017-06-02,372.75,429.5,31.010000228881836,1.1215791702270508
2017-06-05,373.0,429.5,31.309999465942383,1.128082513809204
2017-06-06,377.25,435.75,31.389999389648438,1.1256824731826782
2017-06-07,384.75,444.75,31.360000610351562,1.1271415948867798
2017-06-08,385.75,449.25,31.850000381469727,1.125517725944519
2017-06-09,387.75,445.75,32.290000915527344,1.1184805631637573
2017-06-12,377.25,434.0,31.940000534057617,1.1201971769332886
2017-06-13,381.0,445.0,32.09000015258789,1.1196202039718628
2017-06-14,377.0,443.0,32.09000015258789,1.1208877563476562
2017-06-15,379.5,453.75,32.7400016784668,1.1215791702270508
2017-06-16,384.0,465.25,33.11000061035156,1.1146905422210693
2017-06-19,375.25,467.0,32.81999969482422,1.120824933052063
2017-06-20,370.0,472.5,32.02000045776367,1.1144545078277588
2017-06-21,368.75,464.5,31.850000381469727,1.1136974096298218
2017-06-22,362.75,461.25,31.549999237060547,1.1167196035385132
2017-06-23,357.75,459.75,31.610000610351562,1.1149640083312988
2017-06-26,359.0,450.0,31.520000457763672,1.1198835372924805
2017-06-27,359.25,453.25,32.08000183105469,1.118355631828308
2017-06-28,356.75,457.25,32.119998931884766,1.1339154243469238
2017-06-29,359.75,480.25,32.41999816894531,1.1382650136947632
2017-06-30,370.5,511.0,32.93000030517578,1.144164800643921
2017-07-03,378.0,536.75,33.130001068115234,1.1423088312149048
2017-07-04,,,,1.1371389627456665
2017-07-05,381.75,539.25,33.150001525878906,1.1360150575637817
2017-07-06,380.25,519.0,32.83000183105469,1.1346874237060547
2017-07-07,382.25,515.25,32.779998779296875,1.1424784660339355
2017-07-10,391.75,530.5,33.619998931884766,1.140380859375
2017-07-11,392.25,535.5,33.72999954223633,
2017-07-12,376.25,522.5,33.43000030517578,1.1473942995071411
2017-07-13,361.0,495.5,33.0099983215332,1.1418914794921875
2017-07-14,365.25,494.75,33.060001373291016,1.140393853187561
2017-07-17,375.0,506.0,33.0099983215332,1.1475391387939453
2017-07-18,377.0,503.75,33.16999816894531,1.1474337577819824
2017-07-19,382.5,503.0,33.459999084472656,1.1549744606018066
2017-07-20,391.0,505.75,33.970001220703125,1.1528440713882446
2017-07-21,379.75,499.25,33.79999923706055,1.1628718376159668
2017-07-24,377.25,488.75,33.61000061035156,1.1681697368621826
2017-07-25,368.75,474.0,33.5,1.1638869047164917
2017-07-26,372.75,477.75,33.72999954223633,1.1644561290740967
2017-07-27,374.25,479.75,33.849998474121094,1.1728004217147827
2017-07-28,374.25,481.0,34.61000061035156,1.1688660383224487
2017-07-31,370.75,474.5,34.709999084472656,1.1747292280197144
2017-08-01,362.5,461.25,33.86000061035156,1.182410478591919
2017-08-02,365.0,460.75,34.150001525878906,1.1811256408691406
2017-08-03,363.5,457.75,33.380001068115234,1.1851149797439575
2017-08-04,366.5,454.75,33.599998474121094,1.1884952783584595
2017-08-07,372.25,463.5,33.5099983215332,1.1778424978256226
2017-08-08,369.75,457.0,33.79999923706055,1.1800941228866577
2017-08-09,372.25,459.5,34.130001068115234,1.1754610538482666
2017-08-10,357.25,440.5,33.7400016784668,1.1761523485183716
2017-08-11,360.75,439.25,33.529998779296875,1.177024483680725
2017-08-14,362.75,441.0,32.97999954223633,1.182550311088562
2017-08-15,355.25,429.5,32.709999084472656,1.1775789260864258
2017-08-16,352.5,419.25,32.849998474121094,1.1741223335266113
2017-08-17,350.5,414.0,33.209999084472656,1.1774264574050903
2017-08-18,352.0,416.0,33.61000061035156,1.1715501546859741
2017-08-21,349.0,409.5,33.79999923706055,1.1756268739700317
2017-08-22,346.0,402.25,34.060001373291016,1.1811953783035278
2017-08-23,342.0,403.25,34.720001220703125,1.176221489906311
2017-08-24,342.0,409.0,34.779998779296875,1.1816558837890625
2017-08-25,338.75,409.5,34.61000061035156,1.1802195310592651
2017-08-28,336.0,400.0,34.59000015258789,1.1951857805252075
2017-08-29,333.5,402.75,34.279998779296875,1.1963869333267212
2017-08-30,329.5,403.5,34.33000183105469,1.1970456838607788
2017-08-31,342.25,410.25,34.709999084472656,1.1893434524536133
2017-09-01,340.0,420.5,35.310001373291016,1.1910432577133179
2017-09-04,,,,1.1882835626602173
2017-09-05,344.25,430.5,35.099998474121094,1.1893434524536133
2017-09-06,347.0,421.75,35.209999084472656,1.1924067735671997
2017-09-07,341.75,413.5,35.08000183105469,1.1927765607833862
2017-09-08,344.25,413.75,34.59000015258789,1.2029062509536743
2017-09-11,345.5,412.25,34.790000915527344,1.2017642259597778
2017-09-12,340.0,419.5,34.84000015258789,1.1959433555603027
2017-09-13,338.5,420.75,34.720001220703125,1.1974613666534424
2017-09-14,341.75,428.25,34.65999984741211,1.1890605688095093
2017-09-15,354.75,449.0,34.560001373291016,1.1921650171279907
2017-09-18,351.5,443.5,34.189998626708984,1.193716287612915
2017-09-19,348.25,443.0,34.52000045776367,1.1959290504455566
2017-09-20,350.0,449.75,34.66999816894531,1.199256420135498
2017-09-21,350.25,452.5,34.099998474121094,1.1872113943099976
2017-09-22,353.5,449.5,33.9900016784668,1.194557547569275
2017-09-25,353.75,454.0,33.779998779296875,1.1927196979522705
2017-09-26,352.25,453.75,33.22999954223633,1.185564637184143
2017-09-27,354.0,461.5,33.02000045776367,1.1786059141159058
2017-09-28,352.5,455.0,32.59000015258789,1.1749638319015503
2017-09-29,355.25,448.25,32.56999969482422,1.178175449371338
2017-10-02,351.5,444.75,32.279998779296875,1.1807351112365723
2017-10-03,349.5,448.0,32.5099983215332,1.173378348350525
2017-10-04,348.25,442.0,32.9900016784668,1.1747568845748901
2017-10-05,349.5,440.75,32.77000045776367,1.175723671913147
2017-10-06,350.0,443.5,32.709999084472656,1.1712344884872437
2017-10-09,349.5,436.0,33.02000045776367,1.1742464303970337
2017-10-10,349.25,435.25,32.86000061035156,1.1741636991500854
2017-10-11,346.0,433.25,32.90999984741211,1.1814883947372437
2017-10-12,349.0,430.5,33.06999969482422,1.1865493059158325
2017-10-13,352.75,439.5,33.4900016784668,1.1831799745559692
2017-10-16,350.5,436.5,33.59000015258789,1.181404709815979
2017-10-17,350.0,434.75,33.59000015258789,1.1794538497924805
2017-10-18,348.5,430.0,33.40999984741211,1.1771907806396484
2017-10-19,349.0,432.75,33.83000183105469,1.1795234680175781
2017-10-20,344.5,426.0,34.15999984741211,1.184805989265442
2017-10-23,351.25,436.75,34.630001068115234,1.175364375114441
2017-10-24,352.75,438.0,34.34000015258789,1.1759172677993774
2017-10-25,351.0,435.5,34.2599983215332,1.1759034395217896
2017-10-26,350.5,431.75,34.5,1.182075023651123
2017-10-27,348.75,427.25,34.84000015258789,1.163724422454834
2017-10-30,348.75,424.75,34.68000030517578,1.1604562997817993
2017-10-31,345.75,418.5,34.75,1.1652703285217285
2017-11-01,348.25,418.0,34.900001525878906,1.165175199508667
2017-11-02,350.5,426.0,34.86000061035156,1.1628718376159668
2017-11-03,348.25,425.75,34.41999816894531,1.1661807298660278
2017-11-06,348.0,430.75,34.72999954223633,1.1614941358566284
2017-11-07,347.75,427.25,35.02000045776367,1.1612648963928223
2017-11-08,348.25,426.75,35.369998931884766,1.1601063013076782
2017-11-09,341.5,429.0,35.13999938964844,1.15968918800354
2017-11-10,343.5,431.5,34.810001373291016,1.164686679840088
2017-11-13,342.25,424.25,34.33000183105469,1.1661127805709839
2017-11-14,337.5,428.0,34.0099983215332,1.1664936542510986
2017-11-15,338.25,420.0,34.75,1.1792869567871094
2017-11-16,336.5,421.5,34.43000030517578,
2017-11-17,343.0,427.25,34.439998626708984,1.1777453422546387
2017-11-20,345.0,422.0,33.95000076293945,1.1731857061386108
2017-11-21,345.0,424.75,34.16999816894531,1.1741223335266113
2017-11-22,345.25,422.75,34.04999923706055,1.173722743988037
2017-11-23,,,,1.1814744472503662
2017-11-24,342.25,415.75,33.939998626708984,1.1853959560394287
2017-11-27,338.75,409.5,33.599998474121094,1.1926485300064087
2017-11-28,336.25,410.75,34.0,1.1904903650283813
2017-11-29,339.0,416.5,33.95000076293945,1.184805989265442
2017-11-30,341.75,409.25,33.75,1.18519926071167
2017-12-01,344.75,414.5,33.599998474121094,1.1898245811462402
2017-12-04,339.5,410.25,33.36000061035156,1.1859863996505737
2017-12-05,339.75,406.0,33.40999984741211,1.1867746114730835
2017-12-06,339.25,398.5,33.09000015258789,1.1832919120788574
2017-12-07,338.75,394.25,33.25,1.1804285049438477
2017-12-08,340.0,392.0,33.540000915527344,1.1772184371948242
2017-12-11,336.5,387.75,33.400001525878906,1.1769968271255493
2017-12-12,335.75,387.25,33.36000061035156,1.1777591705322266
2017-12-13,336.75,392.25,33.11000061035156,1.1742602586746216
2017-12-14,336.25,395.0,33.02000045776367,1.1835860013961792
2017-12-15,347.5,418.25,33.15999984741211,1.1774957180023193
2017-12-18,347.0,420.5,33.02000045776367,1.1743566989898682
2017-12-19,347.5,419.5,33.220001220703125,1.1784253120422363
2017-12-20,349.25,423.5,32.959999084472656,1.1841325759887695
2017-12-21,351.25,427.0,32.66999816894531,1.1878176927566528
2017-12-22,352.0,424.75,32.7400016784668,1.1857331991195679
2017-12-25,,,,1.1856067180633545
2017-12-26,352.75,422.25,33.20000076293945,1.187253713607788
2017-12-27,353.75,428.0,33.06999969482422,1.1857894659042358
2017-12-28,352.0,427.75,32.5,1.1900794506072998
2017-12-29,350.75,427.0,33.08000183105469,1.1941723823547363
2018-01-01,,,,1.200494647026062
2018-01-02,353.25,433.5,33.380001068115234,1.2011579275131226
2018-01-03,353.0,436.0,33.7599983215332,1.2063454389572144
2018-01-04,351.0,434.0,33.7400016784668,1.2010425329208374
2018-01-05,351.25,430.75,33.650001525878906,1.2068840265274048
2018-01-08,347.25,427.75,33.43000030517578,1.2037460803985596
2018-01-09,349.0,432.25,33.54999923706055,1.1970456838607788
2018-01-10,349.0,434.25,33.290000915527344,1.1929330825805664
2018-01-11,348.75,433.25,32.970001220703125,1.1956144571304321
2018-01-12,346.25,420.5,32.93000030517578,1.2042099237442017
2018-01-15,,,,1.2192296981811523
2018-01-16,348.25,416.5,32.790000915527344,1.2268433570861816
2018-01-17,353.0,421.5,32.5099983215332,1.227129340171814
2018-01-18,351.5,425.25,32.22999954223633,1.218397855758667
2018-01-19,352.5,422.75,32.279998779296875,1.2236607074737549
2018-01-22,352.0,425.75,32.15999984741211,1.2255502939224243
2018-01-23,351.25,421.5,32.52000045776367,1.2256253957748413
2018-01-24,356.5,433.0,32.68000030517578,1.2310267686843872
2018-01-25,355.25,434.5,32.5,1.239111304283142
2018-01-26,356.5,441.0,32.790000915527344,1.239234209060669
2018-01-29,358.75,449.25,32.869998931884766,1.2428072690963745
2018-01-30,361.5,457.25,33.08000183105469,1.2381141185760498
2018-01-31,361.5,451.75,33.06999969482422,1.2409565448760986
2018-02-01,361.75,451.0,32.900001525878906,1.241865873336792
2018-02-02,361.5,446.75,32.5099983215332,1.2510008811950684
2018-02-05,358.75,440.25,32.5,1.244694471359253
2018-02-06,363.5,446.25,33.15999984741211,1.2367818355560303
2018-02-07,365.25,460.5,32.560001373291016,1.2381294965744019
2018-02-08,365.75,456.25,32.209999084472656,1.2268133163452148
2018-02-09,362.0,449.0,31.959999084472656,1.2260762453079224
2018-02-12,367.0,464.0,31.850000381469727,1.2252799272537231
2018-02-13,366.75,460.75,31.56999969482422,1.2303755283355713
2018-02-14,367.25,455.75,31.799999237060547,1.235376238822937
2018-02-15,367.75,461.75,31.700000762939453,1.2467273473739624
2018-02-16,367.5,457.75,31.540000915527344,1.2503595352172852
2018-02-19,,,,1.241187572479248
2018-02-20,365.5,449.25,31.860000610351562,1.2398641109466553
2018-02-21,365.75,447.25,32.06999969482422,1.233532428741455
2018-02-22,366.75,451.25,32.040000915527344,1.2281843423843384
2018-02-23,366.25,452.25,32.36000061035156,1.2326656579971313
2018-02-26,368.5,459.5,32.619998931884766,1.228712558746338
2018-02-27,370.5,463.25,32.189998626708984,1.2315573692321777
2018-02-28,374.5,484.5,31.959999084472656,1.2230321168899536
2018-03-01,378.75,505.5,32.119998931884766,1.2191256284713745
2018-03-02,377.25,492.0,32.060001373291016,1.2270842790603638
2018-03-05,378.25,502.25,32.0099983215332,1.2315422296524048
2018-03-06,379.75,502.0,32.29999923706055,1.2336541414260864
2018-03-07,379.25,493.0,31.93000030517578,1.2416653633117676
2018-03-08,385.75,494.75,31.670000076293945,1.2414649724960327
2018-03-09,383.0,489.0,31.420000076293945,1.2306632995605469
2018-03-12,384.25,489.75,31.559999465942383,1.2308752536773682
2018-03-13,385.5,485.5,32.02000045776367,1.2339584827423096
2018-03-14,383.5,495.75,31.780000686645508,1.239234209060669
2018-03-15,386.75,478.75,32.060001373291016,1.2375624179840088
2018-03-16,382.75,467.75,31.979999542236328,1.2309207916259766
2018-03-19,375.0,450.75,32.060001373291016,1.228078842163086
2018-03-20,374.5,453.0,31.739999771118164,1.2336845397949219
2018-03-21,375.0,453.5,32.369998931884766,1.2251899242401123
2018-03-22,376.0,455.75,31.8799991607666,1.2347661256790161
2018-03-23,377.25,460.25,31.420000076293945,1.2324985265731812
2018-03-26,374.0,454.25,31.459999084472656,1.235437273979187
2018-03-27,374.0,449.0,31.579999923706055,1.2457488775253296
2018-03-28,373.5,445.5,31.6200008392334,1.240787148475647
2018-03-29,387.75,451.0,31.8700008392334,1.2310267686843872
2018-03-30,,,,1.2302846908569336
2018-04-02,387.25,446.25,32.040000915527344,1.231420874595642
2018-04-03,388.5,457.5,32.34000015258789,1.229271411895752
2018-04-04,381.0,455.75,31.68000030517578,1.2278525829315186
2018-04-05,389.5,464.75,31.780000686645508,1.228682279586792
2018-04-06,388.5,472.25,31.530000686645508,1.2251598834991455
2018-04-09,390.75,490.75,31.520000457763672,1.227144479751587
2018-04-10,389.25,492.0,31.850000381469727,1.2322403192520142
2018-04-11,387.0,487.25,31.530000686645508,1.2363078594207764
2018-04-12,388.75,481.0,31.6299991607666,1.2371643781661987
2018-04-13,386.25,472.5,31.479999542236328,1.2329696416854858
2018-04-16,382.5,462.25,31.18000030517578,1.233258605003357
2018-04-17,380.25,466.25,31.190000534057617,1.2385127544403076
2018-04-18,383.0,475.25,31.43000030517578,1.237317442893982
2018-04-19,382.0,476.75,31.40999984741211,1.237914800643921
2018-04-20,376.5,463.25,31.299999237060547,1.2345526218414307
2018-04-23,378.5,461.5,31.040000915527344,1.2273402214050293
2018-04-24,381.25,472.5,31.010000228881836,1.22089684009552
2018-04-25,386.5,486.25,30.790000915527344,1.2241400480270386
2018-04-26,386.0,480.75,30.809999465942383,1.2171669006347656
2018-04-27,389.5,495.5,30.43000030517578,1.2109616994857788
2018-04-30,392.5,512.5,30.350000381469727,1.2122827768325806
2018-05-01,396.75,529.75,30.079999923706055,1.2081234455108643
2018-05-02,396.0,525.75,30.3700008392334,1.1991558074951172
2018-05-03,399.5,540.5,30.579999923706055,1.19510018825531
2018-05-04,398.75,527.5,30.559999465942383,1.1989257335662842
2018-05-07,393.25,514.0,30.670000076293945,1.195500135421753
2018-05-08,395.5,517.75,30.489999771118164,1.1933743953704834
2018-05-09,394.75,514.5,30.8700008392334,1.1867886781692505
2018-05-10,394.75,507.75,30.979999542236328,1.184721827507019
2018-05-11,389.75,489.5,31.170000076293945,1.1917530298233032
2018-05-14,389.0,480.5,31.1200008392334,1.1952143907546997
2018-05-15,402.25,493.5,31.1200008392334,1.1931180953979492
2018-05-16,399.25,494.25,30.59000015258789,1.1820889711380005
2018-05-17,395.25,497.5,30.940000534057617,1.1816978454589844
2018-05-18,402.5,518.25,30.979999542236328,1.1795234680175781
2018-05-21,402.75,507.25,31.420000076293945,1.1766643524169922
2018-05-22,404.75,521.5,31.510000228881836,1.1792453527450562
2018-05-23,408.5,531.0,31.700000762939453,1.1788560152053833
2018-05-24,404.25,530.25,31.709999084472656,1.1710150241851807
2018-05-25,406.0,543.0,31.34000015258789,1.1722642183303833
2018-05-28,,,,1.1688934564590454
2018-05-29,400.0,536.5,31.209999084472656,1.162696123123169
2018-05-30,393.5,522.0,31.479999542236328,1.1539349555969238
2018-05-31,394.0,526.25,31.1200008392334,1.1667250394821167
2018-06-01,391.5,523.25,31.190000534057617,1.1693171262741089
2018-06-04,380.75,505.25,30.93000030517578,1.1668611764907837
2018-06-05,383.75,510.0,30.790000915527344,1.1700559854507446
2018-06-06,378.25,519.75,30.649999618530273,1.1726216077804565
2018-06-07,376.25,526.75,30.600000381469727,1.178550362586975
2018-06-08,377.75,520.0,30.520000457763672,1.1795234680175781
2018-06-11,367.25,514.5,30.579999923706055,1.1783976554870605
2018-06-12,377.5,534.5,30.049999237060547,1.177412509918213
2018-06-13,376.0,516.5,30.079999923706055,1.17482590675354
2018-06-14,363.0,501.5,30.139999389648438,1.1807769536972046
2018-06-15,361.25,499.5,29.5,1.1566576957702637
2018-06-18,356.0,490.0,29.56999969482422,1.159595012664795
2018-06-19,353.75,477.75,28.850000381469727,1.1630746126174927
2018-06-20,354.25,488.25,29.3700008392334,1.1588560342788696
2018-06-21,357.0,495.25,29.190000534057617,1.1579033136367798
2018-06-22,357.25,491.25,29.209999084472656,1.1605775356292725
2018-06-25,350.5,476.75,28.940000534057617,1.1661399602890015
2018-06-26,352.5,469.5,28.940000534057617,1.1702749729156494
2018-06-27,352.5,479.5,29.010000228881836,1.1650259494781494
2018-06-28,345.0,479.5,29.010000228881836,1.1563634872436523
2018-06-29,350.25,497.5,29.1200008392334,1.1562966108322144
2018-07-02,337.5,480.25,28.770000457763672,1.1678558588027954
2018-07-03,342.75,491.5,28.6200008392334,1.1642121076583862
2018-07-04,,,,1.1659224033355713
2018-07-05,343.5,504.0,28.469999313354492,1.166235089302063
2018-07-06,351.75,512.75,28.899999618530273,1.1695905923843384
2018-07-09,345.75,507.75,28.739999771118164,1.1752262115478516
2018-07-10,339.75,489.5,28.8799991607666,1.1756960153579712
2018-07-11,331.25,469.75,28.329999923706055,1.1727042198181152
2018-07-12,336.5,482.5,28.170000076293945,1.1676785945892334
2018-07-13,330.25,481.5,27.799999237060547,1.1665889024734497
2018-07-16,341.75,488.5,27.639999389648438,1.1679104566574097
2018-07-17,346.25,497.75,27.729999542236328,1.170946478843689
2018-07-18,347.25,494.5,28.06999969482422,1.1653246879577637
2018-07-19,351.25,504.25,27.829999923706055,1.164564609527588
2018-07-20,355.25,516.0,28.219999313354492,1.1655147075653076
2018-07-23,357.25,513.75,27.969999313354492,1.1741912364959717
2018-07-24,352.0,510.25,28.239999771118164,1.1694128513336182
2018-07-25,359.25,542.75,28.40999984741211,1.1685519218444824
2018-07-26,361.5,536.5,28.149999618530273,1.1737502813339233
2018-07-27,362.0,530.5,28.559999465942383,1.1642934083938599
2018-07-30,367.25,546.5,28.309999465942383,1.16604483127594
2018-07-31,372.25,553.75,28.729999542236328,1.1707408428192139
2018-08-01,365.0,558.25,28.450000762939453,1.168961763381958
2018-08-02,366.75,560.5,28.1200008392334,1.1665889024734497
2018-08-03,369.75,556.25,28.350000381469727,1.1586008071899414
2018-08-06,371.0,574.5,28.290000915527344,1.1562297344207764
2018-08-07,370.75,568.25,28.59000015258789,1.1558021306991577
2018-08-08,371.25,570.0,28.450000762939453,1.1602946519851685
2018-08-09,369.25,564.5,28.420000076293945,1.1610760688781738
2018-08-10,357.75,546.75,27.989999771118164,1.1523923873901367
2018-08-13,356.5,533.5,28.239999771118164,1.1394712924957275
2018-08-14,362.25,541.75,28.09000015258789,1.1402509212493896
2018-08-15,361.5,532.25,27.8799991607666,1.1345715522766113
2018-08-16,365.25,542.25,28.149999618530273,1.134429931640625
2018-08-17,364.25,560.5,28.229999542236328,1.1371389627456665
2018-08-20,362.0,542.25,28.540000915527344,1.1437721252441406
2018-08-21,359.75,527.25,28.59000015258789,1.149134635925293
2018-08-22,352.5,526.0,28.219999313354492,1.1576753854751587
2018-08-23,346.75,522.0,28.030000686645508,1.1584800481796265
2018-08-24,348.5,514.75,28.149999618530273,1.154334545135498
2018-08-27,346.75,499.25,28.3700008392334,1.164890170097351
2018-08-28,341.0,498.25,28.18000030517578,1.1683608293533325
2018-08-29,341.25,515.75,28.030000686645508,1.1691256761550903
2018-08-30,341.0,508.0,28.280000686645508,1.1709738969802856
2018-08-31,351.0,518.5,28.3700008392334,1.1664663553237915
2018-09-03,,,,1.1601063013076782
2018-09-04,354.5,502.75,28.389999389648438,1.161548137664795
2018-09-05,351.75,493.75,28.18000030517578,1.1586545705795288
2018-09-06,353.5,486.0,28.15999984741211,1.1635212898254395
2018-09-07,354.25,486.25,27.940000534057617,1.1620069742202759
2018-09-10,355.5,504.0,28.030000686645508,1.1561094522476196
2018-09-11,355.25,493.75,27.729999542236328,1.159595012664795
2018-09-12,341.5,481.75,27.6299991607666,1.1596084833145142
2018-09-13,336.25,471.75,27.440000534057617,1.1629259586334229
2018-09-14,337.0,480.0,27.43000030517578,1.1691803932189941
2018-09-17,348.0,506.25,27.43000030517578,1.1628988981246948
2018-09-18,343.25,510.5,27.1200008392334,1.1669156551361084
2018-09-19,345.75,522.5,27.25,1.167992353439331
2018-09-20,352.5,524.0,27.600000381469727,1.167460560798645
2018-09-21,357.25,521.75,28.09000015258789,1.1775927543640137
2018-09-24,360.5,527.0,28.260000228881836,1.1751019954681396
2018-09-25,363.75,520.75,28.3700008392334,1.175295352935791
2018-09-26,363.0,517.5,28.479999542236328,1.1763184070587158
2018-09-27,364.75,513.0,28.860000610351562,1.1748534440994263
2018-09-28,356.25,509.0,28.68000030517578,1.1637378931045532
2018-10-01,365.75,509.5,29.010000228881836,1.1605371236801147
2018-10-02,367.5,519.25,29.360000610351562,1.157755732536316
2018-10-03,364.75,515.25,29.520000457763672,1.1551746129989624
2018-10-04,367.5,518.0,29.280000686645508,1.147631287574768
2018-10-05,368.25,521.0,29.079999923706055,1.1518083810806274
2018-10-08,366.5,514.0,29.329999923706055,1.1522595882415771
2018-10-09,364.5,515.0,28.969999313354492,1.1494120359420776
2018-10-10,362.75,510.5,28.649999618530273,1.1506949663162231
2018-10-11,369.25,508.0,28.729999542236328,1.1533360481262207
2018-10-12,373.75,517.25,29.040000915527344,1.1590440273284912
2018-10-15,378.25,525.0,29.760000228881836,1.1551345586776733
2018-10-16,375.25,523.5,29.65999984741211,1.1583458185195923
2018-10-17,374.25,517.5,29.559999465942383,1.1575279235839844
2018-10-18,370.75,513.0,29.020000457763672,1.1500862836837769
2018-10-19,367.0,514.75,29.139999389648438,1.1460003852844238
2018-10-22,369.5,508.0,29.149999618530273,1.1509466171264648
2018-10-23,370.25,509.0,28.760000228881836,1.1467890739440918
2018-10-24,368.25,499.5,28.610000610351562,1.147315263748169
2018-10-25,361.0,487.25,28.389999389648438,1.1399258375167847
2018-10-26,367.75,505.25,28.15999984741211,1.1377859115600586
2018-10-29,366.75,507.25,27.889999389648438,1.1398738622665405
2018-10-30,364.75,499.75,28.0,1.137617588043213
2018-10-31,363.25,500.5,28.020000457763672,1.1346358060836792
2018-11-01,366.75,508.0,28.31999969482422,1.1316697597503662
2018-11-02,371.25,508.75,28.200000762939453,1.1403288841247559
2018-11-05,374.0,507.25,27.899999618530273,1.1397570371627808
2018-11-06,373.25,512.0,27.899999618530273,1.141291856765747
2018-11-07,372.25,510.25,28.200000762939453,1.1438506841659546
2018-11-08,373.5,507.75,28.020000457763672,1.1434059143066406
2018-11-09,369.75,502.0,27.6200008392334,1.1368415355682373
2018-11-12,371.25,519.75,27.709999084472656,1.132502794265747
2018-11-13,366.5,507.75,27.549999237060547,1.1233429908752441
2018-11-14,367.0,503.0,27.56999969482422,1.1311193704605103
2018-11-15,367.5,505.5,27.690000534057617,1.131183385848999
2018-11-16,364.75,506.75,27.3700008392334,1.1324899196624756
2018-11-19,362.25,498.5,27.31999969482422,1.141396164894104
2018-11-20,361.25,500.75,27.34000015258789,1.1455016136169434
2018-11-21,361.75,498.75,27.799999237060547,1.1372424364089966
2018-11-22,,,,1.1388354301452637
2018-11-23,359.0,499.75,27.649999618530273,1.1403158903121948
2018-11-26,356.0,507.5,26.959999084472656,1.1337354183197021
2018-11-27,356.5,498.0,27.15999984741211,1.1333370208740234
2018-11-28,360.5,497.5,27.729999542236328,1.1298797130584717
2018-11-29,360.25,496.5,27.68000030517578,1.1368545293807983
2018-11-30,366.5,515.75,27.81999969482422,1.1392766237258911
2018-12-03,371.25,515.75,28.309999465942383,1.1342240571975708
2018-12-04,374.25,519.25,28.639999389648438,1.135486125946045
2018-12-05,,,,1.1342884302139282
2018-12-06,372.0,505.25,28.469999313354492,1.13490629196167
2018-12-07,374.0,519.5,28.5,1.1374752521514893
2018-12-10,374.25,514.75,28.520000457763672,1.1400948762893677
2018-12-11,375.0,509.75,28.709999084472656,1.1356538534164429
2018-12-12,376.25,515.25,28.799999237060547,1.1323105096817017
2018-12-13,375.5,527.75,28.639999389648438,1.1373459100723267
2018-12-14,376.75,527.75,28.389999389648438,1.1363636255264282
2018-12-17,,535.25,28.170000076293945,1.1305949687957764
2018-12-18,,532.75,28.40999984741211,1.1349835395812988
2018-12-19,381.75,522.5,28.459999084472656,1.1375399827957153
2018-12-20,375.25,523.5,28.200000762939453,1.1389521360397339
2018-12-21,378.5,514.0,27.889999389648438,1.1456853151321411
2018-12-24,377.75,516.5,27.739999771118164,1.1372811794281006
2018-12-25,,,,1.140393853187561
2018-12-26,373.25,510.0,27.360000610351562,1.1415525674819946
2018-12-27,374.5,510.5,27.309999465942383,1.1361312866210938
2018-12-28,375.5,511.5,27.520000457763672,1.143105387687683
2018-12-31,375.0,503.25,27.549999237060547,1.1439945697784424
2019-01-01,,,,1.1493064165115356
2019-01-02,375.75,506.75,27.899999618530273,1.14617121219635
2019-01-03,379.75,513.75,28.18000030517578,1.1318106651306152
2019-01-04,383.0,517.0,28.40999984741211,1.1391078233718872
2019-01-07,382.25,516.75,28.260000228881836,1.1410444974899292
2019-01-08,380.0,517.75,28.18000030517578,1.1479737758636475
2019-01-09,382.0,520.0,28.31999969482422,1.1456066370010376
2019-01-10,376.25,513.75,27.940000534057617,1.1554949283599854
2019-01-11,378.25,519.5,28.170000076293945,1.151012897491455
2019-01-14,378.5,514.25,28.110000610351562,1.146013617515564
2019-01-15,371.25,511.0,28.239999771118164,1.1472889184951782
2019-01-16,374.0,512.5,28.229999542236328,1.1416828632354736
2019-01-17,380.0,517.75,28.770000457763672,1.1398088932037354
2019-01-18,381.75,517.75,29.010000228881836,1.13926362991333
2019-01-21,,,,1.1365574598312378
2019-01-22,379.0,521.25,29.059999465942383,1.136932134628296
2019-01-23,378.75,526.0,29.3799991607666,1.1364023685455322
2019-01-24,377.0,521.5,29.510000228881836,1.1388224363327026
2019-01-25,380.25,520.0,30.030000686645508,1.1313496828079224
2019-01-28,379.75,518.75,30.299999237060547,1.1413049697875977
2019-01-29,377.25,513.25,30.110000610351562,1.143000841140747
2019-01-30,381.25,516.75,30.420000076293945,1.1435366868972778
2019-01-31,376.5,516.5,30.170000076293945,1.1487650871276855
2019-02-01,378.25,524.25,29.889999389648438,1.1449507474899292
2019-02-04,379.25,525.75,30.1299991607666,1.1455278396606445
2019-02-05,380.75,527.25,30.3799991607666,1.1436283588409424
2019-02-06,380.0,526.0,30.899999618530273,1.140992522239685
2019-02-07,376.5,513.25,30.809999465942383,1.1365960836410522
2019-02-08,374.25,517.25,30.8700008392334,1.1338768005371094
2019-02-11,372.75,518.25,30.239999771118164,1.1324259042739868
2019-02-12,378.25,520.0,30.329999923706055,1.1279042959213257
2019-02-13,378.75,522.25,29.989999771118164,1.1334655284881592
2019-02-14,374.75,507.0,29.889999389648438,1.12649405002594
2019-02-15,374.75,504.25,29.950000762939453,1.1295350790023804
2019-02-18,,,,1.1298030614852905
2019-02-19,369.75,489.75,29.739999771118164,1.131196141242981
2019-02-20,370.75,480.75,29.959999084472656,1.1343011856079102
2019-02-21,375.5,486.5,30.489999771118164,1.1346358060836792
2019-02-22,375.25,486.75,30.510000228881836,1.1343011856079102
2019-02-25,370.5,466.75,30.360000610351562,1.1342240571975708
2019-02-26,366.25,460.25,30.09000015258789,1.1367511749267578
2019-02-27,363.75,461.0,29.799999237060547,1.1393154859542847
2019-02-28,362.0,452.5,29.959999084472656,1.1380189657211304
2019-03-01,364.0,454.0,29.950000762939453,1.1373459100723267
2019-03-04,365.0,446.75,29.780000686645508,1.1375917196273804
2019-03-05,366.0,454.25,29.729999542236328,1.1337354183197021
2019-03-06,362.5,440.5,29.510000228881836,1.1307101249694824
2019-03-07,356.0,431.5,29.40999984741211,1.1314009428024292
2019-03-08,354.75,432.75,29.389999389648438,1.1198333501815796
2019-03-11,352.5,422.25,29.399999618530273,1.1232421398162842
2019-03-12,356.5,446.25,29.780000686645508,1.1259232759475708
2019-03-13,357.25,440.25,29.690000534057617,1.1287446022033691
2019-03-14,361.5,448.25,29.399999618530273,1.133105993270874
2019-03-15,373.25,462.25,29.43000030517578,1.1308379173278809
2019-03-18,371.5,456.75,29.440000534057617,1.1319772005081177
2019-03-19,371.25,456.5,29.239999771118164,1.133619785308838
2019-03-20,371.5,464.75,29.270000457763672,1.135486125946045
2019-03-21,376.25,466.5,29.100000381469727,1.1427918672561646
2019-03-22,378.25,466.0,28.65999984741211,1.1375011205673218
2019-03-25,379.75,469.5,28.81999969482422,1.129586100578308
2019-03-26,377.25,469.25,28.649999618530273,1.131580114364624
2019-03-27,373.75,469.5,28.81999969482422,1.127484679222107
2019-03-28,374.0,464.5,28.6299991607666,1.1251758337020874
2019-03-29,356.5,457.75,28.360000610351562,1.1230024099349976
2019-04-01,361.75,462.75,28.56999969482422,1.1223849058151245
2019-04-02,361.5,464.0,28.959999084472656,1.1205737590789795
2019-04-03,362.75,471.0,28.799999237060547,1.1203854084014893
2019-04-04,365.25,470.75,29.200000762939453,1.1246949434280396
2019-04-05,362.5,467.75,29.149999618530273,1.1225864887237549
2019-04-08,360.0,465.25,28.8799991607666,1.121956706047058
2019-04-09,360.0,459.5,29.040000915527344,1.1256444454193115
2019-04-10,361.75,458.0,29.06999969482422,1.126697063446045
2019-04-11,360.0,460.5,28.979999542236328,1.1276500225067139
2019-04-12,361.0,464.5,28.950000762939453,1.1260753870010376
2019-04-15,362.75,459.5,28.809999465942383,1.1305055618286133
2019-04-16,359.0,445.0,28.719999313354492,1.1304928064346313
2019-04-17,358.25,447.0,28.459999084472656,1.128502607345581
2019-04-18,358.5,444.25,28.799999237060547,1.129713773727417
2019-04-19,,,,1.1235954761505127
2019-04-22,354.75,435.75,28.700000762939453,1.1244546175003052
2019-04-23,351.25,438.75,28.059999465942383,1.1258978843688965
2019-04-24,346.75,432.25,27.920000076293945,1.122435212135315
2019-04-25,347.5,434.75,27.639999389648438,1.1153494119644165
2019-04-26,351.25,435.0,27.520000457763672,1.113684892654419
2019-04-29,352.0,426.75,27.8799991607666,1.1150261163711548
2019-04-30,353.25,418.5,27.579999923706055,1.1185182332992554
2019-05-01,360.0,425.0,27.3799991607666,1.121604323387146
2019-05-02,362.0,433.25,27.229999542236328,1.1200841665267944
2019-05-03,363.0,428.0,27.06999969482422,1.1173559427261353
2019-05-06,355.75,428.0,26.84000015258789,1.1185808181762695
2019-05-07,358.0,430.5,26.809999465942383,1.1201846599578857
2019-05-08,355.25,431.25,26.709999084472656,1.1191065311431885
2019-05-09,344.5,421.75,26.34000015258789,1.1198333501815796
2019-05-10,342.5,419.0,26.5,1.1222084760665894
2019-05-13,347.5,431.25,26.350000381469727,1.1236460208892822
2019-05-14,360.5,439.25,26.729999542236328,1.1232547760009766
2019-05-15,369.5,448.75,27.239999771118164,1.1204482316970825
2019-05-16,379.0,467.0,27.719999313354492,1.1207244396209717
2019-05-17,383.25,465.0,27.219999313354492,1.1173559427261353
2019-05-20,389.0,478.25,27.5,1.1165324449539185
2019-05-21,394.25,478.75,27.139999389648438,1.1168566942214966
2019-05-22,394.5,472.75,27.309999465942383,
2019-05-23,389.75,470.25,26.780000686645508,1.1155484914779663
2019-05-24,404.25,489.5,27.010000228881836,1.1184556484222412
2019-05-27,,,,1.1209630966186523
2019-05-28,420.25,504.75,27.290000915527344,1.1193821430206299
2019-05-29,418.75,490.5,27.729999542236328,1.1170687675476074
2019-05-30,436.25,514.5,27.780000686645508,1.1137346029281616
2019-05-31,427.0,503.0,27.59000015258789,1.1131147146224976
2019-06-03,424.25,519.75,27.34000015258789,1.1174057722091675
2019-06-04,425.25,507.25,27.489999771118164,1.124631643295288
2019-06-05,414.75,490.75,27.219999313354492,1.1254037618637085
2019-06-06,420.5,510.0,27.760000228881836,1.1229015588760376
2019-06-07,415.75,504.5,27.3799991607666,1.1276500225067139
2019-06-10,415.75,507.5,27.3799991607666,1.1320157051086426
2019-06-11,427.75,518.0,27.219999313354492,1.1318106651306152
2019-06-12,430.0,526.25,27.559999465942383,1.1329518556594849
2019-06-13,442.0,535.5,28.020000457763672,1.1295605897903442
2019-06-14,453.0,538.5,27.610000610351562,1.1280443668365479
2019-06-17,454.75,539.5,28.139999389648438,1.1217050552368164
2019-06-18,449.75,531.5,28.329999923706055,1.1224603652954102
2019-06-19,441.0,522.25,28.3700008392334,1.1198208332061768
2019-06-20,450.0,526.5,28.59000015258789,1.1238480806350708
2019-06-21,442.25,526.0,28.440000534057617,1.1295605897903442
2019-06-24,446.75,538.0,28.350000381469727,1.1384724378585815
2019-06-25,447.5,535.75,28.0,1.140029788017273
2019-06-26,443.25,543.75,27.809999465942383,1.1369967460632324
2019-06-27,440.0,547.5,27.809999465942383,1.1374752521514893
2019-06-28,420.25,528.0,28.239999771118164,1.1372941732406616
2019-07-01,412.0,514.0,27.979999542236328,1.1364928483963013
2019-07-02,413.5,503.5,27.65999984741211,1.1287446022033691
2019-07-03,433.0,518.0,28.020000457763672,1.1293054819107056
2019-07-04,,,,1.1287955045700073
2019-07-05,434.0,519.25,27.440000534057617,1.128579020500183
2019-07-08,438.5,516.75,27.860000610351562,1.1227376461029053
2019-07-09,431.75,509.75,27.8799991607666,1.121604323387146
2019-07-10,434.25,511.75,27.969999313354492,1.120824933052063
2019-07-11,447.75,536.25,28.06999969482422,1.125885248184204
2019-07-12,449.5,536.25,28.110000610351562,1.1252391338348389
2019-07-15,441.0,507.75,28.280000686645508,1.1272051334381104
2019-07-16,435.25,507.5,27.989999771118164,1.1261768341064453
2019-07-17,436.0,505.5,27.68000030517578,1.1212271451950073
2019-07-18,424.5,493.5,27.639999389648438,1.12296462059021
2019-07-19,430.75,502.5,28.100000381469727,1.1261515617370605
2019-07-22,422.25,487.25,27.729999542236328,1.1218308210372925
2019-07-23,425.5,487.25,28.010000228881836,1.1206114292144775
2019-07-24,424.0,497.75,28.299999237060547,1.1151255369186401
2019-07-25,418.5,499.5,28.270000457763672,1.1142433881759644
2019-07-26,414.5,496.0,28.469999313354492,1.1146159172058105
2019-07-29,417.0,503.5,28.43000030517578,1.1132138967514038
2019-07-30,411.25,497.25,28.309999465942383,1.1143054962158203
2019-07-31,400.25,487.25,27.75,1.1157974004745483
2019-08-01,392.75,475.75,27.68000030517578,1.1071745157241821
2019-08-02,399.5,490.75,28.190000534057617,1.1078859567642212
2019-08-05,405.25,494.5,27.760000228881836,1.1108025312423706
2019-08-06,404.0,484.0,27.479999542236328,1.1243788003921509
2019-08-07,406.5,488.25,27.959999084472656,1.1206992864608765
2019-08-08,411.0,498.5,28.959999084472656,1.1204355955123901
2019-08-09,410.25,499.5,29.510000228881836,1.1187183856964111
2019-08-12,385.25,471.75,29.639999389648438,1.1208499670028687
2019-08-13,366.0,472.0,29.170000076293945,1.1218308210372925
2019-08-14,359.0,473.75,29.100000381469727,1.1177055835723877
2019-08-15,360.75,469.0,29.06999969482422,1.1143302917480469
2019-08-16,371.0,470.75,29.1299991607666,1.1113580465316772
2019-08-19,365.0,465.5,28.68000030517578,1.109385371208191
2019-08-20,359.5,460.0,28.43000030517578,1.1083157062530518
2019-08-21,362.5,462.5,28.739999771118164,1.1097793579101562
2019-08-22,363.25,467.25,28.540000915527344,1.10907781124115
2019-08-23,359.75,475.25,28.34000015258789,1.1084016561508179
2019-08-26,358.5,473.0,28.329999923706055,1.1143054962158203
2019-08-27,357.0,473.75,28.010000228881836,1.1103708744049072
2019-08-28,362.75,472.25,28.110000610351562,1.109004020690918
2019-08-29,359.75,469.75,28.3700008392334,1.1085859537124634
2019-08-30,358.0,451.25,28.639999389648438,1.1061947345733643
2019-09-02,,,,1.0991789102554321
2019-09-03,349.75,447.25,28.8700008392334,1.0968520641326904
2019-09-04,346.0,456.25,28.790000915527344,1.0974539518356323
2019-09-05,346.5,464.0,28.469999313354492,1.10349702835083
2019-09-06,342.5,460.25,28.479999542236328,1.1036310195922852
2019-09-09,340.75,474.5,28.260000228881836,1.1020619869232178
2019-09-10,348.5,484.5,28.3799991607666,1.1048381328582764
2019-09-11,348.25,477.5,28.729999542236328,1.1050333976745605
2019-09-12,354.5,485.75,29.020000457763672,1.1013457775115967
2019-09-13,355.5,485.75,28.940000534057617,1.1058276891708374
2019-09-16,374.0,488.75,30.139999389648438,1.1083402633666992
2019-09-17,368.0,484.25,29.850000381469727,1.100594401359558
2019-09-18,371.25,489.5,29.8700008392334,1.1074687242507935
2019-09-19,372.75,488.0,29.809999465942383,1.1031439304351807
2019-09-20,370.75,484.25,29.280000686645508,1.1048502922058105
2019-09-23,373.25,483.0,29.190000534057617,1.1019041538238525
2019-09-24,374.75,481.75,29.200000762939453,1.0993722677230835
2019-09-25,374.25,477.25,29.040000915527344,1.1016855239868164
2019-09-26,372.5,484.25,29.010000228881836,1.0952903032302856
2019-09-27,371.5,487.25,28.6200008392334,1.0922753810882568
2019-09-30,388.0,495.75,28.989999771118164,1.0942714214324951
2019-10-01,392.5,498.75,28.829999923706055,1.0899657011032104
2019-10-02,387.75,489.0,29.059999465942383,1.0934937000274658
2019-10-03,388.75,488.75,29.799999237060547,1.0963709354400635
2019-10-04,384.75,490.5,29.790000915527344,1.0975382328033447
2019-10-07,387.0,489.25,30.010000228881836,1.098659634590149
2019-10-08,395.75,500.25,29.770000457763672,1.0972130298614502
2019-10-09,394.25,500.25,29.6299991607666,1.0960105657577515
2019-10-10,380.25,493.0,29.700000762939453,1.0987803936004639
2019-10-11,397.75,508.0,29.829999923706055,1.1011033058166504
2019-10-14,397.75,511.0,29.899999618530273,1.1030004024505615
2019-10-15,393.25,507.0,30.389999389648438,1.1029006242752075
2019-10-16,391.75,513.25,30.399999618530273,1.1034727096557617
2019-10-17,394.75,525.5,30.389999389648438,1.107493281364441
2019-10-18,391.0,532.25,30.360000610351562,1.1127183437347412
2019-10-21,387.25,523.5,30.479999542236328,1.1155734062194824
2019-10-22,388.0,518.0,30.850000381469727,1.1151753664016724
2019-10-23,387.75,520.75,30.579999923706055,1.112928867340088
2019-10-24,386.75,516.0,31.34000015258789,1.1132385730743408
2019-10-25,386.75,517.75,30.959999084472656,1.1103955507278442
2019-10-28,384.0,511.75,30.780000686645508,1.1084262132644653
2019-10-29,386.25,511.5,31.0,1.1099148988723755
2019-10-30,390.75,509.25,30.979999542236328,1.1114816665649414
2019-10-31,390.0,508.75,30.75,1.1154489517211914
2019-11-01,389.25,516.0,31.030000686645508,1.1157102584838867
2019-11-04,383.25,509.75,31.8700008392334,1.1166571378707886
2019-11-05,381.75,515.25,31.56999969482422,1.1128545999526978
2019-11-06,378.75,516.75,31.75,1.107419729232788
2019-11-07,375.25,512.5,31.43000030517578,1.1070396900177002
2019-11-08,377.25,510.25,31.5,1.1019697189331055
2019-11-11,373.25,505.75,31.420000076293945,1.102244257926941
2019-11-12,377.75,517.0,31.030000686645508,1.1035456657409668
2019-11-13,375.25,509.0,30.530000686645508,1.1012367010116577
2019-11-14,375.75,507.75,30.780000686645508,1.1013215780258179
2019-11-15,371.25,502.75,30.43000030517578,1.1020498275756836
2019-11-18,367.75,507.25,30.639999389648438,1.105509877204895
2019-11-19,370.0,512.0,30.959999084472656,1.1072357892990112
2019-11-20,366.75,515.5,31.200000762939453,1.1080001592636108
2019-11-21,368.5,509.0,30.690000534057617,1.1078859567642212
2019-11-22,368.75,515.25,30.8799991607666,1.1065863370895386
2019-11-25,370.5,531.0,30.440000534057617,1.1022562980651855
2019-11-26,367.5,530.25,30.219999313354492,1.1014429330825806
2019-11-27,362.75,528.5,30.3700008392334,1.1022562980651855
2019-11-28,,,,1.1004853248596191
2019-11-29,371.25,547.5,30.420000076293945,1.101176142692566
2019-12-02,373.5,543.25,29.959999084472656,1.1019041538238525
2019-12-03,372.0,530.5,29.989999771118164,1.1079105138778687
2019-12-04,368.75,535.0,30.270000457763672,1.1085245609283447
2019-12-05,365.5,532.0,30.290000915527344,1.108303427696228
2019-12-06,366.5,532.5,31.010000228881836,1.1105434894561768
2019-12-09,365.75,532.0,31.360000610351562,1.105888843536377
2019-12-10,363.25,534.75,31.469999313354492,1.106499433517456
2019-12-11,357.75,530.75,31.229999542236328,1.1092746257781982
2019-12-12,367.0,539.25,32.029998779296875,1.1135857105255127
2019-12-13,366.25,539.25,32.27000045776367,1.1186057329177856
2019-12-16,388.0,549.75,33.13999938964844,1.1124460697174072
2019-12-17,390.0,556.25,33.81999969482422,1.1136974096298218
2019-12-18,387.0,548.25,33.43000030517578,1.115138053894043
2019-12-19,386.5,545.25,33.790000915527344,1.1115927696228027
2019-12-20,387.75,542.25,33.790000915527344,1.1125946044921875
2019-12-23,388.75,539.5,33.779998779296875,1.1079840660095215
2019-12-24,387.5,541.0,33.880001068115234,1.109385371208191
2019-12-25,,,,1.1090162992477417
2019-12-26,388.5,549.0,34.380001068115234,1.1095454692840576
2019-12-27,390.0,556.25,34.72999954223633,1.110111951828003
2019-12-30,388.25,556.0,35.16999816894531,1.1182304620742798
2019-12-31,387.75,558.75,34.4900016784668,1.120229721069336
2020-01-01,,,,1.1220825910568237
2020-01-02,391.5,560.25,34.970001220703125,1.1220825910568237
2020-01-03,386.5,554.5,34.810001373291016,1.1171437501907349
2020-01-06,384.75,550.0,34.2400016784668,1.1161960363388062
2020-01-07,384.5,550.25,34.459999084472656,1.1197994947433472
2020-01-08,384.25,552.75,34.27000045776367,1.1154738664627075
2020-01-09,383.25,562.25,34.349998474121094,1.1113210916519165
2020-01-10,385.75,564.5,34.06999969482422,1.1111111640930176
2020-01-13,389.5,562.25,33.63999938964844,1.1116669178009033
2020-01-14,389.0,568.5,33.650001525878906,1.1135733127593994
2020-01-15,387.5,573.25,33.29999923706055,1.113089919090271
2020-01-16,375.5,565.25,33.029998779296875,1.1154004335403442
2020-01-17,389.25,570.5,33.349998474121094,1.1139578819274902
2020-01-20,,,,1.1094592809677124
2020-01-21,387.5,581.5,32.75,1.109693169593811
2020-01-22,388.75,577.75,33.02000045776367,1.108561396598816
2020-01-23,393.75,580.5,32.47999954223633,1.1096439361572266
2020-01-24,387.25,573.5,32.02000045776367,1.1055220365524292
2020-01-27,380.5,572.25,31.520000457763672,1.1025358438491821
2020-01-28,386.5,569.75,31.459999084472656,1.101976990699768
2020-01-29,384.25,562.25,31.520000457763672,1.1022562980651855
2020-01-30,379.5,560.5,30.6299991607666,1.1016855239868164
2020-01-31,381.25,553.75,29.940000534057617,1.1029127836227417
2020-02-03,378.75,555.5,30.290000915527344,1.1089794635772705
2020-02-04,382.25,557.25,30.729999542236328,1.1062926054000854
2020-02-05,380.75,562.0,31.31999969482422,1.1047282218933105
2020-02-06,379.25,556.25,31.239999771118164,1.1002310514450073
2020-02-07,383.5,558.75,30.969999313354492,1.0982975959777832
2020-02-10,381.75,552.0,30.6200008392334,1.0949305295944214
2020-02-11,379.75,542.0,30.719999313354492,1.0913456678390503
2020-02-12,383.0,547.5,31.030000686645508,1.091941475868225
2020-02-13,379.5,544.25,30.719999313354492,1.0875948667526245
2020-02-14,377.75,542.75,30.56999969482422,1.0845986604690552
2020-02-17,,,,1.0841753482818604
2020-02-18,383.0,566.75,30.479999542236328,1.0840108394622803
2020-02-19,380.5,565.25,30.34000015258789,1.079540491104126
2020-02-20,378.5,560.0,30.1200008392334,1.081009864807129
2020-02-21,377.0,551.0,30.639999389648438,1.078799843788147
2020-02-24,372.25,536.25,29.489999771118164,1.0839051008224487
2020-02-25,372.5,539.0,29.229999542236328,1.0849199295043945
2020-02-26,370.5,540.25,29.06999969482422,1.0881996154785156
2020-02-27,364.5,529.25,28.829999923706055,1.0885894298553467
2020-02-28,366.5,529.0,28.309999465942383,1.0997228622436523
2020-03-02,374.75,526.25,28.56999969482422,1.1051311492919922
2020-03-03,381.75,528.75,28.84000015258789,1.1144047975540161
2020-03-04,387.0,521.5,29.440000534057617,1.118067979812622
2020-03-05,384.5,524.25,29.100000381469727,1.113908290863037
2020-03-06,377.25,521.25,28.479999542236328,1.1223849058151245
2020-03-09,374.25,522.25,27.309999465942383,1.1386020183563232
2020-03-10,380.0,526.75,27.440000534057617,1.1397960186004639
2020-03-11,379.25,517.25,27.299999237060547,1.1316505670547485
2020-03-12,369.75,508.25,26.149999618530273,1.1261515617370605
2020-03-13,370.75,514.75,26.110000610351562,1.1184931993484497
2020-03-16,354.75,498.0,24.989999771118164,1.115536093711853
2020-03-17,344.0,499.25,25.239999771118164,1.1163206100463867
2020-03-18,335.25,508.25,25.040000915527344,1.101552128791809
2020-03-19,345.5,535.0,25.479999542236328,1.0961546897888184
2020-03-20,343.75,539.25,25.639999389648438,1.0657345056533813
2020-03-23,343.5,562.5,26.139999389648438,1.0694386959075928
2020-03-24,347.25,561.5,26.549999237060547,1.0764610767364502
2020-03-25,348.5,580.0,26.639999389648438,1.080263614654541
2020-03-26,348.75,569.0,26.5,1.0889569520950317
2020-03-27,346.0,571.25,26.850000381469727,1.1048258543014526
2020-03-30,341.25,569.5,26.8700008392334,1.113908290863037
2020-03-31,340.75,568.75,27.010000228881836,1.1030466556549072
2020-04-01,334.75,550.25,26.049999237060547,1.102657437324524
2020-04-02,333.5,541.75,26.239999771118164,1.0953621864318848
2020-04-03,330.75,549.25,26.43000030517578,1.0847399234771729
2020-04-06,327.75,555.75,26.829999923706055,1.0806955099105835
2020-04-07,331.5,549.25,27.479999542236328,1.0803803205490112
2020-04-08,330.0,548.25,27.18000030517578,1.0895144939422607
2020-04-09,331.75,556.5,27.40999984741211,1.0863661766052246
2020-04-10,,,,1.0927408933639526
2020-04-13,331.5,555.0,26.899999618530273,1.0932666063308716
2020-04-14,326.0,548.75,26.739999771118164,1.0922993421554565
2020-04-15,319.25,540.25,26.549999237060547,1.098538875579834
2020-04-16,319.75,529.75,26.299999237060547,1.0905101299285889
2020-04-17,322.25,533.5,26.290000915527344,1.0858471393585205
2020-04-20,314.25,548.75,25.979999542236328,1.0866966247558594
2020-04-21,309.25,546.75,25.350000381469727,1.0864840745925903
2020-04-22,317.5,543.0,25.56999969482422,1.0856467485427856
2020-04-23,319.25,547.0,25.610000610351562,1.080964207649231
2020-04-24,315.75,526.75,25.049999237060547,1.077702283859253
2020-04-27,305.5,521.0,24.989999771118164,1.08236825466156
2020-04-28,302.75,526.75,25.299999237060547,1.0824854373931885
2020-04-29,304.5,519.5,25.780000686645508,1.0836584568023682
2020-04-30,311.5,529.75,26.229999542236328,1.087725043296814
2020-05-01,311.5,521.5,26.139999389648438,1.094546914100647
2020-05-04,310.75,524.25,25.799999237060547,1.0959625244140625
2020-05-05,313.0,525.5,25.969999313354492,1.0904293060302734
2020-05-06,311.75,524.75,25.520000457763672,1.0838581323623657
2020-05-07,316.0,529.0,25.940000534057617,1.0798553228378296
2020-05-08,319.0,529.5,26.229999542236328,1.0837171077728271
2020-05-11,318.5,524.75,26.190000534057617,1.0839520692825317
2020-05-12,323.75,521.75,25.979999542236328,1.080940842628479
2020-05-13,320.25,510.5,25.6299991607666,1.0846810340881348
2020-05-14,320.25,510.5,25.920000076293945,1.08236825466156
2020-05-15,319.25,500.25,26.579999923706055,1.0806955099105835
2020-05-18,320.75,497.0,27.31999969482422,1.0821340084075928
2020-05-19,321.25,498.75,27.09000015258789,1.0915124416351318
2020-05-20,319.5,513.75,27.360000610351562,1.0927767753601074
2020-05-21,317.75,516.0,27.110000610351562,1.0982975959777832
2020-05-22,318.0,508.75,26.639999389648438,1.0952903032302856
2020-05-25,,,,1.0907801389694214
2020-05-26,319.0,506.75,27.270000457763672,1.0902997255325317
2020-05-27,320.5,504.5,27.600000381469727,1.0981770753860474
2020-05-28,327.5,514.5,27.389999389648438,1.1016855239868164
2020-05-29,325.75,520.75,27.3799991607666,1.1079105138778687
2020-06-01,323.25,515.25,27.600000381469727,1.1118524074554443
2020-06-02,324.25,508.0,27.940000534057617,1.1125946044921875
2020-06-03,324.0,512.0,27.860000610351562,1.118943691253662
2020-06-04,329.0,523.75,27.81999969482422,1.1235954761505127
2020-06-05,331.25,515.25,28.139999389648438,1.1337867975234985
2020-06-08,333.75,511.5,28.100000381469727,1.1319515705108643
2020-06-09,327.5,504.5,28.229999542236328,1.1305567026138306
2020-06-10,326.25,506.25,28.0,1.1332215070724487
2020-06-11,329.75,499.25,27.5,1.1365444660186768
2020-06-12,330.0,502.0,27.5,1.1288082599639893
2020-06-15,329.25,504.75,27.739999771118164,1.1252011060714722
2020-06-16,329.0,496.0,27.989999771118164,1.1337740421295166
2020-06-17,330.25,488.75,28.100000381469727,1.1265701055526733
2020-06-18,331.0,483.5,28.059999465942383,1.1242902278900146
2020-06-19,332.5,481.25,28.520000457763672,1.1211000680923462
2020-06-22,328.25,485.0,28.350000381469727,1.1177555322647095
2020-06-23,325.0,486.0,28.170000076293945,1.1279679536819458
2020-06-24,324.25,481.25,27.649999618530273,1.1312345266342163
2020-06-25,317.25,486.75,27.540000915527344,1.1250872611999512
2020-06-26,317.0,474.0,27.200000762939453,1.1222084760665894
2020-06-29,326.25,485.5,27.6200008392334,1.1225864887237549
2020-06-30,338.5,490.0,27.979999542236328,1.1247202157974243
2020-07-01,348.25,498.75,28.209999084472656,1.1235954761505127
2020-07-02,342.5,490.0,27.959999084472656,1.1251378059387207
2020-07-03,,,,1.1237848997116089
2020-07-06,346.5,489.5,28.420000076293945,1.1247202157974243
2020-07-07,345.0,492.25,28.760000228881836,1.1312856674194336
2020-07-08,348.25,517.5,28.459999084472656,1.1275228261947632
2020-07-09,351.25,526.25,28.190000534057617,1.1339154243469238
2020-07-10,340.5,535.75,28.110000610351562,1.1287955045700073
2020-07-13,334.0,524.75,27.969999313354492,1.1310042142868042
2020-07-14,334.75,524.75,28.479999542236328,1.134549617767334
2020-07-15,326.25,550.75,28.799999237060547,1.1410704851150513
2020-07-16,330.25,535.25,29.270000457763672,1.1417193412780762
2020-07-17,333.0,534.75,29.920000076293945,1.139211654663086
2020-07-20,328.25,522.0,29.93000030517578,1.1442956924438477
2020-07-21,322.75,527.75,30.06999969482422,1.1458691358566284
2020-07-22,327.5,534.5,29.93000030517578,1.15340256690979
2020-07-23,328.0,529.5,29.790000915527344,1.1568717956542969
2020-07-24,326.25,539.5,29.799999237060547,1.1596084833145142
2020-07-27,325.0,527.75,29.600000381469727,1.1652567386627197
2020-07-28,320.0,523.5,29.420000076293945,1.1769275665283203
2020-07-29,315.5,532.75,29.670000076293945,1.171879529953003
2020-07-30,315.75,529.5,29.979999542236328,1.1782865524291992
2020-07-31,316.0,531.25,30.90999984741211,1.1872254610061646
2020-08-03,317.5,521.0,31.670000076293945,1.1782310009002686
2020-08-04,308.25,508.25,31.530000686645508,1.1763322353363037
2020-08-05,311.0,510.75,31.700000762939453,1.181544303894043
2020-08-06,311.25,501.25,31.520000457763672,1.187281847000122
2020-08-07,307.75,495.5,31.350000381469727,1.1876484155654907
2020-08-10,310.5,491.0,31.190000534057617,1.1782727241516113
2020-08-11,311.5,495.0,31.059999465942383,1.1737778186798096
2020-08-12,314.5,491.25,32.0,1.1736538410186768
2020-08-13,325.25,496.75,31.600000381469727,1.179380178451538
2020-08-14,324.5,500.0,31.530000686645508,1.1816558837890625
2020-08-17,331.0,516.5,31.299999237060547,1.1852554082870483
2020-08-18,327.0,507.5,31.579999923706055,1.1876484155654907
2020-08-19,325.0,512.0,31.670000076293945,1.1947859525680542
2020-08-20,324.5,519.5,31.299999237060547,1.1843500137329102
2020-08-21,327.0,527.25,31.40999984741211,1.1873664855957031
2020-08-24,331.75,520.75,31.65999984741211,1.1798018217086792
2020-08-25,340.75,527.25,31.979999542236328,1.1794538497924805
2020-08-26,340.5,532.0,32.2400016784668,1.183501958847046
2020-08-27,344.25,542.5,33.310001373291016,1.1842728853225708
2020-08-28,346.0,539.25,33.38999938964844,1.1819632053375244
2020-08-31,348.5,544.25,32.959999084472656,1.1918240785598755
2020-09-01,349.5,555.75,33.119998931884766,1.193901538848877
2020-09-02,349.75,547.75,33.66999816894531,1.1923214197158813
2020-09-03,344.5,543.25,33.470001220703125,1.184735894203186
2020-09-04,347.25,539.75,33.08000183105469,1.1839784383773804
2020-09-07,,,,1.183445930480957
2020-09-08,351.0,533.25,33.56999969482422,1.1821727752685547
2020-09-09,350.0,534.0,33.209999084472656,1.177024483680725
2020-09-10,357.25,540.0,33.130001068115234,1.1806375980377197
2020-09-11,365.0,533.75,33.7400016784668,1.1824384927749634
2020-09-14,357.5,548.5,34.279998779296875,1.1842728853225708
2020-09-15,366.0,538.25,34.08000183105469,1.187000036239624
2020-09-16,371.75,542.0,34.939998626708984,1.1844412088394165
2020-09-17,375.25,556.25,34.90999984741211,1.1803449392318726
2020-09-18,378.5,575.0,35.22999954223633,1.1848200559616089
2020-09-21,369.75,554.75,34.27000045776367,1.1845533847808838
2020-09-22,369.25,558.0,33.66999816894531,1.176800012588501
2020-09-23,368.5,549.0,32.689998626708984,1.1708368062973022
2020-09-24,363.5,549.75,32.36000061035156,1.1658544540405273
2020-09-25,365.25,544.25,32.84000015258789,1.1673243045806885
2020-09-28,366.75,550.25,33.290000915527344,1.1635348796844482
2020-09-29,364.75,549.5,32.869998931884766,1.167883276939392
2020-09-30,379.0,578.0,33.369998931884766,1.1742050647735596
2020-10-01,382.75,570.25,32.650001525878906,1.1726078987121582
2020-10-02,379.75,573.25,31.940000534057617,1.1744946241378784
2020-10-05,379.5,584.25,32.810001373291016,1.1720443964004517
2020-10-06,385.0,592.75,33.290000915527344,1.1792453527450562
2020-10-07,388.75,607.5,33.310001373291016,1.1737639904022217
2020-10-08,387.0,595.25,33.2400016784668,1.176747441291809
2020-10-09,395.0,593.75,34.150001525878906,1.1767003536224365
2020-10-12,389.0,594.25,33.13999938964844,1.181683897972107
2020-10-13,391.25,594.0,33.720001220703125,1.1816140413284302
2020-10-14,396.5,596.75,33.720001220703125,1.1742188930511475
2020-10-15,403.75,618.25,33.16999816894531,1.1743981838226318
2020-10-16,402.0,625.25,32.9900016784668,1.1707134246826172
2020-10-19,405.25,627.0,32.529998779296875,1.1715501546859741
2020-10-20,408.75,632.0,33.310001373291016,1.176885962486267
2020-10-21,413.75,629.75,33.20000076293945,1.1829839944839478
2020-10-22,416.25,622.75,33.689998626708984,1.1853959560394287
2020-10-23,419.25,632.75,34.11000061035156,1.1815024614334106
2020-10-26,417.75,620.0,34.459999084472656,1.1848480701446533
2020-10-27,416.0,615.75,34.11000061035156,1.1809443235397339
2020-10-28,401.5,608.75,33.41999816894531,1.1784114837646484
2020-10-29,398.5,603.75,33.060001373291016,1.1748672723770142
2020-10-30,398.5,598.5,33.61000061035156,1.1678695678710938
2020-11-02,397.5,607.5,33.189998626708984,1.1642121076583862
2020-11-03,401.0,608.0,33.779998779296875,1.1642799377441406
2020-11-04,405.25,606.0,34.38999938964844,1.176221489906311
2020-11-05,409.25,609.25,35.470001220703125,1.17326819896698
2020-11-06,406.75,602.0,35.34000015258789,1.1817537546157837
2020-11-09,407.5,597.5,35.47999954223633,1.1893010139465332
2020-11-10,423.0,608.5,36.060001373291016,1.182732105255127
2020-11-11,417.25,598.0,37.130001068115234,1.1818794012069702
2020-11-12,408.25,588.25,37.04999923706055,1.1780297756195068
2020-11-13,410.5,593.5,37.130001068115234,1.1803393363952637
2020-11-16,416.25,598.0,37.43000030517578,1.1845253705978394
2020-11-17,420.25,595.25,37.5,1.1859441995620728
2020-11-18,425.75,597.75,38.459999084472656,1.186366319656372
2020-11-19,422.5,591.75,38.810001373291016,1.1847639083862305
2020-11-20,423.25,593.25,38.65999984741211,1.1866477727890015
2020-11-23,426.5,598.75,38.54999923706055,1.1866477727890015
2020-11-24,425.75,611.25,38.060001373291016,1.1842728853225708
2020-11-25,420.0,588.25,38.18000030517578,1.1900511980056763
2020-11-26,,,,1.1920002698898315
2020-11-27,425.5,596.5,38.70000076293945,1.191599726676941
2020-11-30,419.75,580.25,37.880001068115234,1.1971460580825806
2020-12-01,414.75,565.5,37.400001525878906,1.193816065788269
2020-12-02,419.0,578.0,37.470001220703125,1.2074378728866577
2020-12-03,422.5,571.75,38.68000030517578,1.2114603519439697
2020-12-04,417.0,566.5,39.189998626708984,1.2145650386810303
2020-12-07,419.5,571.25,38.869998931884766,1.212135910987854
2020-12-08,417.0,563.75,38.279998779296875,1.2113136053085327
2020-12-09,422.0,577.0,38.7599983215332,1.2110936641693115
2020-12-10,420.25,590.25,38.959999084472656,1.207875370979309
2020-12-11,424.25,608.25,39.58000183105469,1.2144293785095215
2020-12-14,419.25,593.5,40.11000061035156,1.213340401649475
2020-12-15,424.75,599.75,39.189998626708984,1.214889645576477
2020-12-16,427.25,598.5,39.04999923706055,1.2154301404953003
2020-12-17,432.5,608.75,39.93000030517578,1.2199585437774658
2020-12-18,437.5,608.25,40.06999969482422,1.226271629333496
2020-12-21,440.0,611.25,39.959999084472656,1.221612811088562
2020-12-22,443.5,617.0,40.54999923706055,1.2236906290054321
2020-12-23,447.25,629.75,41.349998474121094,1.2186651229858398
2020-12-24,451.0,627.0,41.84000015258789,1.2191405296325684
2020-12-25,,,,1.2184720039367676
2020-12-28,456.5,614.25,41.720001220703125,1.2205095291137695
2020-12-29,466.0,618.5,42.47999954223633,1.2223445177078247
2020-12-30,474.5,640.75,42.66999816894531,1.225295066833496
2020-12-31,484.0,640.5,43.33000183105469,1.2299896478652954
2021-01-01,,,,1.218026876449585
2021-01-04,483.75,642.0,42.93000030517578,1.2250697612762451
2021-01-05,491.75,654.0,44.36000061035156,1.2251598834991455
2021-01-06,495.0,647.5,44.38999938964844,1.230027437210083
2021-01-07,494.0,642.25,44.349998474121094,1.2341108322143555
2021-01-08,496.25,638.75,43.7599983215332,1.227144479751587
2021-01-11,492.25,634.75,43.130001068115234,1.2186205387115479
2021-01-12,517.25,665.0,43.130001068115234,1.2160701751708984
2021-01-13,524.5,660.5,42.68000030517578,1.2208894491195679
2021-01-14,534.25,670.0,43.27000045776367,1.2162491083145142
2021-01-15,531.5,675.5,41.849998474121094,1.2151259183883667
2021-01-18,,,,1.2068113088607788
2021-01-19,526.0,672.25,41.70000076293945,1.207729458808899
2021-01-20,522.0,667.75,42.540000915527344,1.2138868570327759
2021-01-21,524.25,660.75,43.43000030517578,1.2115631103515625
2021-01-22,500.5,634.5,42.27000045776367,1.2166293859481812
2021-01-25,511.5,648.5,42.939998626708984,1.216944694519043
2021-01-26,532.25,665.25,43.90999984741211,1.214624047279358
2021-01-27,534.0,658.25,44.52000045776367,1.216299295425415
2021-01-28,534.5,647.0,44.650001525878906,1.2105072736740112
2021-01-29,547.0,663.0,44.619998931884766,1.2120037078857422
2021-02-01,549.25,651.0,44.970001220703125,1.2123857736587524
2021-02-02,543.0,644.75,44.31999969482422,1.2068694829940796
2021-02-03,552.0,648.25,44.47999954223633,1.203905463218689
2021-02-04,550.0,637.5,44.939998626708984,1.2042388916015625
2021-02-05,548.5,641.25,44.65999984741211,1.1966731548309326
2021-02-08,563.75,655.75,45.630001068115234,1.2048773765563965
2021-02-09,556.25,649.5,46.52000045776367,1.2053595781326294
2021-02-10,534.5,635.5,45.689998626708984,1.2119992971420288
2021-02-11,541.0,633.5,45.630001068115234,1.2121212482452393
2021-02-12,538.75,636.75,46.040000915527344,1.2131506204605103
2021-02-15,,,,1.2122093439102173
2021-02-16,552.25,657.5,47.27000045776367,1.2132196426391602
2021-02-17,553.0,644.0,46.77000045776367,1.2092483043670654
2021-02-18,550.25,662.5,46.90999984741211,1.2048004865646362
2021-02-19,542.75,650.75,47.54999923706055,1.209189772605896
2021-02-22,551.0,664.0,47.900001525878906,1.2126356363296509
2021-02-23,553.75,665.75,49.2599983215332,1.2166796922683716
2021-02-24,559.25,680.25,51.13999938964844,1.215214490890503
2021-02-25,554.75,671.75,50.959999084472656,1.2171372175216675
2021-02-26,555.5,655.0,51.34000015258789,1.2160420417785645
2021-03-01,547.5,643.75,50.77000045776367,1.208956003189087
2021-03-02,560.75,663.25,51.27000045776367,1.2051095962524414
2021-03-03,550.25,652.0,51.349998474121094,1.208546757698059
2021-03-04,546.25,649.75,52.380001068115234,1.2050660848617554
2021-03-05,562.0,654.0,53.380001068115234,1.1967735290527344
2021-03-08,565.0,646.5,54.060001373291016,1.1925631761550903
2021-03-09,562.0,656.5,55.150001525878906,1.185171127319336
2021-03-10,547.75,650.75,55.36000061035156,1.1897906064987183
2021-03-11,555.0,636.25,56.459999084472656,1.1926058530807495
2021-03-12,549.25,631.75,56.88999938964844,1.1986095905303955
2021-03-15,549.5,645.0,55.09000015258789,1.1950000524520874
2021-03-16,554.25,647.0,55.09000015258789,1.1925773620605469
2021-03-17,558.0,640.0,54.599998474121094,1.190164566040039
2021-03-18,546.5,630.5,53.52000045776367,1.1982792615890503
2021-03-19,557.75,627.0,53.869998931884766,1.1918240785598755
2021-03-22,549.0,627.25,56.369998931884766,1.1883116960525513
2021-03-23,551.25,634.75,57.02000045776367,1.193303108215332
2021-03-24,553.25,624.75,57.47999954223633,1.1840205192565918
2021-03-25,546.5,612.5,54.97999954223633,1.1813069581985474
2021-03-26,552.5,613.25,52.47999954223633,1.1776621341705322
2021-03-29,546.75,616.75,52.959999084472656,1.1788004636764526
2021-03-30,539.25,601.75,50.459999084472656,1.177100658416748
2021-03-31,564.25,618.0,52.91999816894531,1.1723604202270508
2021-04-01,559.75,611.0,52.130001068115234,1.1728830337524414
2021-04-02,,,,1.177994966506958
2021-04-05,553.25,618.0,52.810001373291016,1.176816701889038
2021-04-06,554.25,615.5,53.91999816894531,1.1818934679031372
2021-04-07,560.5,616.25,52.849998474121094,1.1874228715896606
2021-04-08,579.75,628.75,53.380001068115234,1.1873664855957031
2021-04-09,577.25,638.75,52.849998474121094,1.1915684938430786
2021-04-12,569.0,628.0,51.45000076293945,1.1900511980056763
2021-04-13,580.0,629.75,53.029998779296875,1.1914690732955933
2021-04-14,594.0,648.0,54.2400016784668,1.1954143047332764
2021-04-15,590.0,653.75,54.88999938964844,1.1986095905303955
2021-04-16,585.5,652.5,56.33000183105469,1.1971746683120728
2021-04-19,592.0,652.25,56.27000045776367,1.1969454288482666
2021-04-20,606.5,659.75,58.31999969482422,1.204529047012329
2021-04-21,625.5,673.25,60.189998626708984,1.2032392024993896
2021-04-22,650.5,710.25,62.52000045776367,1.2037750482559204
2021-04-23,655.5,710.25,62.709999084472656,1.2014753818511963
2021-04-26,680.5,739.5,65.20999908447266,1.2089852094650269
2021-04-27,695.5,733.75,66.44999694824219,1.2081671953201294
2021-04-28,686.25,725.25,68.94999694824219,1.2090305089950562
2021-04-29,702.0,737.5,65.98999786376953,1.213592290878296
2021-04-30,740.0,742.5,68.45999908447266,1.2127091884613037
2021-05-03,732.25,725.5,68.30999755859375,1.2027760744094849
2021-05-04,744.75,737.0,67.94999694824219,1.2061271667480469
2021-05-05,753.25,755.75,66.73999786376953,1.2015043497085571
2021-05-06,759.5,764.25,66.25,1.2007973194122314
2021-05-07,772.75,773.5,66.37999725341797,1.2068549394607544
2021-05-10,748.0,742.5,66.0999984741211,1.2171076536178589
2021-05-11,759.5,759.75,67.05999755859375,1.2140932083129883
2021-05-12,757.5,754.75,68.66000366210938,1.2144500017166138
2021-05-13,719.0,726.5,68.04000091552734,1.2078505754470825
2021-05-14,685.0,727.25,68.41000366210938,1.207729458808899
2021-05-17,652.5,699.75,68.97000122070312,1.2150373458862305
2021-05-18,658.25,698.0,68.66999816894531,1.2156872749328613
2021-05-19,658.25,679.25,66.47000122070312,1.2223997116088867
2021-05-20,664.5,675.25,65.76000213623047,1.217285394668579
2021-05-21,659.5,674.25,65.48999786376953,1.222538709640503
2021-05-24,657.25,662.25,65.12999725341797,1.2183235883712769
2021-05-25,620.25,656.5,66.69000244140625,1.2214635610580444
2021-05-26,624.5,648.5,65.68000030517578,1.2249093055725098
2021-05-27,664.5,676.25,66.80999755859375,1.21925950050354
2021-05-28,656.75,663.5,65.79000091552734,1.2193188667297363
2021-05-31,,,,1.2190067768096924
2021-06-01,688.75,693.5,67.38999938964844,1.223286509513855
2021-06-02,675.0,687.5,70.37999725341797,1.2217769622802734
2021-06-03,662.0,676.25,68.8499984741211,1.220986247062683
2021-06-04,682.75,687.75,71.33999633789062,1.2133007049560547
2021-06-07,679.25,680.0,70.83000183105469,1.2168411016464233
2021-06-08,680.0,685.0,72.08000183105469,1.2193634510040283
2021-06-09,690.75,682.25,71.58999633789062,1.217285394668579
2021-06-10,699.0,683.75,70.45999908447266,1.218200445175171
2021-06-11,684.5,680.75,66.9800033569336,1.2172558307647705
2021-06-14,659.25,674.5,65.95999908447266,1.2110203504562378
2021-06-15,667.5,661.5,65.56999969482422,1.212224006652832
2021-06-16,673.0,662.75,62.06999969482422,1.2127091884613037
2021-06-17,633.0,639.0,56.56999969482422,1.1995586156845093
2021-06-18,655.25,662.75,58.119998931884766,1.1913414001464844
2021-06-21,659.25,661.5,60.33000183105469,1.1873664855957031
2021-06-22,659.75,651.0,60.66999816894531,1.1912561655044556
2021-06-23,664.25,661.25,62.130001068115234,1.1936734914779663
2021-06-24,653.25,651.25,62.70000076293945,1.1933174133300781
2021-06-25,636.5,637.0,59.709999084472656,1.1930327415466309
2021-06-28,675.5,646.0,62.310001373291016,1.1942152976989746
2021-06-29,694.5,639.75,64.1500015258789,1.1928904056549072
2021-06-30,720.0,671.5,65.16000366210938,1.1901928186416626
2021-07-01,719.75,658.5,65.04000091552734,1.1856770515441895
2021-07-02,697.25,645.75,66.81999969482422,1.1846235990524292
2021-07-05,,,,1.1856207847595215
2021-07-06,656.0,620.0,63.83000183105469,1.186380386352539
2021-07-07,652.5,614.75,64.76000213623047,1.1824523210525513
2021-07-08,638.0,612.25,64.25,1.17933988571167
2021-07-09,629.75,608.5,62.40999984741211,1.184800386428833
2021-07-12,669.25,635.0,64.98999786376953,1.187295913696289
2021-07-13,677.0,628.75,66.62999725341797,1.186521053314209
2021-07-14,683.0,645.0,66.62999725341797,1.1775373220443726
2021-07-15,564.25,672.0,67.30999755859375,1.1833338737487793
2021-07-16,556.0,692.5,68.30999755859375,1.1811814308166504
2021-07-19,556.0,697.75,66.69000244140625,1.1814005374908447
2021-07-20,571.75,700.5,67.0199966430664,1.1793843507766724
2021-07-21,571.75,710.75,65.45999908447266,1.1784114837646484
2021-07-22,564.5,692.25,65.0,1.179273009300232
2021-07-23,547.25,684.0,65.66000366210938,1.1772738695144653
2021-07-26,549.75,677.0,66.43000030517578,1.1773432493209839
2021-07-27,548.75,674.5,66.26000213623047,1.1807769536972046
2021-07-28,549.25,688.75,66.55000305175781,1.1823126077651978
2021-07-29,558.0,705.25,66.93000030517578,1.1845955848693848
2021-07-30,547.0,703.75,65.81999969482422,1.1892997026443481
2021-08-02,558.75,729.5,64.62000274658203,1.186704158782959
2021-08-03,550.5,724.5,63.27000045776367,1.1874650716781616
2021-08-04,545.75,717.25,62.77000045776367,1.1869436502456665
2021-08-05,555.75,712.75,62.470001220703125,1.1837401390075684
2021-08-06,555.0,719.0,63.40999984741211,1.1835720539093018
2021-08-09,550.25,711.25,65.72000122070312,1.1749500036239624
2021-08-10,549.25,727.0,65.41000366210938,1.17384672164917
2021-08-11,556.25,727.0,63.529998779296875,1.172333002090454
2021-08-12,567.0,753.5,63.5099983215332,1.1741899251937866
2021-08-13,568.25,762.25,63.5099983215332,1.173626184463501
2021-08-16,564.75,760.5,63.290000915527344,1.179467797279358
2021-08-17,558.25,734.5,62.540000915527344,1.177994966506958
2021-08-18,561.75,737.25,61.93000030517578,1.1709738969802856
2021-08-19,550.0,727.5,60.599998474121094,1.1703298091888428
2021-08-20,538.75,714.25,57.4900016784668,1.1676595211029053
2021-08-23,538.0,719.75,59.25,1.1697548627853394
2021-08-24,544.5,718.0,61.09000015258789,1.1744533777236938
2021-08-25,551.25,711.25,61.88999938964844,1.175309181213379
2021-08-26,552.75,725.25,61.33000183105469,1.1774401664733887
2021-08-27,558.0,718.5,61.29999923706055,1.1756407022476196
2021-08-30,540.25,708.75,60.279998779296875,1.1799006462097168
2021-08-31,534.0,706.75,59.36000061035156,1.1796904802322388
2021-09-01,515.5,701.0,58.310001373291016,1.1810280084609985
2021-09-02,516.25,704.0,59.0099983215332,1.1840906143188477
2021-09-03,508.0,714.5,59.0,1.1876484155654907
2021-09-06,,,,1.1885942220687866
2021-09-07,495.75,708.75,57.7599983215332,1.1875073909759521
2021-09-08,498.25,698.25,57.45000076293945,1.184356927871704
2021-09-09,496.0,681.5,56.02000045776367,1.1819101572036743
2021-09-10,502.75,675.0,55.7400016784668,1.1825922727584839
2021-09-13,496.75,674.5,55.79999923706055,1.1811953783035278
2021-09-14,503.0,685.0,56.68000030517578,1.1811953783035278
2021-09-15,533.5,712.25,58.310001373291016,1.1804981231689453
2021-09-16,529.5,713.0,56.83000183105469,1.1819995641708374
2021-09-17,527.25,708.75,56.290000915527344,1.176747441291809
2021-09-20,521.75,700.75,54.90999984741211,1.1729930639266968
2021-09-21,517.0,690.25,55.31999969482422,1.1730204820632935
2021-09-22,525.5,705.75,56.38999938964844,1.17229163646698
2021-09-23,529.25,717.75,57.099998474121094,1.168770432472229
2021-09-24,526.75,723.75,57.970001220703125,1.1740258932113647
2021-09-27,539.5,722.25,58.29999923706055,1.1723054647445679
2021-09-28,532.5,706.5,57.77000045776367,1.1696795225143433
2021-09-29,539.0,710.25,57.779998779296875,1.1686338186264038
2021-09-30,536.75,725.5,58.790000915527344,1.1601601839065552
2021-10-01,541.5,755.25,58.61000061035156,1.1574475765228271
2021-10-04,540.75,756.5,58.56999969482422,1.160725712776184
2021-10-05,537.5,744.75,60.88999938964844,1.1618449687957764
2021-10-06,532.25,746.0,60.06999969482422,1.1596084833145142
2021-10-07,534.0,741.25,61.900001525878906,1.1555349826812744
2021-10-08,530.5,734.0,61.33000183105469,1.1559758186340332
2021-10-11,533.0,731.75,60.290000915527344,1.1566041707992554
2021-10-12,522.5,734.0,58.619998931884766,1.1553747653961182
2021-10-13,512.25,718.75,59.36000061035156,1.15340256690979
2021-10-14,516.75,724.75,59.939998626708984,1.1599582433700562
2021-10-15,525.75,734.0,61.290000915527344,1.159151554107666
2021-10-18,532.75,736.25,62.02000045776367,1.1597026586532593
2021-10-19,530.25,736.0,62.38999938964844,1.161386251449585
2021-10-20,539.25,749.25,64.69999694824219,1.1631964445114136
2021-10-21,532.25,741.25,62.58000183105469,1.1655012369155884
2021-10-22,538.0,756.0,62.09000015258789,1.1625338792800903
2021-10-25,538.0,759.5,63.13999938964844,1.1640088558197021
2021-10-26,543.5,752.25,62.310001373291016,1.161170482635498
2021-10-27,557.25,759.75,61.41999816894531,1.1598236560821533
2021-10-28,562.75,772.5,60.869998931884766,1.1600120067596436
2021-10-29,568.25,772.75,61.27000045776367,1.1683608293533325
2021-11-01,579.0,797.25,61.970001220703125,1.1556684970855713
2021-11-02,573.0,791.5,61.9900016784668,1.1599582433700562
2021-11-03,564.0,781.0,61.029998779296875,1.1579434871673584
2021-11-04,559.25,773.75,59.58000183105469,1.1615750789642334
2021-11-05,553.0,766.5,58.779998779296875,1.1555349826812744
2021-11-08,551.5,768.0,58.04999923706055,1.1568851470947266
2021-11-09,554.75,778.5,58.470001220703125,1.159151554107666
2021-11-10,569.25,803.0,59.13999938964844,1.1595547199249268
2021-11-11,569.5,812.5,59.13999938964844,1.148593544960022
2021-11-12,577.25,817.0,58.970001220703125,1.145081877708435
2021-11-15,576.5,826.25,58.20000076293945,1.144164800643921
2021-11-16,571.0,810.25,59.16999816894531,1.1366478204727173
2021-11-17,575.25,822.25,59.22999954223633,1.1321182250976562
2021-11-18,573.0,820.0,59.16999816894531,1.1321182250976562
2021-11-19,570.75,823.0,58.15999984741211,1.1368415355682373
2021-11-22,576.75,845.75,59.40999984741211,1.1275737285614014
2021-11-23,580.5,856.0,60.13999938964844,1.12421452999115
2021-11-24,579.75,836.75,60.939998626708984,1.1244926452636719
2021-11-25,,,,1.1202975511550903
2021-11-26,586.75,825.5,59.02000045776367,1.1209630966186523
2021-11-29,581.0,807.5,58.2599983215332,1.1293182373046875
2021-11-30,567.0,773.75,55.11000061035156,1.1293437480926514
2021-12-01,572.0,778.5,55.04999923706055,1.1330289840698242
2021-12-02,577.0,806.5,56.22999954223633,1.1319515705108643
2021-12-03,586.0,794.5,57.099998474121094,1.1306205987930298
2021-12-06,583.5,797.0,57.790000915527344,1.1304799318313599
2021-12-07,586.25,799.25,57.040000915527344,1.128668189048767
2021-12-08,584.75,791.25,55.459999084472656,1.1276500225067139
2021-12-09,588.5,773.5,54.790000915527344,1.1345586776733398
2021-12-10,588.5,782.0,53.59000015258789,1.1293309926986694
2021-12-13,584.25,785.5,53.2400016784668,1.131183385848999
2021-12-14,588.75,785.5,52.0099983215332,1.1285407543182373
2021-12-15,585.75,756.0,53.470001220703125,1.1261261701583862
2021-12-16,591.25,770.5,54.650001525878906,1.1290758848190308
2021-12-17,593.25,775.0,53.880001068115234,1.1334141492843628
2021-12-20,591.0,777.75,52.939998626708984,1.1243535280227661
2021-12-21,598.25,799.0,53.900001525878906,1.1277517080307007
2021-12-22,602.5,814.0,54.83000183105469,1.128757357597351
2021-12-23,605.75,814.75,55.439998626708984,1.1328877210617065
2021-12-24,,,,1.132733702659607
2021-12-27,614.75,804.0,56.720001220703125,1.1324259042739868
2021-12-28,604.75,783.5,56.54999923706055,1.1330032348632812
2021-12-29,605.5,787.75,56.70000076293945,1.1314777135849
2021-12-30,596.0,779.75,55.849998474121094,1.1360150575637817
2021-12-31,593.25,770.75,56.29999923706055,1.132502794265747
2022-01-03,589.25,758.0,56.209999084472656,1.1373459100723267
2022-01-04,609.5,770.0,58.13999938964844,1.1302244663238525
2022-01-05,602.25,760.75,59.31999969482422,1.1283625364303589
2022-01-06,603.75,746.0,58.779998779296875,1.1313496828079224
2022-01-07,606.75,758.5,58.630001068115234,1.1296881437301636
2022-01-10,599.75,762.0,57.88999938964844,1.1353960037231445
2022-01-11,601.0,770.25,58.88999938964844,1.1330417394638062
2022-01-12,599.0,757.75,59.279998779296875,1.1366478204727173
2022-01-13,587.5,746.75,58.18000030517578,1.144164800643921
2022-01-14,596.25,741.5,58.150001525878906,1.1457115411758423
2022-01-17,,,,1.1410704851150513
2022-01-18,599.5,769.0,59.08000183105469,1.1410574913024902
2022-01-19,610.5,796.5,60.7599983215332,1.1329647302627563
2022-01-20,611.0,790.25,62.880001068115234,1.1343399286270142
2022-01-21,616.25,780.0,63.0,1.1313753128051758
2022-01-24,621.0,800.5,61.970001220703125,1.1341469287872314
2022-01-25,620.0,818.0,62.5099983215332,1.1324130296707153
2022-01-26,627.0,795.0,63.93000030517578,1.130454421043396
2022-01-27,625.25,777.0,64.33999633789062,1.1243535280227661
2022-01-28,636.0,786.25,65.2699966430664,1.1147029399871826
2022-01-31,626.0,761.25,64.81999969482422,1.1152374744415283
2022-02-01,634.75,769.0,65.83000183105469,1.12296462059021
2022-02-02,622.5,755.0,65.9800033569336,1.1273956298828125
2022-02-03,616.75,751.75,65.75,1.1299946308135986
2022-02-04,620.5,763.25,65.36000061035156,1.14357590675354
2022-02-07,635.25,768.75,65.33999633789062,1.145514726638794
2022-02-08,632.25,778.75,63.349998474121094,1.1442956924438477
2022-02-09,646.75,785.0,64.0999984741211,1.142126202583313
2022-02-10,641.75,771.5,64.51000213623047,1.142152190208435
2022-02-11,651.0,797.75,65.72000122070312,1.1415525674819946
2022-02-14,655.75,799.25,65.80999755859375,1.1365057229995728
2022-02-15,638.0,779.75,65.62999725341797,1.1306334733963013
2022-02-16,647.0,780.5,66.97000122070312,1.1356796026229858
2022-02-17,650.0,798.0,66.80999755859375,1.1375269889831543
2022-02-18,654.25,797.0,67.56999969482422,1.1366478204727173
2022-02-21,,,,1.131721019744873
2022-02-22,674.75,844.25,70.1500015258789,1.1309658288955688
2022-02-23,683.75,876.0,70.72000122070312,1.13291335105896
2022-02-24,695.0,926.0,72.0,1.1305694580078125
2022-02-25,659.5,843.0,68.75,1.11906898021698
2022-02-28,697.5,928.0,72.88999938964844,1.118105411529541
2022-03-01,739.75,1001.75,76.80000305175781,1.1215918064117432
2022-03-02,739.0,1058.5,79.54000091552734,1.1132758855819702
2022-03-03,751.25,1289.0,78.30000305175781,1.1112345457077026
2022-03-04,756.5,1348.0,76.80000305175781,1.1066844463348389
2022-03-07,749.25,1425.25,78.1500015258789,1.087453007698059
2022-03-08,754.5,1273.0,79.68000030517578,1.0865312814712524
2022-03-09,735.0,1199.5,80.06999969482422,1.0898232460021973
2022-03-10,757.75,1073.75,80.8499984741211,1.107382893562317
2022-03-11,764.5,1090.0,82.18000030517578,1.1013944149017334
2022-03-14,728.25,1090.0,78.7300033569336,1.093206763267517
2022-03-15,758.0,1154.25,73.68000030517578,1.0943193435668945
2022-03-16,730.0,1069.25,73.55000305175781,1.0969363451004028
2022-03-17,754.5,1098.0,74.62999725341797,1.1021955013275146
2022-03-18,741.75,1063.75,72.29000091552734,1.1099518537521362
2022-03-21,756.25,1119.25,73.70999908447266,1.1043134927749634
2022-03-22,753.0,1118.25,74.54000091552734,1.101722002029419
2022-03-23,757.75,1105.75,75.97000122070312,1.1029735803604126
2022-03-24,748.25,1085.75,74.29000091552734,1.1006306409835815
2022-03-25,754.0,1102.25,74.75,1.1009578704833984
2022-03-28,748.5,1057.0,72.44999694824219,1.098189115524292
2022-03-29,726.25,1014.25,71.66000366210938,1.0993843078613281
2022-03-30,738.0,1027.25,72.22000122070312,1.1091516017913818
2022-03-31,748.75,1006.0,69.94000244140625,1.1161835193634033
2022-04-01,735.0,984.5,71.19999694824219,1.1072357892990112
2022-04-04,750.5,1010.25,72.33999633789062,1.1047282218933105
2022-04-05,759.75,1045.25,72.41000366210938,1.0975863933563232
2022-04-06,756.5,1038.25,71.83000183105469,1.090643286705017
2022-04-07,757.75,1020.0,73.0199966430664,1.0898232460021973
2022-04-08,768.75,1051.5,75.12000274658203,1.0864840745925903
2022-04-11,764.5,1081.25,74.30000305175781,1.0884946584701538
2022-04-12,776.25,1103.75,75.43000030517578,1.0877959728240967
2022-04-13,783.5,1113.5,78.11000061035156,1.0826143026351929
2022-04-14,790.25,1096.5,78.91000366210938,1.089656949043274
2022-04-15,,,,1.0820988416671753
2022-04-18,813.25,1120.5,79.98999786376953,1.081525444984436
2022-04-19,804.0,1099.0,80.20999908447266,1.0781787633895874
2022-04-20,815.75,1088.0,80.80999755859375,1.0794472694396973
2022-04-21,799.25,1068.0,81.5,1.0849870443344116
2022-04-22,793.0,1065.5,83.26000213623047,1.0835175514221191
2022-04-25,800.25,1062.0,82.73999786376953,1.0811045169830322
2022-04-26,803.25,1083.25,85.29000091552734,1.0714209079742432
2022-04-27,815.5,1080.0,87.80000305175781,1.0643619298934937
2022-04-28,816.0,1074.0,90.5999984741211,1.0555092096328735
2022-04-29,818.25,1043.75,89.16999816894531,1.0504201650619507
2022-05-02,813.0,1043.5,82.69999694824219,1.0535964965820312
2022-05-03,800.75,1033.75,84.30000305175781,1.0509058237075806
2022-05-04,798.5,1066.0,87.08000183105469,1.0528532266616821
2022-05-05,803.75,1096.0,86.5,1.0622477531433105
2022-05-06,792.25,1097.0,88.4000015258789,1.0539740324020386
2022-05-09,784.5,1083.25,87.18000030517578,1.053219199180603
2022-05-10,786.5,1083.25,87.95999908447266,1.056579828262329
2022-05-11,802.25,1108.75,89.44999694824219,1.0532968044281006
2022-05-12,813.5,1174.5,88.5199966430664,1.05124831199646
2022-05-13,794.5,1167.25,88.33999633789062,1.0379581451416016
2022-05-16,809.5,1247.5,82.98999786376953,1.0400632619857788
2022-05-17,800.75,1277.5,83.48999786376953,1.0438958406448364
2022-05-18,781.5,1230.75,80.55000305175781,1.0547856092453003
2022-05-19,783.25,1200.5,79.52999877929688,1.0472739934921265
2022-05-20,778.75,1168.75,80.93000030517578,1.057898759841919
2022-05-23,786.25,1190.0,80.47000122070312,1.0569819211959839
2022-05-24,771.75,1154.75,80.12000274658203,1.0682048797607422
2022-05-25,772.25,1148.25,78.91999816894531,1.0736525058746338
2022-05-26,765.0,1143.25,80.5199966430664,1.0686614513397217
2022-05-27,777.25,1157.5,79.56999969482422,1.0732953548431396
2022-05-30,,,,1.0731456279754639
2022-05-31,753.5,1087.5,77.91999816894531,1.0773539543151855
2022-06-01,731.25,1041.25,78.11000061035156,1.0734105110168457
2022-06-02,730.25,1058.25,81.44000244140625,1.0654165744781494
2022-06-03,727.0,1040.0,81.8499984741211,1.0751069784164429
2022-06-06,742.5,1093.0,81.19000244140625,1.0726046562194824
2022-06-07,757.0,1071.75,81.44000244140625,1.0691413879394531
2022-06-08,764.5,1074.75,82.94000244140625,1.0698620080947876
2022-06-09,773.0,1071.25,82.62999725341797,1.071765422821045
2022-06-10,773.25,1070.75,80.80999755859375,1.0619205236434937
2022-06-13,769.25,1071.0,79.51000213623047,1.0489987134933472
2022-06-14,768.25,1050.25,78.27999877929688,1.0415147542953491
2022-06-15,774.0,1050.0,77.66999816894531,1.0440592765808105
2022-06-16,788.25,1078.25,76.33999633789062,1.0456204414367676
2022-06-17,784.5,1034.25,73.79000091552734,1.0546854734420776
2022-06-20,,,,1.049141764640808
2022-06-21,760.75,975.25,73.37000274658203,1.0520778894424438
2022-06-22,768.0,976.5,70.66000366210938,1.053263545036316
2022-06-23,746.75,937.25,67.70999908447266,1.0564124584197998
2022-06-24,750.25,923.75,69.75,1.052011489868164
2022-06-27,744.25,904.0,70.81999969482422,1.0566133260726929
2022-06-28,759.5,921.25,72.08999633789062,1.0580891370773315
2022-06-29,770.25,915.5,72.5999984741211,1.0523545742034912
2022-06-30,743.75,868.75,69.93000030517578,1.04465913772583
2022-07-01,754.5,831.25,65.68000030517578,1.0477677583694458
2022-07-04,,,,1.0433948040008545
2022-07-05,736.0,793.75,60.52000045776367,1.0433186292648315
2022-07-06,744.25,792.25,60.220001220703125,1.0257673263549805
2022-07-07,747.0,824.5,63.16999816894531,1.0186411142349243
2022-07-08,778.25,879.25,64.06999969482422,1.0169836282730103
2022-07-11,781.25,843.75,65.20999908447266,1.0166114568710327
2022-07-12,732.75,801.5,61.40999984741211,1.004752516746521
2022-07-13,740.0,798.25,60.209999084472656,1.0033109188079834
2022-07-14,695.0,794.25,59.79999923706055,1.0032706260681152
2022-07-15,604.25,776.75,60.08000183105469,1.0025665760040283
2022-07-18,612.25,812.75,63.20000076293945,1.009631872177124
2022-07-19,596.75,812.25,61.88999938964844,1.0145177841186523
2022-07-20,592.25,819.5,60.029998779296875,1.0231330394744873
2022-07-21,575.75,806.25,58.599998474121094,1.0182781219482422
2022-07-22,564.25,759.0,60.31999969482422,1.0221081972122192
2022-07-25,580.0,770.0,60.0099983215332,1.0200231075286865
2022-07-26,597.0,803.75,60.41999816894531,1.022494912147522
2022-07-27,600.25,790.25,61.18000030517578,1.0129557847976685
2022-07-28,615.0,817.0,65.83999633789062,1.0209290981292725
2022-07-29,616.25,807.75,68.5999984741211,1.0192328691482544
2022-08-01,607.0,800.25,66.2300033569336,1.0208247900009155
2022-08-02,591.25,774.75,65.19999694824219,1.0261356830596924
2022-08-03,591.5,763.75,65.08000183105469,1.015568733215332
2022-08-04,602.25,782.5,66.04000091552734,1.015764594078064
2022-08-05,610.25,775.75,68.58999633789062,1.024779200553894
2022-08-08,608.5,779.75,69.19999694824219,1.0170871019363403
2022-08-09,615.5,781.5,69.69000244140625,1.0197629928588867
2022-08-10,621.25,799.75,70.55999755859375,1.0208144187927246
2022-08-11,629.25,810.75,71.97000122070312,1.0300782918930054
2022-08-12,639.75,806.0,71.97000122070312,1.0316723585128784
2022-08-15,626.75,800.75,68.94000244140625,1.0256409645080566
2022-08-16,611.0,786.0,67.83999633789062,1.0161981582641602
2022-08-17,615.0,763.25,67.41000366210938,1.0170663595199585
2022-08-18,619.75,731.5,66.26000213623047,1.0180189609527588
2022-08-19,626.0,753.25,67.9000015258789,1.0089900493621826
2022-08-22,633.5,770.5,68.7699966430664,1.0035223960876465
2022-08-23,660.0,782.75,69.58999633789062,0.9939467906951904
2022-08-24,665.75,795.0,68.7699966430664,0.9966909885406494
2022-08-25,657.5,769.75,69.08999633789062,0.9969095587730408
2022-08-26,668.75,784.75,70.81999969482422,0.9971283078193665
2022-08-29,683.75,820.0,70.9800033569336,0.993867814540863
2022-08-30,679.75,798.25,70.79000091552734,1.0014019012451172
2022-08-31,673.75,809.0,72.73999786376953,1.0025062561035156
2022-09-01,658.25,775.5,68.5199966430664,1.003905177116394
2022-09-02,669.0,793.0,71.5,0.995232880115509
2022-09-05,,,,0.9909427762031555
2022-09-06,680.75,800.0,68.95999908447266,0.9952229857444763
2022-09-07,676.75,826.5,67.7300033569336,0.9897951483726501
2022-09-08,674.5,810.5,68.86000061035156,0.9995701909065247
2022-09-09,698.5,853.25,70.25,1.0012015104293823
2022-09-12,712.25,841.25,71.91999816894531,1.0071406364440918
2022-09-13,709.0,842.75,71.95999908447266,1.0129557847976685
2022-09-14,709.0,853.75,68.51000213623047,0.9982032775878906
2022-09-15,677.5,845.0,66.79000091552734,0.9984025359153748
2022-09-16,677.25,859.75,68.66000366210938,0.9988313317298889
2022-09-19,678.25,830.5,68.0,1.002234935760498
2022-09-20,692.0,893.75,68.58999633789062,1.0029587745666504
2022-09-21,685.5,903.75,67.83000183105469,0.997078537940979
2022-09-22,688.25,910.75,69.43000030517578,0.983071506023407
2022-09-23,676.75,880.5,67.0,0.9841550588607788
2022-09-26,666.25,858.0,66.11000061035156,0.968992292881012
2022-09-27,667.5,871.5,65.66000366210938,0.9623712301254272
2022-09-28,670.5,903.25,65.5199966430664,0.9596191644668579
2022-09-29,669.5,896.25,67.4800033569336,0.9708172082901001
2022-09-30,677.5,921.5,65.3499984741211,0.9829555749893188
2022-10-03,680.75,912.0,66.87999725341797,0.9792688488960266
2022-10-04,683.0,903.0,68.62999725341797,0.9832068681716919
2022-10-05,684.0,902.0,69.0199966430664,0.998432457447052
2022-10-06,675.5,879.0,69.66999816894531,0.9910998940467834
2022-10-07,683.25,880.25,70.08000183105469,0.9789045453071594
2022-10-10,698.25,938.0,69.54000091552734,0.9735012650489807
2022-10-11,693.0,901.0,68.9800033569336,0.9710057377815247
2022-10-12,693.0,882.25,69.16999816894531,0.9700167775154114
2022-10-13,697.75,892.25,70.01000213623047,0.9707984328269958
2022-10-14,689.75,859.75,69.56999969482422,0.975134015083313
2022-10-17,683.5,861.0,66.83999633789062,0.973937451839447
2022-10-18,681.0,849.5,68.73999786376953,0.9846396446228027
2022-10-19,678.25,841.25,70.63999938964844,0.9863878488540649
2022-10-20,684.0,849.25,70.41999816894531,0.9766482710838318
2022-10-21,684.25,850.75,71.5,0.9778899550437927
2022-10-24,681.5,838.75,71.87000274658203,0.9860085844993591
2022-10-25,686.25,834.75,72.27999877929688,0.9886503219604492
2022-10-26,685.0,840.5,73.41999816894531,0.9963731169700623
2022-10-27,682.25,838.5,72.30000305175781,1.009193778038025
2022-10-28,680.75,829.25,71.79000091552734,0.9967803955078125
2022-10-31,691.5,882.25,73.20999908447266,0.9955002665519714
2022-11-01,697.75,902.5,73.37000274658203,0.9886307716369629
2022-11-02,687.5,846.0,75.61000061035156,0.9877909421920776
2022-11-03,679.25,840.5,75.29000091552734,0.9814409017562866
2022-11-04,681.0,847.75,77.16999816894531,0.9749630093574524
2022-11-07,675.75,845.75,76.33000183105469,0.9928810596466064
2022-11-08,667.5,827.75,75.02999877929688,1.0018634796142578
2022-11-09,664.5,806.5,75.54000091552734,1.008084774017334
2022-11-10,653.25,803.5,76.08999633789062,1.0019538402557373
2022-11-11,658.0,813.75,76.97000122070312,1.0192224979400635
2022-11-14,657.25,818.5,76.27999877929688,1.0328551530838013
2022-11-15,666.75,828.25,76.9800033569336,1.0319278240203857
2022-11-16,665.25,817.5,74.08000183105469,1.0357863903045654
2022-11-17,667.5,806.75,72.12999725341797,1.0395010709762573
2022-11-18,667.75,803.25,72.73999786376953,1.036172866821289
2022-11-21,659.5,799.25,73.0,1.0330898761749268
2022-11-22,656.75,791.5,73.83999633789062,1.0245691537857056
2022-11-23,663.25,793.5,74.91000366210938,1.0311086177825928
2022-11-24,,,,1.0416233539581299
2022-11-25,668.0,775.5,74.5199966430664,1.040810227394104
2022-11-28,668.75,756.75,76.06999969482422,1.0367528200149536
2022-11-29,665.75,757.75,76.54000091552734,1.034554123878479
2022-11-30,662.0,771.5,75.2300033569336,1.0324499607086182
2022-12-01,650.0,758.75,68.4000015258789,1.042535424232483
2022-12-02,635.0,737.25,67.58999633789062,1.052842140197754
2022-12-05,628.75,715.5,64.9000015258789,1.0544185638427734
2022-12-06,625.5,705.5,63.869998931884766,1.0496923923492432
2022-12-07,627.75,727.0,63.150001525878906,1.0469011068344116
2022-12-08,632.0,724.25,63.5,1.051325798034668
2022-12-09,634.75,712.75,62.20000076293945,1.0559661388397217
2022-12-12,641.25,733.0,64.38999938964844,1.0522217750549316
2022-12-13,643.75,728.75,66.30999755859375,1.0541739463806152
2022-12-14,639.0,728.25,66.30999755859375,1.062665343284607
2022-12-15,653.5,757.25,63.81999969482422,1.0676347017288208
2022-12-16,653.0,753.5,63.36000061035156,1.064056158065796
2022-12-19,647.25,748.5,64.41000366210938,1.05850350856781
2022-12-20,652.0,750.5,66.05000305175781,1.0614584684371948
2022-12-21,662.25,767.75,66.30999755859375,1.062699317932129
2022-12-22,660.5,762.25,65.80000305175781,1.0610079765319824
2022-12-23,666.25,776.0,65.93000030517578,1.060333013534546
2022-12-26,,,,1.0667804479599
2022-12-27,674.75,774.5,67.6500015258789,1.064022183418274
2022-12-28,682.75,785.5,65.80000305175781,1.0637166500091553
2022-12-29,679.5,774.0,66.4000015258789,1.062925100326538
2022-12-30,678.5,792.0,63.810001373291016,1.066075325012207
2023-01-02,,,,1.0709733963012695
2023-01-03,670.5,775.5,63.15999984741211,1.0677714347839355
2023-01-04,653.75,745.5,63.11000061035156,1.0546854734420776
2023-01-05,652.75,746.75,62.939998626708984,1.0606365203857422
2023-01-06,654.0,743.5,63.72999954223633,1.0522217750549316
2023-01-09,652.75,741.5,63.90999984741211,1.0656323432922363
2023-01-10,655.0,731.0,63.130001068115234,1.073318362236023
2023-01-11,656.0,740.0,62.38999938964844,1.0738946199417114
2023-01-12,671.0,742.75,63.25,1.0766000747680664
2023-01-13,675.0,743.75,63.25,1.0860239267349243
2023-01-16,,,,1.082461953163147
2023-01-17,685.25,751.75,63.84000015258789,1.0830129384994507
2023-01-18,681.25,742.5,64.12000274658203,1.0793308019638062
2023-01-19,677.25,734.5,63.150001525878906,1.0797853469848633
2023-01-20,676.25,741.5,61.970001220703125,1.083388328552246
2023-01-23,666.25,720.0,62.040000915527344,1.086507797241211
2023-01-24,677.0,734.5,60.97999954223633,1.0874292850494385
2023-01-25,674.75,741.25,60.540000915527344,1.088814616203308
2023-01-26,682.5,752.5,60.790000915527344,1.0922038555145264
2023-01-27,683.0,750.0,60.619998931884766,1.0894432067871094
2023-01-30,683.75,752.5,61.31999969482422,1.0871455669403076
2023-01-31,679.75,761.25,62.33000183105469,1.0850694179534912
2023-02-01,681.0,759.75,60.790000915527344,1.0860947370529175
2023-02-02,675.25,761.0,60.939998626708984,1.1012852191925049
2023-02-03,677.5,756.75,59.060001373291016,1.0905125141143799
2023-02-06,679.0,750.25,59.310001373291016,1.079086184501648
2023-02-07,674.0,749.75,60.88999938964844,1.0730764865875244
2023-02-08,678.5,764.75,60.58000183105469,1.0729728937149048
2023-02-09,670.75,757.25,59.040000915527344,1.0715816020965576
2023-02-10,680.5,786.0,60.540000915527344,1.0742292404174805
2023-02-13,685.0,792.0,60.13999938964844,1.0677714347839355
2023-02-14,682.25,786.0,60.400001525878906,1.0730419158935547
2023-02-15,676.25,769.25,61.2400016784668,1.0735719203948975
2023-02-16,676.0,765.0,61.900001525878906,1.0691757202148438
2023-02-17,677.75,765.5,61.5099983215332,1.0665756464004517
2023-02-20,,,,1.0684444904327393
2023-02-21,680.5,750.5,62.77000045776367,1.068261981010437
2023-02-22,674.0,736.5,62.83000183105469,1.065200924873352
2023-02-23,660.25,738.25,62.040000915527344,1.0605803728103638
2023-02-24,650.0,708.25,61.11000061035156,1.0598047971725464
2023-02-27,642.75,696.0,60.040000915527344,1.0554758310317993
2023-02-28,629.5,691.5,59.75,1.0611205101013184
2023-03-01,640.5,697.0,60.540000915527344,1.0577309131622314
2023-03-02,637.75,701.25,61.38999938964844,1.066894292831421
2023-03-03,645.25,695.75,60.61000061035156,1.0599732398986816
2023-03-06,644.5,682.5,59.880001068115234,1.0626201629638672
2023-03-07,642.0,684.75,58.15999984741211,1.0688328742980957
2023-03-08,634.5,674.5,58.4900016784668,1.05507493019104
2023-03-09,618.5,653.5,56.56999969482422,1.0549525022506714
2023-03-10,624.25,666.75,56.099998474121094,1.0584698915481567
2023-03-13,624.5,672.25,55.34000015258789,1.0683646202087402
2023-03-14,627.5,686.5,55.84000015258789,1.0725010633468628
2023-03-15,626.5,702.75,56.34000015258789,1.0727657079696655
2023-03-16,632.75,699.0,57.72999954223633,1.0583354234695435
2023-03-17,634.25,710.5,57.459999084472656,1.0614134073257446
2023-03-20,633.0,700.75,57.9900016784668,1.0678855180740356
2023-03-21,630.0,683.25,56.2400016784668,1.071914792060852
2023-03-22,633.5,663.5,54.63999938964844,1.0774236917495728
2023-03-23,631.75,662.0,52.16999816894531,1.0870392322540283
2023-03-24,643.0,688.5,53.27000045776367,1.0835057497024536
2023-03-27,648.25,698.0,54.54999923706055,1.077818512916565
2023-03-28,647.25,699.75,55.04999923706055,1.0807071924209595
2023-03-29,650.5,704.75,55.380001068115234,1.0839520692825317
2023-03-30,649.5,692.25,54.369998931884766,1.0843634605407715
2023-03-31,660.5,692.25,55.4900016784668,1.0904649496078491
2023-04-03,657.75,693.5,56.68000030517578,1.0803335905075073
2023-04-04,653.75,691.5,55.7400016784668,1.091226577758789
2023-04-05,652.75,682.0,55.220001220703125,1.0960105657577515
2023-04-06,643.5,675.5,54.529998779296875,1.090334177017212
2023-04-07,,,,1.0920130014419556
2023-04-10,654.0,678.5,54.47999954223633,1.0913575887680054
2023-04-11,651.0,674.0,54.88999938964844,1.086932897567749
2023-04-12,656.0,679.5,54.0,1.0917507410049438
2023-04-13,652.25,667.0,53.720001220703125,1.0999890565872192
2023-04-14,666.25,682.5,53.65999984741211,1.1054610013961792
2023-04-17,676.5,696.5,54.56999969482422,1.098659634590149
2023-04-18,677.5,698.0,55.36000061035156,1.0925379991531372
2023-04-19,672.25,681.75,55.02000045776367,1.0975382328033447
2023-04-20,663.75,667.75,54.43000030517578,1.095218300819397
2023-04-21,663.25,661.75,53.400001525878906,1.0970927476882935
2023-04-24,651.25,643.5,52.560001373291016,1.0992271900177002
2023-04-25,646.5,638.75,51.709999084472656,1.1059499979019165
2023-04-26,641.5,627.25,52.08000183105469,1.0978394746780396
2023-04-27,627.0,614.75,50.779998779296875,1.1047282218933105
2023-04-28,636.0,619.75,51.61000061035156,1.1032048463821411
2023-05-01,639.5,603.75,51.54999923706055,1.1010911464691162
2023-05-02,638.0,595.5,51.38999938964844,1.0969241857528687
2023-05-03,645.25,626.25,52.369998931884766,1.1010911464691162
2023-05-04,646.5,631.5,52.27000045776367,1.1068925857543945
2023-05-05,653.25,647.0,54.09000015258789,1.102292776107788
2023-05-08,656.5,641.0,53.34000015258789,1.10186767578125
2023-05-09,642.25,630.5,52.720001220703125,1.0996140241622925
2023-05-10,645.5,628.25,51.849998474121094,1.096467137336731
2023-05-11,632.5,614.25,50.90999984741211,1.098406195640564
2023-05-12,633.25,624.5,49.88999938964844,1.0912145376205444
2023-05-15,592.5,660.75,49.689998626708984,1.0852696895599365
2023-05-16,581.25,647.5,47.45000076293945,1.0873701572418213
2023-05-17,561.5,625.5,46.40999984741211,1.0865668058395386
2023-05-18,555.25,611.75,47.290000915527344,1.0838346481323242
2023-05-19,554.5,605.0,47.27000045776367,1.0775396823883057
2023-05-22,571.0,606.25,48.77000045776367,1.0822745561599731
2023-05-23,577.5,622.25,47.7599983215332,1.0811045169830322
2023-05-24,587.25,606.25,48.0,1.076971173286438
2023-05-25,590.75,604.25,48.52000045776367,1.0757315158843994
2023-05-26,604.0,616.0,48.81999969482422,1.0724436044692993
2023-05-29,,,,1.0723055601119995
2023-05-30,594.0,591.0,46.20000076293945,1.0707669258117676
2023-05-31,594.0,594.25,46.20000076293945,1.073306918144226
2023-06-01,592.5,610.75,47.86000061035156,1.0695186853408813
2023-06-02,609.0,619.0,49.5,1.0760787725448608
2023-06-05,597.5,624.0,49.2599983215332,1.0698620080947876
2023-06-06,608.0,627.75,50.91999816894531,1.0711798667907715
2023-06-07,604.25,616.75,50.470001220703125,1.0698047876358032
2023-06-08,610.25,626.25,52.5,1.0707440376281738
2023-06-09,604.25,630.25,54.59000015258789,1.078271746635437
2023-06-12,617.25,633.75,53.97999954223633,1.0750954151153564
2023-06-13,612.5,636.25,55.43000030517578,1.0762988328933716
2023-06-14,607.75,630.25,55.959999084472656,1.078934907913208
2023-06-15,623.25,661.5,58.43000030517578,1.084304690361023
2023-06-16,640.25,688.0,59.689998626708984,1.0945948362350464
2023-06-19,,,,1.0942115783691406
2023-06-20,643.75,695.75,59.630001068115234,1.0924304723739624
2023-06-21,671.0,734.5,55.630001068115234,1.0920368432998657
2023-06-22,660.5,739.0,55.77000045776367,1.0992635488510132
2023-06-23,630.75,733.25,57.939998626708984,1.0958904027938843
2023-06-26,637.25,724.25,59.5099983215332,1.0906671285629272
2023-06-27,623.0,685.0,60.54999923706055,1.091048002243042
2023-06-28,590.0,655.75,59.619998931884766,1.0957223176956177
2023-06-29,581.0,653.0,60.83000183105469,1.0915838479995728
2023-06-30,554.5,636.25,65.01000213623047,1.0868029594421387
2023-07-03,557.25,628.5,67.0199966430664,1.0907504558563232
2023-07-04,,,,1.091309905052185
2023-07-05,548.25,662.0,68.58000183105469,1.0884946584701538
2023-07-06,566.75,647.0,65.94999694824219,1.0856584310531616
2023-07-07,560.5,639.5,66.55000305175781,1.0890636444091797
2023-07-10,570.75,636.25,69.22000122070312,1.0969723463058472
2023-07-11,571.75,649.5,68.52999877929688,1.100594401359558
2023-07-12,549.75,621.25,68.68000030517578,1.101406455039978
2023-07-13,593.5,627.5,69.66999816894531,1.1144545078277588
2023-07-14,599.75,641.5,67.88999938964844,1.1223469972610474
2023-07-17,499.25,653.75,64.76000213623047,1.1227755546569824
2023-07-18,528.75,670.75,64.05000305175781,1.1237596273422241
2023-07-19,545.5,727.75,66.05000305175781,1.1228890419006348
2023-07-20,537.25,727.0,67.63999938964844,1.120523452758789
2023-07-21,527.0,697.5,69.4000015258789,1.113709807395935
2023-07-24,560.5,757.5,71.98999786376953,1.112532615661621
2023-07-25,557.5,760.25,72.55999755859375,1.1063170433044434
2023-07-26,540.25,720.0,70.2699966430664,1.1050456762313843
2023-07-27,533.25,712.75,68.61000061035156,1.1078368425369263
2023-07-28,521.0,704.25,67.5999984741211,1.0978755950927734
2023-07-31,504.0,665.75,65.58000183105469,1.1024264097213745
2023-08-01,497.0,652.25,67.08999633789062,1.0997591018676758
2023-08-02,488.25,640.0,67.30999755859375,1.1007881164550781
2023-08-03,480.75,627.0,66.98999786376953,1.0944151878356934
2023-08-04,484.25,633.0,68.0,1.095158338546753
2023-08-07,482.25,657.5,66.66000366210938,1.1002674102783203
2023-08-08,485.75,656.25,66.58000183105469,1.100315809249878
2023-08-09,481.0,635.0,66.79000091552734,1.0958904027938843
2023-08-10,483.25,637.75,66.5999984741211,1.0977671146392822
2023-08-11,474.5,626.75,66.33999633789062,1.0981649160385132
2023-08-14,475.75,616.0,66.31999969482422,1.094439148902893
2023-08-15,464.0,598.5,65.9000015258789,1.0909883975982666
2023-08-16,469.5,597.75,66.7699966430664,1.0904173851013184
2023-08-17,473.0,589.5,67.76000213623047,1.0874884128570557
2023-08-18,479.5,613.25,68.29000091552734,1.0874648094177246
2023-08-21,469.25,599.25,67.98999786376953,1.087559461593628
2023-08-22,466.5,601.75,65.20999908447266,1.0898351669311523
2023-08-23,476.25,612.5,66.1500015258789,1.0846692323684692
2023-08-24,472.25,604.0,65.54000091552734,1.086578607559204
2023-08-25,470.75,593.25,66.7300033569336,1.07991361618042
2023-08-28,478.5,588.0,66.9000015258789,1.0797386169433594
2023-08-29,469.5,569.75,66.55999755859375,1.0825556516647339
2023-08-30,461.75,576.75,65.54000091552734,1.0869210958480835
2023-08-31,461.0,573.0,65.5199966430664,1.0932546854019165
2023-09-01,464.75,567.5,66.55000305175781,1.0844104290008545
2023-09-04,,,,1.07758629322052
2023-09-05,471.0,572.5,66.0,1.0794472694396973
2023-09-06,471.5,581.0,65.3499984741211,1.0726161003112793
2023-09-07,470.75,571.5,63.86000061035156,1.0724204778671265
2023-09-08,468.5,567.25,63.150001525878906,1.0697818994522095
2023-09-11,471.25,556.0,63.150001525878906,1.071811318397522
2023-09-12,463.25,560.25,62.720001220703125,1.0750375986099243
2023-09-13,464.0,569.0,64.43000030517578,1.075326681137085
2023-09-14,462.5,567.5,64.43000030517578,1.0734220743179321
2023-09-15,476.25,604.25,63.380001068115234,1.0637166500091553
2023-09-18,471.5,591.25,62.38999938964844,1.0668259859085083
2023-09-19,476.25,584.0,61.7599983215332,1.0692671537399292
2023-09-20,482.25,588.75,60.68000030517578,1.0682048797607422
2023-09-21,475.25,575.75,59.650001525878906,1.065303087234497
2023-09-22,477.25,579.5,60.849998474121094,1.0661548376083374
2023-09-25,481.25,589.0,58.75,1.0648492574691772
2023-09-26,479.75,589.0,58.86000061035156,1.0591648817062378
2023-09-27,483.25,579.5,59.61000061035156,1.0569483041763306
2023-09-28,488.5,578.75,58.529998779296875,1.0505305528640747
2023-09-29,476.75,541.5,57.439998626708984,1.0562450885772705
2023-10-02,488.75,564.75,59.849998474121094,1.0565240383148193
2023-10-03,487.5,568.5,59.45000076293945,1.0480751991271973
2023-10-04,486.0,560.0,58.43000030517578,1.0472300052642822
2023-10-05,497.5,578.25,57.86000061035156,1.0507071018218994
2023-10-06,492.0,568.25,57.290000915527344,1.0546631813049316
2023-10-09,488.25,572.75,56.130001068115234,1.056747317314148
2023-10-10,485.5,558.5,53.9900016784668,1.0578875541687012
2023-10-11,488.0,556.0,53.52000045776367,1.0604791641235352
2023-10-12,496.0,571.5,54.470001220703125,1.0624282360076904
2023-10-13,493.25,579.75,55.349998474121094,1.0536741018295288
2023-10-16,490.0,577.25,55.900001525878906,1.0521553754806519
2023-10-17,489.0,570.5,55.349998474121094,1.0554312467575073
2023-10-18,492.0,580.25,54.86000061035156,1.057305932044983
2023-10-19,505.0,594.0,53.11000061035156,1.053851842880249
2023-10-20,495.5,586.0,53.38999938964844,1.0586491823196411
2023-10-23,490.25,587.25,51.939998626708984,1.0589966773986816
2023-10-24,484.0,580.5,51.31999969482422,1.0669853687286377
2023-10-25,480.0,568.5,52.599998474121094,1.059535264968872
2023-10-26,479.25,579.5,51.7400016784668,1.056725025177002
2023-10-27,480.75,575.5,52.27000045776367,1.0564459562301636
2023-10-30,478.25,566.0,52.38999938964844,1.0562450885772705
2023-10-31,478.75,556.25,51.41999816894531,1.061503529548645
2023-11-01,475.0,561.75,49.900001525878906,1.0579099655151367
2023-11-02,470.0,565.5,50.31999969482422,1.05870521068573
2023-11-03,477.25,572.5,49.36000061035156,1.0619093179702759
2023-11-06,477.25,575.75,50.79999923706055,1.0732147693634033
2023-11-07,468.5,570.25,49.4900016784668,1.0721560716629028
2023-11-08,476.0,592.25,49.95000076293945,1.0696102380752563
2023-11-09,468.0,580.75,50.45000076293945,1.0710422992706299
2023-11-10,464.0,575.25,51.20000076293945,1.0667576789855957
2023-11-13,477.25,579.0,51.540000915527344,1.069015622138977
2023-11-14,478.25,572.0,52.75,1.0701825618743896
2023-11-15,470.75,560.5,53.04999923706055,1.0878314971923828
2023-11-16,474.75,553.5,51.630001068115234,1.0854581594467163
2023-11-17,467.0,550.75,52.0099983215332,1.0853756666183472
2023-11-20,469.5,543.5,53.11000061035156,1.090702772140503
2023-11-21,470.0,555.0,54.189998626708984,1.0945948362350464
2023-11-22,468.75,555.75,53.599998474121094,1.0918222665786743
2023-11-23,,,,1.0890873670578003
2023-11-24,463.25,548.75,51.529998779296875,1.0906314849853516
2023-11-27,455.5,534.25,51.90999984741211,1.0940439701080322
2023-11-28,451.5,543.75,53.34000015258789,1.0958423614501953
2023-11-29,449.75,556.0,52.68000030517578,1.100594401359558
2023-11-30,461.75,570.25,52.290000915527344,1.0973695516586304
2023-12-01,464.5,577.0,51.380001068115234,1.0892059803009033
2023-12-04,460.25,595.75,51.189998626708984,1.088814616203308
2023-12-05,468.5,620.75,50.220001220703125,1.0837758779525757
2023-12-06,464.75,615.75,49.290000915527344,1.0793657302856445
2023-12-07,468.25,626.0,51.11000061035156,1.076669692993164
2023-12-08,465.75,615.0,50.150001525878906,1.079214334487915
2023-12-11,460.5,591.25,51.060001373291016,1.0765769481658936
2023-12-12,462.5,607.0,50.38999938964844,1.076658010482788
2023-12-13,456.75,585.25,49.81999969482422,1.0798670053482056
2023-12-14,456.75,594.0,49.279998779296875,1.0886130332946777
2023-12-15,483.0,629.25,49.9900016784668,1.0993602275848389
2023-12-18,477.0,617.0,50.63999938964844,1.0895264148712158
2023-12-19,472.75,622.75,50.72999954223633,1.092382788658142
2023-12-20,469.75,610.0,50.560001373291016,1.0981045961380005
2023-12-21,472.5,612.5,49.040000915527344,1.0945708751678467
2023-12-22,473.0,616.25,48.529998779296875,1.100618600845337
2023-12-25,,,,1.102657437324524
2023-12-26,480.25,636.25,47.90999984741211,1.1020255088806152
2023-12-27,476.5,623.0,48.2400016784668,1.1043012142181396
2023-12-28,474.25,631.5,47.4900016784668,1.110864281654358
2023-12-29,471.25,628.0,47.84000015258789,1.1068191528320312
2024-01-01,,,,1.1055831909179688
2024-01-02,463.75,606.75,47.790000915527344,1.1038745641708374
2024-01-03,465.25,600.25,48.099998474121094,1.0941756963729858
2024-01-04,466.5,613.5,47.880001068115234,1.0927767753601074
2024-01-05,460.75,616.0,47.16999816894531,1.0947387218475342
2024-01-08,455.0,596.25,47.439998626708984,1.0942236185073853
2024-01-09,459.25,610.0,48.119998931884766,1.095170259475708
2024-01-10,459.5,610.75,47.86000061035156,1.0932426452636719
2024-01-11,457.75,603.75,48.369998931884766,1.0975141525268555
2024-01-12,447.0,596.0,47.75,1.0981649160385132
2024-01-15,,,,1.0945708751678467
2024-01-16,443.5,582.0,47.25,1.0945708751678467
2024-01-17,442.25,582.5,47.70000076293945,1.087878942489624
2024-01-18,444.0,585.5,47.619998931884766,1.0885775089263916
2024-01-19,445.5,593.25,46.900001525878906,1.0879143476486206
2024-01-22,445.75,596.5,48.15999984741211,1.089229702949524
2024-01-23,446.5,596.5,48.209999084472656,1.088020920753479
2024-01-24,452.25,610.75,47.31999969482422,1.0857881307601929
2024-01-25,451.75,612.25,46.529998779296875,1.088174819946289
2024-01-26,446.25,600.25,46.93000030517578,1.0847046375274658
2024-01-29,440.25,593.5,45.54999923706055,1.0843517780303955
2024-01-30,447.75,605.5,46.0,1.0834470987319946
2024-01-31,448.25,595.25,46.02000045776367,1.08433997631073
2024-02-01,447.25,601.5,45.599998474121094,1.0803920030593872
2024-02-02,442.75,599.75,44.72999954223633,1.0874648094177246
2024-02-05,442.75,590.25,45.33000183105469,1.0780043601989746
2024-02-06,438.75,595.0,45.939998626708984,1.0741831064224243
2024-02-07,434.25,602.0,46.7599983215332,1.075719952583313
2024-02-08,433.25,588.5,47.939998626708984,1.077574610710144
2024-02-09,429.0,596.75,47.2599983215332,1.0777255296707153
2024-02-12,430.5,597.5,46.900001525878906,1.0798202753067017
2024-02-13,430.75,597.5,47.29999923706055,1.0772264003753662
2024-02-14,424.25,585.5,46.349998474121094,1.0708931684494019
2024-02-15,417.75,567.0,46.0,1.0732147693634033
2024-02-16,416.5,560.5,45.59000015258789,1.0773887634277344
2024-02-19,,,,1.0784927606582642
2024-02-20,418.75,582.75,45.40999984741211,1.0775396823883057
2024-02-21,411.0,583.25,44.83000183105469,1.0813149213790894
2024-02-22,406.0,583.25,44.209999084472656,1.0820403099060059
2024-02-23,399.75,573.5,44.02000045776367,1.0825674533843994
2024-02-26,407.0,577.25,44.400001525878906,1.0820051431655884
2024-02-27,408.25,586.0,44.90999984741211,1.0850930213928223
2024-02-28,413.25,571.0,44.65999984741211,1.084481120109558
2024-02-29,415.75,577.5,44.65999984741211,1.0838816165924072
2024-03-01,412.25,560.0,44.619998931884766,1.0804970264434814
2024-03-04,417.5,563.5,44.650001525878906,1.084269404411316
2024-03-05,413.5,545.75,44.5099983215332,1.0855170488357544
2024-03-06,418.0,521.25,44.779998779296875,1.0855995416641235
2024-03-07,426.0,520.75,45.83000183105469,1.089953899383545
2024-03-08,426.25,526.75,45.599998474121094,1.0950144529342651
2024-03-11,428.25,537.5,46.04999923706055,1.0942955017089844
2024-03-12,429.0,535.5,47.22999954223633,1.093135118484497
2024-03-13,426.5,532.25,47.9900016784668,1.0927767753601074
2024-03-14,422.5,519.5,47.939998626708984,1.0955302715301514
2024-03-15,436.75,528.5,49.41999816894531,1.0883406400680542
2024-03-18,436.0,542.75,48.70000076293945,1.0882576704025269
2024-03-19,439.5,552.5,48.13999938964844,1.087393879890442
2024-03-20,439.0,545.0,49.0,1.0863306522369385
2024-03-21,440.75,546.75,48.790000915527344,1.0937210321426392
2024-03-22,439.25,554.75,47.63999938964844,1.0862362384796143
2024-03-25,437.75,555.0,49.02000045776367,1.0807539224624634
2024-03-26,432.5,543.5,48.41999816894531,1.0838228464126587
2024-03-27,426.75,547.5,47.66999816894531,1.0832358598709106
2024-03-28,442.0,560.25,47.95000076293945,1.0813382863998413
2024-03-29,,,,1.0794472694396973
2024-04-01,435.5,557.0,48.2400016784668,1.0792726278305054
2024-04-02,426.5,545.25,48.599998474121094,1.0737217664718628
2024-04-03,431.75,556.0,48.849998474121094,1.076855182647705
2024-04-04,435.25,556.25,48.150001525878906,1.0838346481323242
2024-04-05,434.25,567.25,48.88999938964844,1.0837054252624512
2024-04-08,435.5,565.75,47.900001525878906,1.0830481052398682
2024-04-09,431.25,557.75,47.52000045776367,1.0863661766052246
2024-04-10,434.25,558.5,47.599998474121094,1.0859296321868896
2024-04-11,428.75,551.75,46.02000045776367,1.074171543121338
2024-04-12,435.5,556.0,45.88999938964844,1.0726851224899292
2024-04-15,431.5,551.75,45.470001220703125,1.0649627447128296
2024-04-16,431.0,549.75,44.90999984741211,1.0625749826431274
2024-04-17,430.25,537.0,45.0,1.0621461868286133
2024-04-18,426.75,536.75,44.119998931884766,1.0669398307800293
2024-04-19,433.5,550.25,44.380001068115234,1.0644185543060303
2024-04-22,439.75,570.25,45.040000915527344,1.065825343132019
2024-04-23,443.0,585.0,45.310001373291016,1.065405249595642
2024-04-24,437.75,594.5,44.65999984741211,1.0704345703125
2024-04-25,441.0,602.25,44.81999969482422,1.0699878931045532
2024-04-26,440.0,603.25,44.93000030517578,1.072961449623108
2024-04-29,439.25,590.25,43.689998626708984,1.0706866979599
2024-04-30,439.5,585.0,42.290000915527344,1.0715701580047607
2024-05-01,443.25,581.5,42.56999969482422,1.0666552782058716
2024-05-02,452.0,586.5,42.56999969482422,1.0721560716629028
2024-05-03,447.0,606.0,42.41999816894531,1.073306918144226
2024-05-06,457.0,632.25,43.16999816894531,1.0758124589920044
2024-05-07,453.75,624.75,43.849998474121094,1.0767507553100586
2024-05-08,445.5,616.0,43.150001525878906,1.0750491619110107
2024-05-09,442.75,619.75,42.0099983215332,1.0746910572052002
2024-05-10,455.75,645.75,43.810001373291016,1.078515887260437
2024-05-13,458.5,670.25,44.52000045776367,1.077040672302246
2024-05-14,453.75,657.0,42.68000030517578,1.079354166984558
2024-05-15,462.5,665.75,43.54999923706055,1.0814552307128906
2024-05-16,457.0,663.25,44.52000045776367,1.0889805555343628
2024-05-17,452.5,651.25,45.27000045776367,1.0867793560028076
2024-05-20,460.5,688.75,46.31999969482422,1.0875475406646729
2024-05-21,458.0,697.5,45.810001373291016,1.086082935333252
2024-05-22,461.25,693.0,45.880001068115234,1.0855170488357544
2024-05-23,464.0,698.0,45.189998626708984,1.0825204849243164
2024-05-24,464.75,697.25,44.95000076293945,1.0812681913375854
2024-05-27,,,,1.0847634077072144
2024-05-28,462.5,700.25,45.52000045776367,1.0861891508102417
2024-05-29,455.25,692.75,45.880001068115234,1.0851871967315674
2024-05-30,448.75,681.0,45.720001220703125,1.0801819562911987
2024-05-31,446.25,678.5,45.52000045776367,1.0835410356521606
2024-06-03,443.5,672.75,44.13999938964844,1.0853049755096436
2024-06-04,442.5,658.25,43.619998931884766,1.0907385349273682
2024-06-05,439.25,646.75,43.130001068115234,1.0881866216659546
2024-06-06,452.0,639.5,44.349998474121094,1.087453007698059
2024-06-07,448.75,627.5,43.630001068115234,1.0894432067871094
2024-06-10,451.75,607.5,43.65999984741211,1.0778882503509521
2024-06-11,449.5,626.5,43.66999816894531,1.0764262676239014
2024-06-12,454.25,617.0,43.790000915527344,1.0740330219268799
2024-06-13,458.5,620.0,43.86000061035156,1.0813149213790894
2024-06-14,450.0,612.75,43.68000030517578,1.0738831758499146
2024-06-17,443.75,591.5,43.72999954223633,1.0702168941497803
2024-06-18,450.0,582.0,44.29999923706055,1.0740677118301392
2024-06-19,,,,1.0742292404174805
2024-06-20,439.75,572.75,43.970001220703125,1.0751532316207886
2024-06-21,435.0,561.5,43.939998626708984,1.0706409215927124
2024-06-24,433.5,552.5,43.4900016784668,1.0687757730484009
2024-06-25,425.5,541.75,42.7599983215332,1.0732723474502563
2024-06-26,420.0,541.25,43.45000076293945,1.0709619522094727
2024-06-27,413.75,559.75,43.4900016784668,1.068010926246643
2024-06-28,397.25,553.5,43.77000045776367,1.0708472728729248
2024-07-01,398.25,569.25,45.83000183105469,1.0735257863998413
2024-07-02,402.0,561.5,46.93000030517578,1.0737102031707764
2024-07-03,403.5,554.5,48.599998474121094,1.0748412609100342
2024-07-04,,,,1.0793308019638062
2024-07-05,411.25,572.25,49.619998931884766,1.0810693502426147
2024-07-08,395.75,553.0,49.0,1.082602620124817
2024-07-09,400.25,554.25,46.86000061035156,1.0830950736999512
2024-07-10,403.25,543.5,46.2599983215332,1.0814785957336426
2024-07-11,406.75,554.25,47.11000061035156,1.083329677581787
2024-07-12,400.0,538.0,47.54999923706055,1.0872756242752075
2024-07-15,390.5,532.5,46.41999816894531,1.0885539054870605
2024-07-16,395.75,530.75,46.70000076293945,1.0901559591293335
2024-07-17,398.0,539.25,46.209999084472656,1.0902509689331055
2024-07-18,391.25,535.25,46.45000076293945,1.094020128250122
2024-07-19,390.5,542.75,46.560001373291016,1.0901559591293335
2024-07-22,400.25,548.0,47.0,1.0899182558059692
2024-07-23,402.5,542.75,46.65999984741211,1.0889805555343628
2024-07-24,403.75,547.0,46.02000045776367,1.0850694179534912
2024-07-25,406.0,537.75,45.810001373291016,1.0839520692825317
2024-07-26,394.5,523.5,43.65999984741211,1.0851283073425293
2024-07-29,396.25,531.0,42.84000015258789,1.0853756666183472
2024-07-30,388.75,524.0,42.75,1.081946611404419
2024-07-31,382.75,527.25,43.29999923706055,1.0816072225570679
2024-08-01,382.0,532.0,42.869998931884766,1.082391619682312
2024-08-02,386.5,539.0,41.709999084472656,1.0787602663040161
2024-08-05,390.75,539.5,41.040000915527344,1.0910836458206177
2024-08-06,388.75,543.25,40.869998931884766,1.0950982570648193
2024-08-07,383.25,538.25,42.25,1.0926215648651123
2024-08-08,379.25,537.5,42.36000061035156,1.0928125381469727
2024-08-09,376.75,542.5,42.7400016784668,1.0915720462799072
2024-08-12,383.25,536.75,41.61000061035156,1.091381311416626
2024-08-13,377.75,528.75,40.68000030517578,1.0936251878738403
2024-08-14,381.0,534.75,40.04999923706055,1.0996986627578735
2024-08-15,375.0,528.25,39.470001220703125,1.1013215780258179
2024-08-16,370.5,530.0,39.95000076293945,1.0972732305526733
2024-08-19,378.0,528.25,40.470001220703125,1.1024993658065796
2024-08-20,375.0,533.0,40.709999084472656,1.1086474657058716
2024-08-21,375.5,519.75,41.0,1.112792730331421
2024-08-22,371.5,511.0,40.439998626708984,1.115536093711853
2024-08-23,367.75,502.25,41.470001220703125,1.111716389656067
2024-08-26,362.0,498.0,41.70000076293945,1.1187934875488281
2024-08-27,367.25,508.25,41.150001525878906,1.1164700984954834
2024-08-28,365.25,514.25,41.79999923706055,1.117793083190918
2024-08-29,371.75,525.0,43.16999816894531,1.1124955415725708
2024-08-30,378.0,532.75,43.13999938964844,1.1080454587936401
2024-09-02,,,,1.1044842004776
2024-09-03,386.5,552.0,42.06999969482422,1.1067456007003784
2024-09-04,390.5,565.25,41.349998474121094,1.1048868894577026
2024-09-05,390.0,561.0,42.31999969482422,1.1080454587936401
2024-09-06,383.75,553.25,40.77000045776367,1.1111111640930176
2024-09-09,384.25,555.5,41.61000061035156,1.1087212562561035
2024-09-10,379.5,558.75,40.849998474121094,1.1037527322769165
2024-09-11,380.5,563.75,40.31999969482422,1.1020983457565308
2024-09-12,386.25,563.0,40.810001373291016,1.1010911464691162
2024-09-13,390.75,571.25,40.689998626708984,1.1077877283096313
2024-09-16,410.75,578.5,39.75,1.1088441610336304
2024-09-17,412.5,575.75,40.54999923706055,1.1129536628723145
2024-09-18,412.75,575.75,40.9900016784668,1.1123099327087402
2024-09-19,405.75,565.5,41.75,1.1114816665649414
2024-09-20,401.75,568.5,42.15999984741211,1.1161960363388062
2024-09-23,413.5,582.5,42.619998931884766,1.1160838603973389
2024-09-24,411.75,578.0,43.95000076293945,1.1111727952957153
2024-09-25,415.25,589.25,44.380001068115234,1.1191190481185913
2024-09-26,413.25,584.25,42.91999816894531,1.1131023168563843
2024-09-27,418.0,580.0,42.18000030517578,1.117717981338501
2024-09-30,424.75,584.0,43.5099983215332,1.1169815063476562
2024-10-01,429.0,599.0,42.90999984741211,1.113660216331482
2024-10-02,432.5,615.25,43.720001220703125,1.1063904762268066
2024-10-03,428.25,603.5,44.689998626708984,1.1048502922058105
2024-10-04,424.75,589.75,44.040000915527344,1.103557825088501
2024-10-07,426.0,592.5,44.560001373291016,1.0974539518356323
2024-10-08,420.75,594.75,43.369998931884766,1.0975743532180786
2024-10-09,421.0,599.0,43.2599983215332,1.0975743532180786
2024-10-10,418.5,603.75,43.869998931884766,1.0943313837051392
2024-10-11,415.75,599.0,43.439998626708984,1.0933860540390015
2024-10-14,408.25,585.25,42.15999984741211,1.0925379991531372
2024-10-15,401.25,579.5,42.45000076293945,1.0909169912338257
2024-10-16,404.75,585.0,41.68000030517578,1.0884116888046265
2024-10-17,406.75,589.5,42.59000015258789,1.0862481594085693
2024-10-18,404.75,572.75,41.81999969482422,1.0829542875289917
2024-10-21,409.5,572.25,42.38999938964844,1.0868619680404663
2024-10-22,416.5,576.0,43.689998626708984,1.0817828178405762
2024-10-23,419.0,578.5,43.38999938964844,1.079727053642273
2024-10-24,421.5,581.5,44.33000183105469,1.0780508518218994
2024-10-25,415.25,569.0,44.150001525878906,1.0824151039123535
2024-10-28,410.75,558.75,42.689998626708984,1.0796570777893066
2024-10-29,413.75,570.5,42.79999923706055,1.0816774368286133
2024-10-30,411.5,573.25,43.810001373291016,1.0820636749267578
2024-10-31,410.75,570.5,45.13999938964844,1.0859178304672241
2024-11-01,414.5,568.0,46.29999923706055,1.0886130332946777
2024-11-04,416.5,568.75,45.560001373291016,1.087453007698059
2024-11-05,418.5,572.5,44.9900016784668,1.0874056816101074
2024-11-06,426.25,573.25,46.34000015258789,1.093445897102356
2024-11-07,427.5,571.5,48.31999969482422,1.073306918144226
2024-11-08,431.0,572.5,48.77000045776367,1.0795172452926636
2024-11-11,430.0,565.5,48.13999938964844,1.0714898109436035
2024-11-12,428.5,552.25,46.22999954223633,1.066439151763916
2024-11-13,426.5,541.0,45.18000030517578,1.061672568321228
2024-11-14,419.0,530.25,44.439998626708984,1.0564124584197998
2024-11-15,424.0,536.5,45.349998474121094,1.0530084371566772
2024-11-18,429.25,547.25,45.52000045776367,1.0533745288848877
2024-11-19,427.25,549.75,44.84000015258789,1.059490442276001
2024-11-20,430.25,552.5,43.279998779296875,1.0607603788375854
2024-11-21,426.75,548.75,42.18000030517578,1.0546187162399292
2024-11-22,425.5,544.25,41.77000045776367,1.0469341278076172
2024-11-25,424.75,535.75,41.209999084472656,1.0479873418807983
2024-11-26,420.0,539.5,42.59000015258789,1.0444300174713135
2024-11-27,415.75,537.75,40.75,1.0491198301315308
2024-11-28,,,,1.0562450885772705
2024-11-29,423.0,532.25,41.61000061035156,1.0563008785247803
2024-12-02,424.5,537.5,41.27000045776367,1.0545074939727783
2024-12-03,423.25,536.75,41.95000076293945,1.0501223802566528
2024-12-04,422.0,538.0,41.22999954223633,1.0510826110839844
2024-12-05,426.5,546.75,42.119998931884766,1.051414132118225
2024-12-06,430.75,542.5,42.779998779296875,1.058559536933899
2024-12-09,434.0,541.25,42.630001068115234,1.0565463304519653
2024-12-10,440.5,542.0,42.560001373291016,1.0555204153060913
2024-12-11,438.0,543.5,42.2599983215332,1.0532968044281006
2024-12-12,431.75,538.75,42.470001220703125,1.0506850481033325
2024-12-13,430.0,526.5,42.279998779296875,1.0474056005477905
2024-12-16,445.0,550.0,41.720001220703125,1.051005244255066
2024-12-17,443.5,545.0,40.619998931884766,1.0517348051071167
2024-12-18,437.25,541.25,39.54999923706055,1.0495051145553589
2024-12-19,440.75,533.0,40.0099983215332,1.0350252389907837
2024-12-20,446.25,533.0,39.47999954223633,1.0364949703216553
2024-12-23,447.75,540.5,40.22999954223633,1.0433076620101929
2024-12-24,448.5,534.75,39.84000015258789,1.0405826568603516
2024-12-25,,,,1.0402579307556152
2024-12-26,453.75,541.0,39.470001220703125,1.0399551391601562
2024-12-27,454.0,546.5,39.52000045776367,1.0423181056976318
2024-12-30,452.25,548.25,39.720001220703125,1.0429377555847168
2024-12-31,458.5,551.5,39.779998779296875,1.040615200996399
2025-01-02,459.5,545.75,39.720001220703125,1.0351860523223877
2025-01-03,450.75,529.25,39.400001525878906,1.0268205404281616
2025-01-06,457.75,540.5,39.7599983215332,1.0305347442626953
2025-01-07,458.0,542.5,40.720001220703125,1.0386372804641724
2025-01-08,454.0,536.25,41.11000061035156,1.034554123878479
2025-01-09,456.0,534.0,42.279998779296875,1.0314701795578003
2025-01-10,470.5,530.75,45.04999923706055,1.0297601222991943
2025-01-13,476.5,545.0,45.470001220703125,1.0244431495666504
2025-01-14,474.5,546.25,45.72999954223633,1.0265253782272339
2025-01-15,478.75,547.0,46.27000045776367,1.0306835174560547
2025-01-16,474.5,537.5,45.029998779296875,1.0295268297195435
2025-01-17,484.25,538.75,45.689998626708984,1.0301949977874756
2025-01-20,,,,1.0277386903762817
2025-01-21,490.0,558.75,45.77000045776367,1.0420682430267334
2025-01-22,484.25,554.0,44.41999816894531,1.0405935049057007
2025-01-23,489.75,554.0,45.040000915527344,1.0410159826278687
2025-01-24,486.5,544.0,45.220001220703125,1.041601538658142
2025-01-27,482.0,535.5,45.0,1.0467586517333984
2025-01-28,485.25,545.25,45.130001068115234,1.0445064306259155
2025-01-29,497.0,562.5,44.970001220703125,1.0429050922393799
2025-01-30,490.25,566.5,44.97999954223633,1.0425245761871338
2025-01-31,482.0,559.5,46.11000061035156,1.0397279262542725
2025-02-03,488.75,566.75,46.5099983215332,1.024779200553894
2025-02-04,494.5,577.0,45.7599983215332,1.0327378511428833
2025-02-05,493.25,572.25,45.09000015258789,1.0372798442840576
2025-02-06,495.25,587.75,45.400001525878906,1.0400848388671875
2025-02-07,487.5,582.75,45.97999954223633,1.0385725498199463
2025-02-10,491.5,579.5,45.72999954223633,1.0311616659164429
2025-02-11,484.0,577.0,46.130001068115234,1.0301525592803955
2025-02-12,490.25,574.25,45.65999984741211,1.0364949703216553
2025-02-13,493.5,577.75,46.25,1.039198637008667
2025-02-14,496.25,600.0,46.06999969482422,1.0461673736572266
2025-02-17,,,,1.0489217042922974
2025-02-18,502.0,604.75,47.29999923706055,1.048536777496338
2025-02-19,497.5,592.0,46.29999923706055,1.044833779335022
2025-02-20,498.0,585.5,47.2599983215332,1.0421009063720703
2025-02-21,491.25,590.0,46.810001373291016,1.0500562191009521
2025-02-24,482.5,579.0,45.70000076293945,1.0474823713302612
2025-02-25,479.75,572.75,45.439998626708984,1.0461344718933105
2025-02-26,478.25,566.0,44.970001220703125,1.0524100065231323
2025-02-27,464.75,546.75,44.75,1.0488777160644531
2025-02-28,453.5,537.0,43.529998779296875,1.039511799812317
2025-03-03,440.25,532.0,42.900001525878906,1.0413846969604492
2025-03-04,436.0,518.5,42.27000045776367,1.0485037565231323
2025-03-05,440.25,530.75,42.439998626708984,1.062699317932129
2025-03-06,449.5,537.0,42.599998474121094,1.0794938802719116
2025-03-07,455.25,533.75,42.869998931884766,1.0787951946258545
2025-03-10,458.75,545.25,41.709999084472656,1.086059331893921
2025-03-11,456.5,541.0,41.43000030517578,1.0839403867721558
2025-03-12,448.75,538.75,41.18000030517578,1.0914170742034912
2025-03-13,453.5,547.25,40.779998779296875,1.0886249542236328
2025-03-14,445.5,545.75,41.0,1.085564136505127
2025-03-17,461.0,568.5,42.099998474121094,1.0881274938583374
2025-03-18,458.75,565.0,42.540000915527344,1.091917634010315
2025-03-19,462.0,563.5,42.36000061035156,1.093948245048523
2025-03-20,469.0,557.25,42.709999084472656,1.0911908149719238
2025-03-21,464.25,558.25,42.0099983215332,1.0856702327728271
2025-03-24,464.5,548.25,42.150001525878906,1.0835762023925781
2025-03-25,457.75,543.25,42.29999923706055,1.0803569555282593
2025-03-26,451.25,535.25,42.63999938964844,1.0787487030029297
2025-03-27,450.0,532.0,44.27000045776367,1.0742061138153076
2025-03-28,453.25,528.25,45.15999984741211,1.080100178718567
2025-03-31,457.25,537.0,44.88999938964844,1.082391619682312
2025-04-01,461.75,540.5,47.439998626708984,1.0818880796432495
2025-04-02,457.75,539.25,48.5,1.0795987844467163
2025-04-03,457.5,536.0,47.060001373291016,1.090869426727295
2025-04-04,460.25,529.0,45.84000015258789,1.1043744087219238
2025-04-07,464.5,536.5,45.150001525878906,1.098454475402832
2025-04-08,469.0,540.0,44.939998626708984,1.0915361642837524
2025-04-09,474.0,542.25,46.189998626708984,1.0980443954467773
2025-04-10,483.0,538.0,46.31999969482422,1.0952062606811523
2025-04-11,490.25,555.75,47.349998474121094,1.1257838010787964
2025-04-14,485.0,547.5,46.31999969482422,1.1343141794204712
2025-04-15,481.25,542.0,47.33000183105469,1.1339668035507202
2025-04-16,484.25,547.75,47.47999954223633,1.1292672157287598
2025-04-17,482.25,548.75,47.869998931884766,1.1396790742874146
2025-04-21,481.75,538.5,47.81999969482422,
2025-04-22,475.75,535.5,47.58000183105469,1.1512778997421265
2025-04-23,472.0,528.25,47.90999984741211,1.1351252794265747
2025-04-24,477.25,529.25,49.650001525878906,1.132733702659607
2025-04-25,478.75,530.0,49.279998779296875,1.1371906995773315
2025-04-28,475.5,515.5,49.90999984741211,1.1343141794204712
2025-04-29,460.5,505.75,48.849998474121094,1.1409143209457397
2025-04-30,467.25,513.0,48.58000183105469,1.1389262676239014
2025-05-01,464.25,515.25,49.36000061035156,1.1324899196624756
2025-05-02,461.25,526.5,49.08000183105469,1.1296498775482178
2025-05-05,446.5,514.25,48.369998931884766,1.1323232650756836
2025-05-06,447.5,519.0,47.97999954223633,1.1313369274139404
2025-05-07,441.0,518.0,46.95000076293945,1.1342755556106567
2025-05-08,439.0,513.0,48.029998779296875,1.1306205987930298
2025-05-09,441.5,505.5,48.150001525878906,1.122422695159912
2025-05-12,440.25,499.0,49.4900016784668,1.12296462059021
2025-05-13,436.0,501.5,51.099998474121094,1.1095577478408813
2025-05-14,438.5,508.75,51.619998931884766,1.1185556650161743
2025-05-15,448.5,532.75,49.31999969482422,1.1181930303573608
2025-05-16,443.5,525.0,48.93000030517578,1.1192693710327148
2025-05-19,447.5,529.0,49.439998626708984,1.1187559366226196
2025-05-20,454.5,546.0,49.5,1.1233429908752441
2025-05-21,461.0,549.25,49.83000183105469,1.1287955045700073
2025-05-22,463.0,544.5,49.11000061035156,1.133118748664856
2025-05-23,459.5,542.5,49.349998474121094,1.1281843185424805
2025-05-26,,,,1.1372811794281006
2025-05-27,459.5,528.5,49.56999969482422,1.1388484239578247
2025-05-28,451.0,530.25,48.93000030517578,1.1337097883224487
2025-05-29,447.0,534.0,48.38999938964844,1.123368263244629
2025-05-30,444.0,534.0,46.88999938964844,1.1378376483917236
2025-06-02,438.25,539.0,46.279998779296875,1.1353315114974976
2025-06-03,438.5,536.0,46.810001373291016,1.1453442573547363
2025-06-04,438.75,543.25,46.810001373291016,1.1384464502334595
2025-06-05,439.5,545.5,46.650001525878906,1.1422044038772583
2025-06-06,442.5,554.75,47.5,1.1453834772109985
2025-06-09,433.5,542.0,47.380001068115234,1.1407841444015503
2025-06-10,438.75,534.5,47.790000915527344,1.1428048610687256
2025-06-11,437.0,534.25,48.02000045776367,1.143746018409729
2025-06-12,438.5,526.5,47.61000061035156,1.1509333848953247
2025-06-13,444.5,543.75,50.61000061035156,1.1600254774093628
2025-06-16,434.75,536.5,55.11000061035156,1.1556684970855713
2025-06-17,431.5,549.0,54.790000915527344,1.1551345586776733
2025-06-18,433.5,574.25,54.77000045776367,1.1482638120651245
2025-06-19,,,,1.1477497816085815
2025-06-20,428.75,567.75,54.470001220703125,1.1512778997421265
2025-06-23,419.25,552.75,53.2400016784668,1.1500862836837769
2025-06-24,416.25,535.75,52.16999816894531,1.1599044799804688
2025-06-25,410.25,528.25,51.81999969482422,1.161224365234375
2025-06-26,409.5,521.0,52.52000045776367,1.1683744192123413
2025-06-27,417.5,524.75,52.45000076293945,1.1692214012145996
2025-06-30,420.5,528.75,52.5099983215332,1.1727453470230103
2025-07-01,420.0,537.25,53.7599983215332,1.178717017173767
2025-07-02,429.25,556.0,55.060001373291016,1.180553913116455
2025-07-03,431.5,547.75,54.70000076293945,1.18002450466156
2025-07-04,,,,1.1771491765975952
2025-07-07,418.0,539.75,54.06999969482422,1.178078293800354
2025-07-08,411.0,543.0,54.11000061035156,1.1736538410186768
2025-07-09,412.5,542.75,53.349998474121094,1.1724566221237183
2025-07-10,407.25,550.25,53.66999816894531,1.17311692237854
2025-07-11,403.0,540.75,54.40999984741211,1.1702749729156494
2025-07-14,412.75,534.0,54.40999984741211,1.1682106256484985
2025-07-15,401.25,538.0,54.560001373291016,1.1666297912597656
2025-07-16,405.25,541.25,54.81999969482422,1.1607391834259033
2025-07-17,402.0,533.5,56.220001220703125,1.1635754108428955
2025-07-18,408.5,546.25,55.81999969482422,1.161548137664795
2025-07-21,403.75,542.25,56.06999969482422,1.1630746126174927
2025-07-22,399.25,549.5,55.630001068115234,1.1694538593292236
2025-07-23,398.5,540.5,56.13999938964844,1.1739156246185303
2025-07-24,401.75,541.5,56.66999816894531,1.1774264574050903
2025-07-25,399.5,538.25,56.4900016784668,1.1756131649017334
2025-07-28,393.75,538.5,56.54999923706055,1.1756821870803833
2025-07-29,389.25,529.75,57.540000915527344,1.1596757173538208
2025-07-30,391.75,523.75,56.5,1.1550945043563843
2025-07-31,394.0,523.25,55.58000183105469,1.1429355144500732
2025-08-01,389.5,516.75,54.720001220703125,1.142374038696289
2025-08-04,387.0,516.75,54.5,1.158668041229248
2025-08-05,381.5,508.25,53.84000015258789,1.1584129333496094
2025-08-06,379.75,508.5,53.790000915527344,1.1579166650772095
2025-08-07,384.5,518.25,53.540000915527344,1.1663167476654053
2025-08-08,382.75,514.5,52.7599983215332,1.1676650047302246
2025-08-11,385.0,515.0,53.290000915527344,1.1647952795028687
2025-08-12,371.5,505.0,53.29999923706055,1.1618449687957764
2025-08-13,374.0,507.25,53.349998474121094,1.1677058935165405
2025-08-14,375.0,503.5,51.9900016784668,1.171289324760437
2025-08-15,383.75,506.5,53.18000030517578,1.1651345491409302
2025-08-18,383.0,502.75,53.27000045776367,1.1706587076187134
2025-08-19,379.5,498.5,51.68000030517578,1.1668338775634766
2025-08-20,380.0,505.5,51.20000076293945,1.164252758026123
2025-08-21,387.25,507.0,53.63999938964844,1.165175199508667
2025-08-22,388.25,504.75,54.84000015258789,1.16130530834198
2025-08-25,389.25,506.75,54.310001373291016,1.1709601879119873
2025-08-26,387.5,509.5,52.7599983215332,1.1618449687957764
2025-08-27,382.5,502.25,52.470001220703125,1.1639411449432373
2025-08-28,385.5,510.25,51.75,1.1647952795028687
2025-08-29,398.0,518.0,51.470001220703125,1.1681560277938843
2025-09-01,,,,1.1691803932189941
2025-09-02,403.0,513.0,51.970001220703125,1.1715912818908691
2025-09-03,397.75,504.0,51.15999984741211,1.163602590560913
2025-09-04,399.75,502.25,51.22999954223633,1.16604483127594
2025-09-05,399.0,501.0,50.560001373291016,1.1656913757324219
2025-09-08,403.0,505.5,50.72999954223633,1.1713168621063232
2025-09-09,401.25,500.75,49.70000076293945,1.1769136190414429
2025-09-10,397.25,495.0,50.220001220703125,1.1702749729156494
2025-09-11,399.0,503.0,50.81999969482422,1.1703435182571411
2025-09-12,399.0,503.0,51.380001068115234,1.1734747886657715
2025-09-15,423.25,525.0,51.7599983215332,1.1726491451263428
2025-09-16,429.5,534.0,52.689998626708984,1.1763737201690674
2025-09-17,426.75,528.25,51.2400016784668,1.1871408224105835
2025-09-18,423.75,524.25,50.56999969482422,1.1826341152191162
2025-09-19,424.0,522.5,50.029998779296875,1.1791062355041504
2025-09-22,421.75,510.75,49.16999816894531,1.1736950874328613
2025-09-23,426.25,520.5,49.349998474121094,1.1801080703735352
2025-09-24,424.25,519.5,49.290000915527344,1.1814465522766113
2025-09-25,425.75,527.0,49.7400016784668,1.1744670867919922
2025-09-26,422.0,519.75,49.599998474121094,1.166275978088379
2025-09-29,421.5,519.5,49.11000061035156,1.170823097229004
2025-09-30,415.5,508.0,48.869998931884766,1.1731443405151367
2025-10-01,416.5,509.25,49.75,1.1735849380493164
2025-10-02,421.75,514.75,49.81999969482422,1.1734058856964111
2025-10-03,419.0,515.25,49.43000030517578,1.1725116968154907
2025-10-06,421.75,512.75,49.790000915527344,1.171248197555542
2025-10-07,419.75,506.75,50.529998779296875,1.171028733253479
2025-10-08,422.0,507.25,50.970001220703125,1.1654603481292725
2025-10-09,418.25,506.5,50.380001068115234,1.1631964445114136
2025-10-10,413.0,498.5,49.400001525878906,1.156644344329834
2025-10-13,410.75,496.75,50.040000915527344,1.160240888595581
2025-10-14,413.0,500.25,49.91999816894531,1.1566845178604126
2025-10-15,416.75,498.75,50.79999923706055,1.1602274179458618
2025-10-16,421.75,502.5,50.869998931884766,1.1646324396133423
2025-10-17,422.5,503.75,51.130001068115234,1.1699601411819458
2025-10-20,423.25,504.75,51.310001373291016,1.165745735168457
2025-10-21,419.75,500.25,50.650001525878906,1.164442539215088
2025-10-22,423.0,503.75,50.06999969482422,1.160038948059082
2025-10-23,428.0,513.0,50.869998931884766,1.1608469486236572
2025-10-24,423.25,512.5,50.27000045776367,1.1618045568466187
2025-10-27,428.75,526.0,50.77000045776367,1.1631693840026855
2025-10-28,432.0,529.0,50.2599983215332,1.165175199508667
2025-10-29,434.0,532.25,50.15999984741211,1.1657865047454834
2025-10-30,430.25,524.25,49.650001525878906,1.1603351831436157
2025-10-31,431.5,534.0,48.68000030517578,1.157246708869934
2025-11-03,434.25,543.5,49.84000015258789,1.1528042554855347
2025-11-04,431.5,550.25,49.529998779296875,1.1519144773483276
2025-11-05,435.25,554.75,49.689998626708984,1.1485539674758911
2025-11-06,428.75,535.5,49.349998474121094,1.1496764421463013
2025-11-07,427.25,527.75,49.68000030517578,1.1549211740493774
2025-11-10,429.75,535.75,50.58000183105469,1.1543878316879272
2025-11-11,432.0,536.0,51.099998474121094,1.1557220220565796
2025-11-12,435.25,536.0,50.619998931884766,1.1587486267089844
2025-11-13,441.5,535.75,50.25,1.159218668937683
2025-11-14,430.25,527.25,50.150001525878906,1.1631964445114136
2025-11-17,434.75,544.25,51.13999938964844,1.1615345478057861
2025-11-18,436.75,546.5,52.16999816894531,1.159057378768921
2025-11-19,429.75,536.75,51.099998474121094,1.1581177711486816
2025-11-20,426.5,527.0,50.65999984741211,1.154068112373352
2025-11-21,425.5,527.0,50.2599983215332,1.1534557342529297
2025-11-24,423.75,522.25,50.18000030517578,1.1507612466812134
2025-11-25,423.5,527.25,50.29999923706055,1.1520073413848877
2025-11-26,431.75,529.0,50.869998931884766,1.156483769416809
2025-11-27,,,,1.1602139472961426
2025-11-28,435.5,531.0,51.7599983215332,1.1599851846694946
2025-12-01,432.75,530.25,52.060001373291016,1.1601465940475464
2025-12-02,438.0,537.75,52.349998474121094,1.1607661247253418
2025-12-03,431.5,537.75,51.349998474121094,1.1627906560897827
2025-12-04,437.75,541.0,51.529998779296875,1.1666841506958008
2025-12-05,436.75,537.5,51.36000061035156,1.1642799377441406
2025-12-08,436.25,536.0,50.900001525878906,1.164022445678711
2025-12-09,440.75,536.25,50.72999954223633,1.1641442775726318
2025-12-10,434.75,531.25,50.810001373291016,1.1628313064575195
2025-12-11,435.25,534.5,50.560001373291016,1.1701242923736572
2025-12-12,431.5,534.5,49.72999954223633,1.1739431619644165
2025-12-15,439.75,520.75,49.47999954223633,1.1737639904022217
2025-12-16,436.5,509.5,48.36000061035156,1.1754610538482666
2025-12-17,440.5,506.25,48.52000045776367,1.1749500036239624
2025-12-18,444.5,507.75,48.11000061035156,1.1742326021194458
2025-12-19,443.75,509.75,47.900001525878906,1.1725666522979736
2025-12-22,447.0,515.5,48.54999923706055,1.1708093881607056
2025-12-23,447.5,517.0,48.29999923706055,1.1765950918197632
2025-12-24,451.0,521.75,49.029998779296875,1.179551362991333
2025-12-26,450.0,519.0,48.720001220703125,1.1785364151000977
2025-12-29,442.25,513.0,48.779998779296875,1.1772738695144653
2025-12-30,440.5,510.75,48.93000030517578,1.1772878170013428
2025-12-31,440.25,507.0,48.06999969482422,1.1747292280197144
2026-01-02,437.5,506.5,48.869998931884766,1.175046682357788
2026-01-05,444.5,512.5,49.470001220703125,1.1704667806625366
2026-01-06,444.0,510.5,49.0,1.1714951992034912
2026-01-07,446.75,518.0,48.81999969482422,1.1688251495361328
2026-01-08,446.0,518.0,49.029998779296875,1.1676785945892334
2026-01-09,445.75,517.25,49.2599983215332,1.1657865047454834
2026-01-12,421.5,511.25,49.81999969482422,1.1623716354370117
2026-01-13,419.75,510.5,50.779998779296875,1.1666978597640991
2026-01-14,422.0,512.5,50.7599983215332,1.164252758026123
2026-01-15,420.25,510.5,52.970001220703125,1.1646324396133423
2026-01-16,424.75,518.0,52.61000061035156,1.1609008312225342
2026-01-19,,,,1.162493348121643
2026-01-20,423.75,510.25,52.560001373291016,1.1639139652252197
2026-01-21,421.75,507.75,54.0099983215332,1.1727865934371948
2026-01-22,424.0,515.5,53.779998779296875,1.1672970056533813
2026-01-23,430.5,529.5,53.9900016784668,1.1754610538482666
2026-01-26,428.25,522.5,53.88999938964844,1.1858457326889038
2026-01-27,426.5,523.25,54.40999984741211,1.1876484155654907
2026-01-28,430.0,536.0,54.310001373291016,1.2017642259597778
2026-01-29,430.75,541.5,54.029998779296875,1.1977769136428833
2026-01-30,428.25,538.0,53.5099983215332,1.19657301902771
2026-02-02,425.75,527.75,53.20000076293945,1.1849182844161987
2026-02-03,428.5,528.75,54.4900016784668,1.1798714399337769
2026-02-04,429.5,526.75,55.65999984741211,1.1816140413284302
2026-02-05,435.0,535.25,55.650001525878906,1.180163860321045
2026-02-06,430.25,529.75,55.33000183105469,1.177786946296692
2026-02-09,428.75,528.75,56.689998626708984,1.182578206062317
2026-02-10,428.75,528.25,57.27000045776367,1.1904053688049316
2026-02-11,427.5,537.25,57.04999923706055,1.1889617443084717
2026-02-12,431.25,552.5,57.540000915527344,1.1876062154769897
2026-02-13,431.75,548.75,57.08000183105469,1.1868449449539185
2026-02-16,,,,1.1867464780807495
2026-02-17,426.25,537.75,57.290000915527344,1.1849884986877441
2026-02-18,427.0,547.0,58.59000015258789,1.185185194015503
2026-02-19,425.75,559.5,59.68000030517578,1.1788839101791382
2026-02-20,427.5,573.5,58.91999816894531,1.1769136190414429
2026-02-23,427.5,569.5,59.38999938964844,1.1834739446640015
2026-02-24,427.75,567.5,60.029998779296875,1.1793843507766724
2026-02-25,430.5,565.75,60.2599983215332,1.1775233745574951
2026-02-26,433.25,571.75,61.290000915527344,1.181516408920288
2026-02-27,438.75,591.25,61.290000915527344,1.1803030967712402
2026-03-02,433.25,574.5,62.16999816894531,1.1759449243545532
2026-03-03,434.25,572.25,62.27000045776367,1.1697274446487427
2026-03-04,431.75,566.75,63.09000015258789,1.161224365234375
2026-03-05,441.5,582.75,65.31999969482422,1.1635618209838867
2026-03-06,447.0,611.25,66.20999908447266,1.1608065366744995
2026-03-09,437.5,598.0,65.75,1.152325987815857
2026-03-10,436.25,584.75,65.33000183105469,1.1617234945297241
2026-03-11,444.25,588.5,67.08000183105469,1.1611299514770508
2026-03-12,448.25,592.25,67.33999633789062,1.1543211936950684
2026-03-13,452.5,618.5,67.33999633789062,1.1521666049957275
2026-03-16,454.0,597.25,63.939998626708984,1.1435105800628662
2026-03-17,454.0,589.75,65.97000122070312,1.1499539613723755
2026-03-18,463.25,604.25,65.52999877929688,1.153948187828064
2026-03-19,469.75,608.0,65.41000366210938,1.1464471817016602
2026-03-20,465.5,595.25,65.51000213623047,1.157755732536316
2026-03-23,459.5,587.75,65.58000183105469,1.1560158729553223
2026-03-24,462.5,590.0,65.7300033569336,1.1607122421264648
2026-03-25,467.25,597.75,67.0999984741211,1.16146719455719
2026-03-26,467.0,605.0,68.0199966430664,1.1561496257781982
2026-03-27,462.0,605.0,67.41000366210938,1.1535090208053589
2026-03-30,455.75,607.0,68.47000122070312,1.149200677871704
2026-03-31,457.75,616.25,68.87999725341797,1.1460003852844238
2026-04-01,454.25,597.5,67.11000061035156,1.1574207544326782
2026-04-02,452.25,598.25,68.94000244140625,1.159057378768921
2026-04-03,,,,1.1541746854782104
2026-04-06,454.0,595.25,69.94999694824219,1.150999665260315
2026-04-07,449.0,598.0,69.72000122070312,1.1541212797164917
2026-04-08,447.25,580.25,67.41999816894531,1.1686612367630005
2026-04-09,444.0,574.5,67.69999694824219,1.16593599319458
2026-04-10,441.0,571.0,67.08999633789062,1.1691256761550903
2026-04-13,440.25,582.25,66.5,1.1675150394439697
2026-04-14,443.0,592.0,66.44000244140625,1.176885962486267
2026-04-15,451.25,593.75,67.5999984741211,1.179940938949585
2026-04-16,448.5,598.5,69.33000183105469,1.1809163093566895
2026-04-17,448.75,591.25,68.16000366210938,1.1782727241516113
2026-04-20,452.0,597.0,69.62999725341797,1.1741223335266113
2026-04-21,453.75,605.0,72.13999938964844,1.1784392595291138
2026-04-22,454.25,599.25,71.68000030517578,1.174425721168518
2026-04-23,455.5,610.75,71.66000366210938,1.1706037521362305
2026-04-24,455.0,608.25,71.91000366210938,1.16838800907135
2026-04-27,460.75,621.5,72.26000213623047,1.1706448793411255
2026-04-28,465.25,649.0,73.37999725341797,1.1723467111587524
2026-04-29,466.5,642.25,75.30999755859375,1.171783447265625
2026-04-30,464.75,623.75,76.36000061035156,1.168470025062561
2026-05-01,468.25,624.5,76.6500015258789,1.172910451889038
2026-05-04,473.75,629.5,78.0199966430664,1.1726628541946411
2026-05-05,465.5,616.5,78.4000015258789,1.1691941022872925
2026-05-06,452.75,606.0,76.51000213623047,1.1715774536132812
2026-05-07,452.75,601.75,75.08999633789062,1.1747430562973022
2026-05-08,456.25,607.5,75.26000213623047,1.1731581687927246
2026-05-11,460.75,622.25,74.68000030517578,1.176885962486267
2026-05-12,467.25,665.0,76.30000305175781,1.177994966506958
2026-05-13,466.5,665.0,75.26000213623047,1.1735436916351318
2026-05-14,451.5,647.0,74.81999969482422,1.1716049909591675
2026-05-15,455.75,635.75,73.87999725341797,1.166208028793335
2026-05-18,477.0,664.5,75.62999725341797,1.161440134048462
2026-05-19,475.25,667.25,75.44000244140625,1.1655147075653076
2026-05-20,465.75,660.5,74.66000366210938,1.1607122421264648
2026-05-21,462.25,647.5,73.87000274658203,1.1625338792800903
2026-05-22,463.25,646.25,73.9800033569336,1.1621150970458984
2026-05-25,,,,1.164225697517395
2026-05-26,457.5,635.5,74.36000061035156,1.1637378931045532
2026-05-27,452.5,622.5,75.26000213623047,1.1636837720870972
2026-05-28,455.75,624.0,76.69999694824219,1.1617909669876099
2026-05-29,446.75,610.5,77.72000122070312,1.1652837991714478
2026-06-01,444.0,608.75,79.08999633789062,1.164890170097351
2026-06-02,440.5,603.0,78.41000366210938,1.1635483503341675
2026-06-03,431.5,587.25,78.70999908447266,1.1622096300125122
2026-06-04,424.5,581.75,76.29000091552734,1.160941243171692
2026-06-05,417.5,580.0,74.12000274658203,1.1612648963928223
2026-06-08,418.75,583.25,74.55999755859375,1.1522595882415771
2026-06-09,419.5,585.25,74.91000366210938,1.1528440713882446
2026-06-10,419.0,587.5,75.33000183105469,1.1535356044769287
2026-06-11,411.75,586.75,74.44999694824219,1.1535621881484985
2026-06-12,412.75,584.5,74.27999877929688,1.157594919204712
2026-06-15,415.5,589.75,74.37000274658203,1.1603081226348877
2026-06-16,413.75,596.0,72.91999816894531,1.1594202518463135
2026-06-17,421.0,612.75,71.54000091552734,1.1609952449798584
2026-06-18,417.5,605.75,69.69000244140625,1.150734782218933
2026-06-19,,,,1.1458560228347778
2026-06-22,411.5,597.5,71.1500015258789,1.1462763547897339
2026-06-23,409.75,586.75,70.58999633789062,1.1427135467529297
2026-06-24,407.0,585.75,69.45999908447266,1.1379542350769043
2026-06-25,414.75,591.0,70.80999755859375,1.1354217529296875
2026-06-26,412.75,578.25,71.30000305175781,1.1361699104309082
2026-06-29,402.0,569.5,69.06999969482422,1.1385631561279297
2026-06-30,412.75,580.75,66.73999786376953,1.1422044038772583
2026-07-01,421.0,592.0,67.0199966430664,1.1413310766220093
2026-07-02,425.0,590.5,66.94999694824219,1.13779878616333
2026-07-03,,,,1.1422696113586426
2026-07-06,440.75,606.0,68.1500015258789,1.1437721252441406
2026-07-07,442.5,609.25,68.79000091552734,1.144177794456482
2026-07-08,434.75,599.5,71.38999938964844,1.140380859375
2026-07-09,427.75,611.25,70.44999694824219,1.1422044038772583
2026-07-10,438.0,632.0,70.86000061035156,1.1433405876159668
2026-07-13,437.75,627.0,73.04000091552734,1.1404459476470947
2026-07-14,433.75,631.25,73.04000091552734,1.1384334564208984
2026-07-15,447.5,677.5,72.91999816894531,1.1424654722213745
2026-07-16,441.5,674.75,72.43000030517578,1.1470258235931396
2026-07-17,444.75,682.75,74.80999755859375,1.1444659233093262
2026-07-20,449.5,674.0,74.68000030517578,1.142765760421753
2026-07-21,452.75,678.0,74.30000305175781,1.1418131589889526
2026-07-22,462.0,705.75,75.4800033569336,1.140380859375
2026-07-23,464.0,696.25,75.58999633789062,1.1411746740341187
2026-07-24,464.25,678.0,74.33000183105469,1.137682318687439
2026-07-27,451.75,660.0,71.45999908447266,1.1394972801208496
2026-07-28,458.5,662.5,70.76000213623047,1.1369450092315674
2026-07-29,449.0,660.75,69.16999816894531,1.1386538743972778
2026-07-30,445.75,663.5,68.3499984741211,1.1467232704162598
2026-07-31,440.75,639.25,67.12000274658203,1.1523525714874268
2026-08-03,449.25,651.0,68.69000244140625,1.154401183128357
2026-08-04,442.25,638.5,68.18000030517578,1.150734782218933
2026-08-05,436.75,642.25,67.75,1.153242826461792
2026-08-06,439.0,631.25,67.69999694824219,1.1557353734970093
2026-08-07,439.0,639.75,68.16000366210938,1.1524720191955566
2026-08-10,438.25,640.5,69.45999908447266,1.155641794204712
2026-08-11,436.75,630.25,68.44999694824219,1.1546411514282227
2026-08-12,457.0,652.75,68.95999908447266,1.1543744802474976
2026-08-13,448.0,652.75,68.66999816894531,1.1530035734176636
2026-08-14,459.0,674.75,69.05000305175781,1.1535356044769287
2026-08-17,465.0,674.75,71.44000244140625,1.1573940515518188
2026-08-18,463.25,664.5,69.69000244140625,1.1582788228988647
2026-08-19,473.0,680.25,69.86000061035156,1.1579434871673584
2026-08-20,478.75,682.75,71.18000030517578,1.1673787832260132
2026-08-21,483.75,681.5,69.3499984741211,1.1687841415405273
2026-08-24,491.5,681.75,67.12999725341797,1.1681560277938843
2026-08-25,500.5,685.5,67.5199966430664,1.1668338775634766
2026-08-26,514.0,730.5,67.22000122070312,1.1674741506576538
2026-08-27,510.25,742.75,68.0,1.1654876470565796
2026-08-28,512.0,767.0,70.58999633789062,1.1656370162963867
2026-08-31,515.0,756.5,70.5,1.1588962078094482
2026-09-01,521.5,764.0,72.37000274658203,1.1617640256881714
2026-09-02,518.75,754.75,70.5,1.1595547199249268
2026-09-03,515.25,736.0,69.5,1.1585336923599243
2026-09-04,512.0,716.0,68.77999877929688,1.1628313064575195
2026-09-07,,,,1.1613997220993042
2026-09-08,511.0,730.25,70.18000030517578,1.1627637147903442
2026-09-09,507.75,711.25,70.01000213623047,1.1627366542816162
2026-09-10,514.0,723.25,71.27999877929688,1.1633858680725098
2026-09-11,510.25,707.0,69.01000213623047,1.1609952449798584
2026-09-14,512.0,707.0,69.36000061035156,1.1593934297561646
2026-09-15,535.75,728.5,69.87999725341797,1.154854416847229
2026-09-16,534.25,730.75,69.19000244140625,1.153761863708496
2026-09-17,530.5,727.0,68.68000030517578,1.1469862461090088
2026-09-18,527.5,714.25,67.69999694824219,1.1476049423217773
2026-09-21,543.0,726.75,68.31999969482422,1.1479737758636475
2026-09-22,536.75,717.25,67.37000274658203,1.1464602947235107
2026-09-23,529.0,708.5,67.25,1.1447935104370117
2026-09-24,527.5,707.0,66.93000030517578,1.138187289237976
2026-09-25,528.25,703.25,67.26000213623047,1.1374752521514893
2026-09-28,522.25,687.5,67.62999725341797,1.137268304824829
